method,metric,latitude,orientation_bin,center_deg,error_band,band_label,count,bin_total,proportion,bottom,red,green,blue,alpha
F1 m=3 r=20%,surface_sensor_wmape,0,0,0,0,0–5%,130,290,0.44827586206896552,0,0.047981545559400242,0.49642445213379471,0.26182237600922725,1
F1 m=3 r=20%,surface_sensor_wmape,0,0,0,1,5–10%,29,290,0.10000000000000001,0.44827586206896552,0.5870049980776626,0.82299115724721261,0.40868896578239144,1
F1 m=3 r=20%,surface_sensor_wmape,0,0,0,2,10–15%,20,290,0.068965517241379309,0.5482758620689655,0.99707804690503654,0.99876970396001541,0.74502114571318723,1
F1 m=3 r=20%,surface_sensor_wmape,0,0,0,3,15–20%,13,290,0.044827586206896551,0.61724137931034484,0.9831603229527105,0.61737793156478282,0.35040369088811996,1
F1 m=3 r=20%,surface_sensor_wmape,0,0,0,4,≥20%,52,290,0.1793103448275862,0.66206896551724137,0.73933102652825844,0.088581314878892731,0.15086505190311419,1
F1 m=3 r=20%,surface_sensor_wmape,0,0,0,5,not lit,46,290,0.15862068965517243,0.8413793103448276,0.55000000000000004,0.55000000000000004,0.55000000000000004,1
F1 m=3 r=20%,surface_sensor_wmape,0,1,15,0,0–5%,334,637,0.52433281004709575,0,0.047981545559400242,0.49642445213379471,0.26182237600922725,1
F1 m=3 r=20%,surface_sensor_wmape,0,1,15,1,5–10%,61,637,0.095761381475667193,0.52433281004709575,0.5870049980776626,0.82299115724721261,0.40868896578239144,1
F1 m=3 r=20%,surface_sensor_wmape,0,1,15,2,10–15%,39,637,0.061224489795918366,0.62009419152276291,0.99707804690503654,0.99876970396001541,0.74502114571318723,1
F1 m=3 r=20%,surface_sensor_wmape,0,1,15,3,15–20%,28,637,0.043956043956043959,0.68131868131868123,0.9831603229527105,0.61737793156478282,0.35040369088811996,1
F1 m=3 r=20%,surface_sensor_wmape,0,1,15,4,≥20%,96,637,0.15070643642072212,0.72527472527472514,0.73933102652825844,0.088581314878892731,0.15086505190311419,1
F1 m=3 r=20%,surface_sensor_wmape,0,1,15,5,not lit,79,637,0.12401883830455258,0.87598116169544726,0.55000000000000004,0.55000000000000004,0.55000000000000004,1
F1 m=3 r=20%,surface_sensor_wmape,0,2,30,0,0–5%,731,1703,0.42924251321197887,0,0.047981545559400242,0.49642445213379471,0.26182237600922725,1
F1 m=3 r=20%,surface_sensor_wmape,0,2,30,1,5–10%,293,1703,0.17204932472108045,0.42924251321197887,0.5870049980776626,0.82299115724721261,0.40868896578239144,1
F1 m=3 r=20%,surface_sensor_wmape,0,2,30,2,10–15%,139,1703,0.081620669406928956,0.60129183793305929,0.99707804690503654,0.99876970396001541,0.74502114571318723,1
F1 m=3 r=20%,surface_sensor_wmape,0,2,30,3,15–20%,75,1703,0.044039929536112743,0.68291250733998821,0.9831603229527105,0.61737793156478282,0.35040369088811996,1
F1 m=3 r=20%,surface_sensor_wmape,0,2,30,4,≥20%,174,1703,0.10217263652378156,0.72695243687610089,0.73933102652825844,0.088581314878892731,0.15086505190311419,1
F1 m=3 r=20%,surface_sensor_wmape,0,2,30,5,not lit,291,1703,0.17087492660011744,0.82912507339988251,0.55000000000000004,0.55000000000000004,0.55000000000000004,1
F1 m=3 r=20%,surface_sensor_wmape,0,3,45,0,0–5%,89,187,0.47593582887700536,0,0.047981545559400242,0.49642445213379471,0.26182237600922725,1
F1 m=3 r=20%,surface_sensor_wmape,0,3,45,1,5–10%,29,187,0.15508021390374332,0.47593582887700536,0.5870049980776626,0.82299115724721261,0.40868896578239144,1
F1 m=3 r=20%,surface_sensor_wmape,0,3,45,2,10–15%,17,187,0.090909090909090912,0.63101604278074874,0.99707804690503654,0.99876970396001541,0.74502114571318723,1
F1 m=3 r=20%,surface_sensor_wmape,0,3,45,3,15–20%,4,187,0.021390374331550801,0.72192513368983968,0.9831603229527105,0.61737793156478282,0.35040369088811996,1
F1 m=3 r=20%,surface_sensor_wmape,0,3,45,4,≥20%,26,187,0.13903743315508021,0.74331550802139046,0.73933102652825844,0.088581314878892731,0.15086505190311419,1
F1 m=3 r=20%,surface_sensor_wmape,0,3,45,5,not lit,22,187,0.11764705882352941,0.88235294117647067,0.55000000000000004,0.55000000000000004,0.55000000000000004,1
F1 m=3 r=20%,surface_sensor_wmape,0,4,60,0,0–5%,214,412,0.51941747572815533,0,0.047981545559400242,0.49642445213379471,0.26182237600922725,1
F1 m=3 r=20%,surface_sensor_wmape,0,4,60,1,5–10%,42,412,0.10194174757281553,0.51941747572815533,0.5870049980776626,0.82299115724721261,0.40868896578239144,1
F1 m=3 r=20%,surface_sensor_wmape,0,4,60,2,10–15%,22,412,0.053398058252427182,0.62135922330097082,0.99707804690503654,0.99876970396001541,0.74502114571318723,1
F1 m=3 r=20%,surface_sensor_wmape,0,4,60,3,15–20%,19,412,0.046116504854368932,0.67475728155339798,0.9831603229527105,0.61737793156478282,0.35040369088811996,1
F1 m=3 r=20%,surface_sensor_wmape,0,4,60,4,≥20%,57,412,0.13834951456310679,0.72087378640776689,0.73933102652825844,0.088581314878892731,0.15086505190311419,1
F1 m=3 r=20%,surface_sensor_wmape,0,4,60,5,not lit,58,412,0.14077669902912621,0.85922330097087363,0.55000000000000004,0.55000000000000004,0.55000000000000004,1
F1 m=3 r=20%,surface_sensor_wmape,0,5,75,0,0–5%,423,826,0.51210653753026636,0,0.047981545559400242,0.49642445213379471,0.26182237600922725,1
F1 m=3 r=20%,surface_sensor_wmape,0,5,75,1,5–10%,96,826,0.11622276029055691,0.51210653753026636,0.5870049980776626,0.82299115724721261,0.40868896578239144,1
F1 m=3 r=20%,surface_sensor_wmape,0,5,75,2,10–15%,54,826,0.065375302663438259,0.62832929782082325,0.99707804690503654,0.99876970396001541,0.74502114571318723,1
F1 m=3 r=20%,surface_sensor_wmape,0,5,75,3,15–20%,31,826,0.037530266343825669,0.69370460048426152,0.9831603229527105,0.61737793156478282,0.35040369088811996,1
F1 m=3 r=20%,surface_sensor_wmape,0,5,75,4,≥20%,139,826,0.16828087167070219,0.73123486682808725,0.73933102652825844,0.088581314878892731,0.15086505190311419,1
F1 m=3 r=20%,surface_sensor_wmape,0,5,75,5,not lit,83,826,0.10048426150121065,0.89951573849878941,0.55000000000000004,0.55000000000000004,0.55000000000000004,1
F1 m=3 r=20%,surface_sensor_wmape,0,6,90,0,0–5%,96,286,0.33566433566433568,0,0.047981545559400242,0.49642445213379471,0.26182237600922725,1
F1 m=3 r=20%,surface_sensor_wmape,0,6,90,1,5–10%,46,286,0.16083916083916083,0.33566433566433568,0.5870049980776626,0.82299115724721261,0.40868896578239144,1
F1 m=3 r=20%,surface_sensor_wmape,0,6,90,2,10–15%,28,286,0.097902097902097904,0.49650349650349651,0.99707804690503654,0.99876970396001541,0.74502114571318723,1
F1 m=3 r=20%,surface_sensor_wmape,0,6,90,3,15–20%,17,286,0.05944055944055944,0.59440559440559437,0.9831603229527105,0.61737793156478282,0.35040369088811996,1
F1 m=3 r=20%,surface_sensor_wmape,0,6,90,4,≥20%,64,286,0.22377622377622378,0.65384615384615385,0.73933102652825844,0.088581314878892731,0.15086505190311419,1
F1 m=3 r=20%,surface_sensor_wmape,0,6,90,5,not lit,35,286,0.12237762237762238,0.8776223776223776,0.55000000000000004,0.55000000000000004,0.55000000000000004,1
F1 m=3 r=20%,surface_sensor_wmape,0,7,105,0,0–5%,234,611,0.38297872340425532,0,0.047981545559400242,0.49642445213379471,0.26182237600922725,1
F1 m=3 r=20%,surface_sensor_wmape,0,7,105,1,5–10%,81,611,0.132569558101473,0.38297872340425532,0.5870049980776626,0.82299115724721261,0.40868896578239144,1
F1 m=3 r=20%,surface_sensor_wmape,0,7,105,2,10–15%,44,611,0.072013093289689037,0.51554828150572829,0.99707804690503654,0.99876970396001541,0.74502114571318723,1
F1 m=3 r=20%,surface_sensor_wmape,0,7,105,3,15–20%,22,611,0.036006546644844518,0.58756137479541737,0.9831603229527105,0.61737793156478282,0.35040369088811996,1
F1 m=3 r=20%,surface_sensor_wmape,0,7,105,4,≥20%,105,611,0.1718494271685761,0.62356792144026185,0.73933102652825844,0.088581314878892731,0.15086505190311419,1
F1 m=3 r=20%,surface_sensor_wmape,0,7,105,5,not lit,125,611,0.20458265139116202,0.79541734860883795,0.55000000000000004,0.55000000000000004,0.55000000000000004,1
F1 m=3 r=20%,surface_sensor_wmape,0,8,120,0,0–5%,619,1778,0.34814398200224972,0,0.047981545559400242,0.49642445213379471,0.26182237600922725,1
F1 m=3 r=20%,surface_sensor_wmape,0,8,120,1,5–10%,233,1778,0.13104611923509563,0.34814398200224972,0.5870049980776626,0.82299115724721261,0.40868896578239144,1
F1 m=3 r=20%,surface_sensor_wmape,0,8,120,2,10–15%,133,1778,0.074803149606299218,0.47919010123734535,0.99707804690503654,0.99876970396001541,0.74502114571318723,1
F1 m=3 r=20%,surface_sensor_wmape,0,8,120,3,15–20%,67,1778,0.03768278965129359,0.55399325084364459,0.9831603229527105,0.61737793156478282,0.35040369088811996,1
F1 m=3 r=20%,surface_sensor_wmape,0,8,120,4,≥20%,225,1778,0.12654668166479191,0.59167604049493816,0.73933102652825844,0.088581314878892731,0.15086505190311419,1
F1 m=3 r=20%,surface_sensor_wmape,0,8,120,5,not lit,501,1778,0.28177727784026996,0.71822272215973004,0.55000000000000004,0.55000000000000004,0.55000000000000004,1
F1 m=3 r=20%,surface_sensor_wmape,0,9,135,0,0–5%,81,188,0.43085106382978722,0,0.047981545559400242,0.49642445213379471,0.26182237600922725,1
F1 m=3 r=20%,surface_sensor_wmape,0,9,135,1,5–10%,27,188,0.14361702127659576,0.43085106382978722,0.5870049980776626,0.82299115724721261,0.40868896578239144,1
F1 m=3 r=20%,surface_sensor_wmape,0,9,135,2,10–15%,12,188,0.063829787234042548,0.57446808510638303,0.99707804690503654,0.99876970396001541,0.74502114571318723,1
F1 m=3 r=20%,surface_sensor_wmape,0,9,135,3,15–20%,5,188,0.026595744680851064,0.63829787234042556,0.9831603229527105,0.61737793156478282,0.35040369088811996,1
F1 m=3 r=20%,surface_sensor_wmape,0,9,135,4,≥20%,26,188,0.13829787234042554,0.66489361702127658,0.73933102652825844,0.088581314878892731,0.15086505190311419,1
F1 m=3 r=20%,surface_sensor_wmape,0,9,135,5,not lit,37,188,0.19680851063829788,0.80319148936170215,0.55000000000000004,0.55000000000000004,0.55000000000000004,1
F1 m=3 r=20%,surface_sensor_wmape,0,10,150,0,0–5%,179,456,0.39254385964912281,0,0.047981545559400242,0.49642445213379471,0.26182237600922725,1
F1 m=3 r=20%,surface_sensor_wmape,0,10,150,1,5–10%,60,456,0.13157894736842105,0.39254385964912281,0.5870049980776626,0.82299115724721261,0.40868896578239144,1
F1 m=3 r=20%,surface_sensor_wmape,0,10,150,2,10–15%,37,456,0.081140350877192985,0.52412280701754388,0.99707804690503654,0.99876970396001541,0.74502114571318723,1
F1 m=3 r=20%,surface_sensor_wmape,0,10,150,3,15–20%,16,456,0.035087719298245612,0.60526315789473684,0.9831603229527105,0.61737793156478282,0.35040369088811996,1
F1 m=3 r=20%,surface_sensor_wmape,0,10,150,4,≥20%,72,456,0.15789473684210525,0.64035087719298245,0.73933102652825844,0.088581314878892731,0.15086505190311419,1
F1 m=3 r=20%,surface_sensor_wmape,0,10,150,5,not lit,92,456,0.20175438596491227,0.79824561403508776,0.55000000000000004,0.55000000000000004,0.55000000000000004,1
F1 m=3 r=20%,surface_sensor_wmape,0,11,165,0,0–5%,373,907,0.41124586549062847,0,0.047981545559400242,0.49642445213379471,0.26182237600922725,1
F1 m=3 r=20%,surface_sensor_wmape,0,11,165,1,5–10%,119,907,0.13120176405733186,0.41124586549062847,0.5870049980776626,0.82299115724721261,0.40868896578239144,1
F1 m=3 r=20%,surface_sensor_wmape,0,11,165,2,10–15%,42,907,0.046306504961411248,0.54244762954796033,0.99707804690503654,0.99876970396001541,0.74502114571318723,1
F1 m=3 r=20%,surface_sensor_wmape,0,11,165,3,15–20%,26,907,0.028665931642778392,0.58875413450937153,0.9831603229527105,0.61737793156478282,0.35040369088811996,1
F1 m=3 r=20%,surface_sensor_wmape,0,11,165,4,≥20%,146,907,0.16097023153252479,0.61742006615214995,0.73933102652825844,0.088581314878892731,0.15086505190311419,1
F1 m=3 r=20%,surface_sensor_wmape,0,11,165,5,not lit,201,907,0.22160970231532526,0.77839029768467471,0.55000000000000004,0.55000000000000004,0.55000000000000004,1
F1 m=3 r=20%,surface_sensor_wmape,0,12,180,0,0–5%,78,276,0.28260869565217389,0,0.047981545559400242,0.49642445213379471,0.26182237600922725,1
F1 m=3 r=20%,surface_sensor_wmape,0,12,180,1,5–10%,23,276,0.083333333333333329,0.28260869565217389,0.5870049980776626,0.82299115724721261,0.40868896578239144,1
F1 m=3 r=20%,surface_sensor_wmape,0,12,180,2,10–15%,28,276,0.10144927536231885,0.36594202898550721,0.99707804690503654,0.99876970396001541,0.74502114571318723,1
F1 m=3 r=20%,surface_sensor_wmape,0,12,180,3,15–20%,11,276,0.039855072463768113,0.46739130434782605,0.9831603229527105,0.61737793156478282,0.35040369088811996,1
F1 m=3 r=20%,surface_sensor_wmape,0,12,180,4,≥20%,84,276,0.30434782608695654,0.50724637681159412,0.73933102652825844,0.088581314878892731,0.15086505190311419,1
F1 m=3 r=20%,surface_sensor_wmape,0,12,180,5,not lit,52,276,0.18840579710144928,0.81159420289855067,0.55000000000000004,0.55000000000000004,0.55000000000000004,1
F1 m=3 r=20%,surface_sensor_wmape,0,13,195,0,0–5%,299,610,0.49016393442622952,0,0.047981545559400242,0.49642445213379471,0.26182237600922725,1
F1 m=3 r=20%,surface_sensor_wmape,0,13,195,1,5–10%,71,610,0.11639344262295082,0.49016393442622952,0.5870049980776626,0.82299115724721261,0.40868896578239144,1
F1 m=3 r=20%,surface_sensor_wmape,0,13,195,2,10–15%,27,610,0.044262295081967211,0.60655737704918034,0.99707804690503654,0.99876970396001541,0.74502114571318723,1
F1 m=3 r=20%,surface_sensor_wmape,0,13,195,3,15–20%,15,610,0.024590163934426229,0.65081967213114755,0.9831603229527105,0.61737793156478282,0.35040369088811996,1
F1 m=3 r=20%,surface_sensor_wmape,0,13,195,4,≥20%,94,610,0.1540983606557377,0.67540983606557381,0.73933102652825844,0.088581314878892731,0.15086505190311419,1
F1 m=3 r=20%,surface_sensor_wmape,0,13,195,5,not lit,104,610,0.17049180327868851,0.82950819672131149,0.55000000000000004,0.55000000000000004,0.55000000000000004,1
F1 m=3 r=20%,surface_sensor_wmape,0,14,210,0,0–5%,696,1679,0.41453245979749853,0,0.047981545559400242,0.49642445213379471,0.26182237600922725,1
F1 m=3 r=20%,surface_sensor_wmape,0,14,210,1,5–10%,310,1679,0.18463371054198927,0.41453245979749853,0.5870049980776626,0.82299115724721261,0.40868896578239144,1
F1 m=3 r=20%,surface_sensor_wmape,0,14,210,2,10–15%,141,1679,0.083978558665872546,0.59916617033948782,0.99707804690503654,0.99876970396001541,0.74502114571318723,1
F1 m=3 r=20%,surface_sensor_wmape,0,14,210,3,15–20%,64,1679,0.038117927337701016,0.68314472900536038,0.9831603229527105,0.61737793156478282,0.35040369088811996,1
F1 m=3 r=20%,surface_sensor_wmape,0,14,210,4,≥20%,182,1679,0.10839785586658725,0.72126265634306141,0.73933102652825844,0.088581314878892731,0.15086505190311419,1
F1 m=3 r=20%,surface_sensor_wmape,0,14,210,5,not lit,286,1679,0.17033948779035141,0.82966051220964865,0.55000000000000004,0.55000000000000004,0.55000000000000004,1
F1 m=3 r=20%,surface_sensor_wmape,0,15,225,0,0–5%,77,197,0.39086294416243655,0,0.047981545559400242,0.49642445213379471,0.26182237600922725,1
F1 m=3 r=20%,surface_sensor_wmape,0,15,225,1,5–10%,31,197,0.15736040609137056,0.39086294416243655,0.5870049980776626,0.82299115724721261,0.40868896578239144,1
F1 m=3 r=20%,surface_sensor_wmape,0,15,225,2,10–15%,16,197,0.081218274111675121,0.54822335025380708,0.99707804690503654,0.99876970396001541,0.74502114571318723,1
F1 m=3 r=20%,surface_sensor_wmape,0,15,225,3,15–20%,19,197,0.096446700507614211,0.62944162436548223,0.9831603229527105,0.61737793156478282,0.35040369088811996,1
F1 m=3 r=20%,surface_sensor_wmape,0,15,225,4,≥20%,36,197,0.18274111675126903,0.7258883248730964,0.73933102652825844,0.088581314878892731,0.15086505190311419,1
F1 m=3 r=20%,surface_sensor_wmape,0,15,225,5,not lit,18,197,0.091370558375634514,0.90862944162436543,0.55000000000000004,0.55000000000000004,0.55000000000000004,1
F1 m=3 r=20%,surface_sensor_wmape,0,16,240,0,0–5%,182,407,0.44717444717444715,0,0.047981545559400242,0.49642445213379471,0.26182237600922725,1
F1 m=3 r=20%,surface_sensor_wmape,0,16,240,1,5–10%,53,407,0.13022113022113022,0.44717444717444715,0.5870049980776626,0.82299115724721261,0.40868896578239144,1
F1 m=3 r=20%,surface_sensor_wmape,0,16,240,2,10–15%,26,407,0.063882063882063883,0.57739557739557734,0.99707804690503654,0.99876970396001541,0.74502114571318723,1
F1 m=3 r=20%,surface_sensor_wmape,0,16,240,3,15–20%,27,407,0.066339066339066333,0.6412776412776412,0.9831603229527105,0.61737793156478282,0.35040369088811996,1
F1 m=3 r=20%,surface_sensor_wmape,0,16,240,4,≥20%,76,407,0.18673218673218672,0.70761670761670747,0.73933102652825844,0.088581314878892731,0.15086505190311419,1
F1 m=3 r=20%,surface_sensor_wmape,0,16,240,5,not lit,43,407,0.10565110565110565,0.8943488943488942,0.55000000000000004,0.55000000000000004,0.55000000000000004,1
F1 m=3 r=20%,surface_sensor_wmape,0,17,255,0,0–5%,373,815,0.45766871165644174,0,0.047981545559400242,0.49642445213379471,0.26182237600922725,1
F1 m=3 r=20%,surface_sensor_wmape,0,17,255,1,5–10%,123,815,0.150920245398773,0.45766871165644174,0.5870049980776626,0.82299115724721261,0.40868896578239144,1
F1 m=3 r=20%,surface_sensor_wmape,0,17,255,2,10–15%,56,815,0.068711656441717797,0.60858895705521476,0.99707804690503654,0.99876970396001541,0.74502114571318723,1
F1 m=3 r=20%,surface_sensor_wmape,0,17,255,3,15–20%,26,815,0.031901840490797549,0.6773006134969326,0.9831603229527105,0.61737793156478282,0.35040369088811996,1
F1 m=3 r=20%,surface_sensor_wmape,0,17,255,4,≥20%,150,815,0.18404907975460122,0.70920245398773019,0.73933102652825844,0.088581314878892731,0.15086505190311419,1
F1 m=3 r=20%,surface_sensor_wmape,0,17,255,5,not lit,87,815,0.10674846625766871,0.89325153374233146,0.55000000000000004,0.55000000000000004,0.55000000000000004,1
F1 m=3 r=20%,surface_sensor_wmape,0,18,270,0,0–5%,78,265,0.29433962264150942,0,0.047981545559400242,0.49642445213379471,0.26182237600922725,1
F1 m=3 r=20%,surface_sensor_wmape,0,18,270,1,5–10%,49,265,0.18490566037735848,0.29433962264150942,0.5870049980776626,0.82299115724721261,0.40868896578239144,1
F1 m=3 r=20%,surface_sensor_wmape,0,18,270,2,10–15%,19,265,0.071698113207547168,0.47924528301886793,0.99707804690503654,0.99876970396001541,0.74502114571318723,1
F1 m=3 r=20%,surface_sensor_wmape,0,18,270,3,15–20%,17,265,0.064150943396226415,0.55094339622641508,0.9831603229527105,0.61737793156478282,0.35040369088811996,1
F1 m=3 r=20%,surface_sensor_wmape,0,18,270,4,≥20%,69,265,0.26037735849056604,0.61509433962264148,0.73933102652825844,0.088581314878892731,0.15086505190311419,1
F1 m=3 r=20%,surface_sensor_wmape,0,18,270,5,not lit,33,265,0.12452830188679245,0.87547169811320757,0.55000000000000004,0.55000000000000004,0.55000000000000004,1
F1 m=3 r=20%,surface_sensor_wmape,0,19,285,0,0–5%,263,609,0.43185550082101809,0,0.047981545559400242,0.49642445213379471,0.26182237600922725,1
F1 m=3 r=20%,surface_sensor_wmape,0,19,285,1,5–10%,97,609,0.15927750410509031,0.43185550082101809,0.5870049980776626,0.82299115724721261,0.40868896578239144,1
F1 m=3 r=20%,surface_sensor_wmape,0,19,285,2,10–15%,36,609,0.059113300492610835,0.59113300492610843,0.99707804690503654,0.99876970396001541,0.74502114571318723,1
F1 m=3 r=20%,surface_sensor_wmape,0,19,285,3,15–20%,23,609,0.037766830870279149,0.65024630541871931,0.9831603229527105,0.61737793156478282,0.35040369088811996,1
F1 m=3 r=20%,surface_sensor_wmape,0,19,285,4,≥20%,92,609,0.15106732348111659,0.68801313628899841,0.73933102652825844,0.088581314878892731,0.15086505190311419,1
F1 m=3 r=20%,surface_sensor_wmape,0,19,285,5,not lit,98,609,0.16091954022988506,0.83908045977011503,0.55000000000000004,0.55000000000000004,0.55000000000000004,1
F1 m=3 r=20%,surface_sensor_wmape,0,20,300,0,0–5%,650,1781,0.36496350364963503,0,0.047981545559400242,0.49642445213379471,0.26182237600922725,1
F1 m=3 r=20%,surface_sensor_wmape,0,20,300,1,5–10%,240,1781,0.13475575519371139,0.36496350364963503,0.5870049980776626,0.82299115724721261,0.40868896578239144,1
F1 m=3 r=20%,surface_sensor_wmape,0,20,300,2,10–15%,134,1781,0.075238629983155531,0.49971925884334645,0.99707804690503654,0.99876970396001541,0.74502114571318723,1
F1 m=3 r=20%,surface_sensor_wmape,0,20,300,3,15–20%,67,1781,0.037619314991577765,0.57495788882650201,0.9831603229527105,0.61737793156478282,0.35040369088811996,1
F1 m=3 r=20%,surface_sensor_wmape,0,20,300,4,≥20%,205,1781,0.11510387422796182,0.61257720381807979,0.73933102652825844,0.088581314878892731,0.15086505190311419,1
F1 m=3 r=20%,surface_sensor_wmape,0,20,300,5,not lit,485,1781,0.27231892195395846,0.72768107804604165,0.55000000000000004,0.55000000000000004,0.55000000000000004,1
F1 m=3 r=20%,surface_sensor_wmape,0,21,315,0,0–5%,62,190,0.32631578947368423,0,0.047981545559400242,0.49642445213379471,0.26182237600922725,1
F1 m=3 r=20%,surface_sensor_wmape,0,21,315,1,5–10%,43,190,0.22631578947368422,0.32631578947368423,0.5870049980776626,0.82299115724721261,0.40868896578239144,1
F1 m=3 r=20%,surface_sensor_wmape,0,21,315,2,10–15%,18,190,0.094736842105263161,0.55263157894736847,0.99707804690503654,0.99876970396001541,0.74502114571318723,1
F1 m=3 r=20%,surface_sensor_wmape,0,21,315,3,15–20%,19,190,0.10000000000000001,0.64736842105263159,0.9831603229527105,0.61737793156478282,0.35040369088811996,1
F1 m=3 r=20%,surface_sensor_wmape,0,21,315,4,≥20%,23,190,0.12105263157894737,0.74736842105263157,0.73933102652825844,0.088581314878892731,0.15086505190311419,1
F1 m=3 r=20%,surface_sensor_wmape,0,21,315,5,not lit,25,190,0.13157894736842105,0.86842105263157898,0.55000000000000004,0.55000000000000004,0.55000000000000004,1
F1 m=3 r=20%,surface_sensor_wmape,0,22,330,0,0–5%,173,442,0.39140271493212669,0,0.047981545559400242,0.49642445213379471,0.26182237600922725,1
F1 m=3 r=20%,surface_sensor_wmape,0,22,330,1,5–10%,54,442,0.12217194570135746,0.39140271493212669,0.5870049980776626,0.82299115724721261,0.40868896578239144,1
F1 m=3 r=20%,surface_sensor_wmape,0,22,330,2,10–15%,30,442,0.067873303167420809,0.51357466063348411,0.99707804690503654,0.99876970396001541,0.74502114571318723,1
F1 m=3 r=20%,surface_sensor_wmape,0,22,330,3,15–20%,16,442,0.036199095022624438,0.58144796380090491,0.9831603229527105,0.61737793156478282,0.35040369088811996,1
F1 m=3 r=20%,surface_sensor_wmape,0,22,330,4,≥20%,77,442,0.17420814479638008,0.61764705882352933,0.73933102652825844,0.088581314878892731,0.15086505190311419,1
F1 m=3 r=20%,surface_sensor_wmape,0,22,330,5,not lit,92,442,0.20814479638009051,0.79185520361990935,0.55000000000000004,0.55000000000000004,0.55000000000000004,1
F1 m=3 r=20%,surface_sensor_wmape,0,23,345,0,0–5%,389,924,0.42099567099567098,0,0.047981545559400242,0.49642445213379471,0.26182237600922725,1
F1 m=3 r=20%,surface_sensor_wmape,0,23,345,1,5–10%,121,924,0.13095238095238096,0.42099567099567098,0.5870049980776626,0.82299115724721261,0.40868896578239144,1
F1 m=3 r=20%,surface_sensor_wmape,0,23,345,2,10–15%,46,924,0.049783549783549784,0.55194805194805197,0.99707804690503654,0.99876970396001541,0.74502114571318723,1
F1 m=3 r=20%,surface_sensor_wmape,0,23,345,3,15–20%,28,924,0.030303030303030304,0.60173160173160178,0.9831603229527105,0.61737793156478282,0.35040369088811996,1
F1 m=3 r=20%,surface_sensor_wmape,0,23,345,4,≥20%,138,924,0.14935064935064934,0.63203463203463206,0.73933102652825844,0.088581314878892731,0.15086505190311419,1
F1 m=3 r=20%,surface_sensor_wmape,0,23,345,5,not lit,202,924,0.21861471861471862,0.7813852813852814,0.55000000000000004,0.55000000000000004,0.55000000000000004,1
F1 m=3 r=20%,surface_sensor_wmape,15,0,0,0,0–5%,114,290,0.39310344827586208,0,0.047981545559400242,0.49642445213379471,0.26182237600922725,1
F1 m=3 r=20%,surface_sensor_wmape,15,0,0,1,5–10%,39,290,0.13448275862068965,0.39310344827586208,0.5870049980776626,0.82299115724721261,0.40868896578239144,1
F1 m=3 r=20%,surface_sensor_wmape,15,0,0,2,10–15%,16,290,0.055172413793103448,0.52758620689655178,0.99707804690503654,0.99876970396001541,0.74502114571318723,1
F1 m=3 r=20%,surface_sensor_wmape,15,0,0,3,15–20%,20,290,0.068965517241379309,0.58275862068965523,0.9831603229527105,0.61737793156478282,0.35040369088811996,1
F1 m=3 r=20%,surface_sensor_wmape,15,0,0,4,≥20%,54,290,0.18620689655172415,0.65172413793103456,0.73933102652825844,0.088581314878892731,0.15086505190311419,1
F1 m=3 r=20%,surface_sensor_wmape,15,0,0,5,not lit,47,290,0.16206896551724137,0.83793103448275874,0.55000000000000004,0.55000000000000004,0.55000000000000004,1
F1 m=3 r=20%,surface_sensor_wmape,15,1,15,0,0–5%,285,637,0.44740973312401883,0,0.047981545559400242,0.49642445213379471,0.26182237600922725,1
F1 m=3 r=20%,surface_sensor_wmape,15,1,15,1,5–10%,99,637,0.15541601255886969,0.44740973312401883,0.5870049980776626,0.82299115724721261,0.40868896578239144,1
F1 m=3 r=20%,surface_sensor_wmape,15,1,15,2,10–15%,50,637,0.078492935635792779,0.60282574568288849,0.99707804690503654,0.99876970396001541,0.74502114571318723,1
F1 m=3 r=20%,surface_sensor_wmape,15,1,15,3,15–20%,28,637,0.043956043956043959,0.68131868131868123,0.9831603229527105,0.61737793156478282,0.35040369088811996,1
F1 m=3 r=20%,surface_sensor_wmape,15,1,15,4,≥20%,91,637,0.14285714285714285,0.72527472527472514,0.73933102652825844,0.088581314878892731,0.15086505190311419,1
F1 m=3 r=20%,surface_sensor_wmape,15,1,15,5,not lit,84,637,0.13186813186813187,0.86813186813186793,0.55000000000000004,0.55000000000000004,0.55000000000000004,1
F1 m=3 r=20%,surface_sensor_wmape,15,2,30,0,0–5%,595,1703,0.34938344098649443,0,0.047981545559400242,0.49642445213379471,0.26182237600922725,1
F1 m=3 r=20%,surface_sensor_wmape,15,2,30,1,5–10%,320,1703,0.18790369935408102,0.34938344098649443,0.5870049980776626,0.82299115724721261,0.40868896578239144,1
F1 m=3 r=20%,surface_sensor_wmape,15,2,30,2,10–15%,189,1703,0.11098062243100411,0.53728714034057545,0.99707804690503654,0.99876970396001541,0.74502114571318723,1
F1 m=3 r=20%,surface_sensor_wmape,15,2,30,3,15–20%,93,1703,0.054609512624779803,0.6482677627715796,0.9831603229527105,0.61737793156478282,0.35040369088811996,1
F1 m=3 r=20%,surface_sensor_wmape,15,2,30,4,≥20%,215,1703,0.1262477980035232,0.70287727539635936,0.73933102652825844,0.088581314878892731,0.15086505190311419,1
F1 m=3 r=20%,surface_sensor_wmape,15,2,30,5,not lit,291,1703,0.17087492660011744,0.82912507339988251,0.55000000000000004,0.55000000000000004,0.55000000000000004,1
F1 m=3 r=20%,surface_sensor_wmape,15,3,45,0,0–5%,69,187,0.36898395721925131,0,0.047981545559400242,0.49642445213379471,0.26182237600922725,1
F1 m=3 r=20%,surface_sensor_wmape,15,3,45,1,5–10%,28,187,0.1497326203208556,0.36898395721925131,0.5870049980776626,0.82299115724721261,0.40868896578239144,1
F1 m=3 r=20%,surface_sensor_wmape,15,3,45,2,10–15%,26,187,0.13903743315508021,0.51871657754010692,0.99707804690503654,0.99876970396001541,0.74502114571318723,1
F1 m=3 r=20%,surface_sensor_wmape,15,3,45,3,15–20%,7,187,0.037433155080213901,0.65775401069518713,0.9831603229527105,0.61737793156478282,0.35040369088811996,1
F1 m=3 r=20%,surface_sensor_wmape,15,3,45,4,≥20%,35,187,0.18716577540106952,0.69518716577540107,0.73933102652825844,0.088581314878892731,0.15086505190311419,1
F1 m=3 r=20%,surface_sensor_wmape,15,3,45,5,not lit,22,187,0.11764705882352941,0.88235294117647056,0.55000000000000004,0.55000000000000004,0.55000000000000004,1
F1 m=3 r=20%,surface_sensor_wmape,15,4,60,0,0–5%,197,412,0.47815533980582525,0,0.047981545559400242,0.49642445213379471,0.26182237600922725,1
F1 m=3 r=20%,surface_sensor_wmape,15,4,60,1,5–10%,48,412,0.11650485436893204,0.47815533980582525,0.5870049980776626,0.82299115724721261,0.40868896578239144,1
F1 m=3 r=20%,surface_sensor_wmape,15,4,60,2,10–15%,24,412,0.058252427184466021,0.59466019417475735,0.99707804690503654,0.99876970396001541,0.74502114571318723,1
F1 m=3 r=20%,surface_sensor_wmape,15,4,60,3,15–20%,15,412,0.03640776699029126,0.65291262135922334,0.9831603229527105,0.61737793156478282,0.35040369088811996,1
F1 m=3 r=20%,surface_sensor_wmape,15,4,60,4,≥20%,76,412,0.18446601941747573,0.68932038834951459,0.73933102652825844,0.088581314878892731,0.15086505190311419,1
F1 m=3 r=20%,surface_sensor_wmape,15,4,60,5,not lit,52,412,0.12621359223300971,0.87378640776699035,0.55000000000000004,0.55000000000000004,0.55000000000000004,1
F1 m=3 r=20%,surface_sensor_wmape,15,5,75,0,0–5%,394,826,0.47699757869249393,0,0.047981545559400242,0.49642445213379471,0.26182237600922725,1
F1 m=3 r=20%,surface_sensor_wmape,15,5,75,1,5–10%,94,826,0.11380145278450363,0.47699757869249393,0.5870049980776626,0.82299115724721261,0.40868896578239144,1
F1 m=3 r=20%,surface_sensor_wmape,15,5,75,2,10–15%,56,826,0.067796610169491525,0.59079903147699753,0.99707804690503654,0.99876970396001541,0.74502114571318723,1
F1 m=3 r=20%,surface_sensor_wmape,15,5,75,3,15–20%,40,826,0.048426150121065374,0.65859564164648909,0.9831603229527105,0.61737793156478282,0.35040369088811996,1
F1 m=3 r=20%,surface_sensor_wmape,15,5,75,4,≥20%,158,826,0.19128329297820823,0.70702179176755442,0.73933102652825844,0.088581314878892731,0.15086505190311419,1
F1 m=3 r=20%,surface_sensor_wmape,15,5,75,5,not lit,84,826,0.10169491525423729,0.89830508474576265,0.55000000000000004,0.55000000000000004,0.55000000000000004,1
F1 m=3 r=20%,surface_sensor_wmape,15,6,90,0,0–5%,95,286,0.33216783216783219,0,0.047981545559400242,0.49642445213379471,0.26182237600922725,1
F1 m=3 r=20%,surface_sensor_wmape,15,6,90,1,5–10%,43,286,0.15034965034965034,0.33216783216783219,0.5870049980776626,0.82299115724721261,0.40868896578239144,1
F1 m=3 r=20%,surface_sensor_wmape,15,6,90,2,10–15%,36,286,0.12587412587412589,0.4825174825174825,0.99707804690503654,0.99876970396001541,0.74502114571318723,1
F1 m=3 r=20%,surface_sensor_wmape,15,6,90,3,15–20%,10,286,0.034965034965034968,0.60839160839160833,0.9831603229527105,0.61737793156478282,0.35040369088811996,1
F1 m=3 r=20%,surface_sensor_wmape,15,6,90,4,≥20%,65,286,0.22727272727272727,0.64335664335664333,0.73933102652825844,0.088581314878892731,0.15086505190311419,1
F1 m=3 r=20%,surface_sensor_wmape,15,6,90,5,not lit,37,286,0.12937062937062938,0.87062937062937062,0.55000000000000004,0.55000000000000004,0.55000000000000004,1
F1 m=3 r=20%,surface_sensor_wmape,15,7,105,0,0–5%,237,611,0.38788870703764322,0,0.047981545559400242,0.49642445213379471,0.26182237600922725,1
F1 m=3 r=20%,surface_sensor_wmape,15,7,105,1,5–10%,86,611,0.14075286415711949,0.38788870703764322,0.5870049980776626,0.82299115724721261,0.40868896578239144,1
F1 m=3 r=20%,surface_sensor_wmape,15,7,105,2,10–15%,40,611,0.065466448445171854,0.52864157119476274,0.99707804690503654,0.99876970396001541,0.74502114571318723,1
F1 m=3 r=20%,surface_sensor_wmape,15,7,105,3,15–20%,32,611,0.052373158756137482,0.59410801963993465,0.9831603229527105,0.61737793156478282,0.35040369088811996,1
F1 m=3 r=20%,surface_sensor_wmape,15,7,105,4,≥20%,92,611,0.15057283142389524,0.64648117839607211,0.73933102652825844,0.088581314878892731,0.15086505190311419,1
F1 m=3 r=20%,surface_sensor_wmape,15,7,105,5,not lit,124,611,0.20294599018003273,0.79705400981996732,0.55000000000000004,0.55000000000000004,0.55000000000000004,1
F1 m=3 r=20%,surface_sensor_wmape,15,8,120,0,0–5%,618,1778,0.34758155230596177,0,0.047981545559400242,0.49642445213379471,0.26182237600922725,1
F1 m=3 r=20%,surface_sensor_wmape,15,8,120,1,5–10%,247,1778,0.13892013498312711,0.34758155230596177,0.5870049980776626,0.82299115724721261,0.40868896578239144,1
F1 m=3 r=20%,surface_sensor_wmape,15,8,120,2,10–15%,127,1778,0.071428571428571425,0.48650168728908888,0.99707804690503654,0.99876970396001541,0.74502114571318723,1
F1 m=3 r=20%,surface_sensor_wmape,15,8,120,3,15–20%,76,1778,0.042744656917885267,0.55793025871766033,0.9831603229527105,0.61737793156478282,0.35040369088811996,1
F1 m=3 r=20%,surface_sensor_wmape,15,8,120,4,≥20%,210,1778,0.11811023622047244,0.60067491563554565,0.73933102652825844,0.088581314878892731,0.15086505190311419,1
F1 m=3 r=20%,surface_sensor_wmape,15,8,120,5,not lit,500,1778,0.28121484814398201,0.7187851518560181,0.55000000000000004,0.55000000000000004,0.55000000000000004,1
F1 m=3 r=20%,surface_sensor_wmape,15,9,135,0,0–5%,86,188,0.45744680851063829,0,0.047981545559400242,0.49642445213379471,0.26182237600922725,1
F1 m=3 r=20%,surface_sensor_wmape,15,9,135,1,5–10%,25,188,0.13297872340425532,0.45744680851063829,0.5870049980776626,0.82299115724721261,0.40868896578239144,1
F1 m=3 r=20%,surface_sensor_wmape,15,9,135,2,10–15%,11,188,0.058510638297872342,0.59042553191489366,0.99707804690503654,0.99876970396001541,0.74502114571318723,1
F1 m=3 r=20%,surface_sensor_wmape,15,9,135,3,15–20%,5,188,0.026595744680851064,0.64893617021276606,0.9831603229527105,0.61737793156478282,0.35040369088811996,1
F1 m=3 r=20%,surface_sensor_wmape,15,9,135,4,≥20%,24,188,0.1276595744680851,0.67553191489361708,0.73933102652825844,0.088581314878892731,0.15086505190311419,1
F1 m=3 r=20%,surface_sensor_wmape,15,9,135,5,not lit,37,188,0.19680851063829788,0.80319148936170215,0.55000000000000004,0.55000000000000004,0.55000000000000004,1
F1 m=3 r=20%,surface_sensor_wmape,15,10,150,0,0–5%,190,456,0.41666666666666669,0,0.047981545559400242,0.49642445213379471,0.26182237600922725,1
F1 m=3 r=20%,surface_sensor_wmape,15,10,150,1,5–10%,58,456,0.12719298245614036,0.41666666666666669,0.5870049980776626,0.82299115724721261,0.40868896578239144,1
F1 m=3 r=20%,surface_sensor_wmape,15,10,150,2,10–15%,31,456,0.06798245614035088,0.54385964912280704,0.99707804690503654,0.99876970396001541,0.74502114571318723,1
F1 m=3 r=20%,surface_sensor_wmape,15,10,150,3,15–20%,17,456,0.037280701754385963,0.61184210526315796,0.9831603229527105,0.61737793156478282,0.35040369088811996,1
F1 m=3 r=20%,surface_sensor_wmape,15,10,150,4,≥20%,69,456,0.15131578947368421,0.64912280701754388,0.73933102652825844,0.088581314878892731,0.15086505190311419,1
F1 m=3 r=20%,surface_sensor_wmape,15,10,150,5,not lit,91,456,0.19956140350877194,0.80043859649122806,0.55000000000000004,0.55000000000000004,0.55000000000000004,1
F1 m=3 r=20%,surface_sensor_wmape,15,11,165,0,0–5%,391,907,0.43109151047409039,0,0.047981545559400242,0.49642445213379471,0.26182237600922725,1
F1 m=3 r=20%,surface_sensor_wmape,15,11,165,1,5–10%,107,907,0.11797133406835722,0.43109151047409039,0.5870049980776626,0.82299115724721261,0.40868896578239144,1
F1 m=3 r=20%,surface_sensor_wmape,15,11,165,2,10–15%,41,907,0.045203969128996692,0.54906284454244758,0.99707804690503654,0.99876970396001541,0.74502114571318723,1
F1 m=3 r=20%,surface_sensor_wmape,15,11,165,3,15–20%,32,907,0.035281146637265712,0.59426681367144429,0.9831603229527105,0.61737793156478282,0.35040369088811996,1
F1 m=3 r=20%,surface_sensor_wmape,15,11,165,4,≥20%,136,907,0.14994487320837926,0.62954796030870996,0.73933102652825844,0.088581314878892731,0.15086505190311419,1
F1 m=3 r=20%,surface_sensor_wmape,15,11,165,5,not lit,200,907,0.22050716648291069,0.7794928335170892,0.55000000000000004,0.55000000000000004,0.55000000000000004,1
F1 m=3 r=20%,surface_sensor_wmape,15,12,180,0,0–5%,83,276,0.30072463768115942,0,0.047981545559400242,0.49642445213379471,0.26182237600922725,1
F1 m=3 r=20%,surface_sensor_wmape,15,12,180,1,5–10%,39,276,0.14130434782608695,0.30072463768115942,0.5870049980776626,0.82299115724721261,0.40868896578239144,1
F1 m=3 r=20%,surface_sensor_wmape,15,12,180,2,10–15%,19,276,0.068840579710144928,0.44202898550724634,0.99707804690503654,0.99876970396001541,0.74502114571318723,1
F1 m=3 r=20%,surface_sensor_wmape,15,12,180,3,15–20%,16,276,0.057971014492753624,0.51086956521739124,0.9831603229527105,0.61737793156478282,0.35040369088811996,1
F1 m=3 r=20%,surface_sensor_wmape,15,12,180,4,≥20%,69,276,0.25,0.5688405797101449,0.73933102652825844,0.088581314878892731,0.15086505190311419,1
F1 m=3 r=20%,surface_sensor_wmape,15,12,180,5,not lit,50,276,0.18115942028985507,0.8188405797101449,0.55000000000000004,0.55000000000000004,0.55000000000000004,1
F1 m=3 r=20%,surface_sensor_wmape,15,13,195,0,0–5%,306,610,0.50163934426229506,0,0.047981545559400242,0.49642445213379471,0.26182237600922725,1
F1 m=3 r=20%,surface_sensor_wmape,15,13,195,1,5–10%,71,610,0.11639344262295082,0.50163934426229506,0.5870049980776626,0.82299115724721261,0.40868896578239144,1
F1 m=3 r=20%,surface_sensor_wmape,15,13,195,2,10–15%,39,610,0.063934426229508193,0.61803278688524588,0.99707804690503654,0.99876970396001541,0.74502114571318723,1
F1 m=3 r=20%,surface_sensor_wmape,15,13,195,3,15–20%,18,610,0.029508196721311476,0.68196721311475406,0.9831603229527105,0.61737793156478282,0.35040369088811996,1
F1 m=3 r=20%,surface_sensor_wmape,15,13,195,4,≥20%,75,610,0.12295081967213115,0.7114754098360655,0.73933102652825844,0.088581314878892731,0.15086505190311419,1
F1 m=3 r=20%,surface_sensor_wmape,15,13,195,5,not lit,101,610,0.16557377049180327,0.83442622950819667,0.55000000000000004,0.55000000000000004,0.55000000000000004,1
F1 m=3 r=20%,surface_sensor_wmape,15,14,210,0,0–5%,774,1679,0.46098868374032165,0,0.047981545559400242,0.49642445213379471,0.26182237600922725,1
F1 m=3 r=20%,surface_sensor_wmape,15,14,210,1,5–10%,312,1679,0.18582489577129244,0.46098868374032165,0.5870049980776626,0.82299115724721261,0.40868896578239144,1
F1 m=3 r=20%,surface_sensor_wmape,15,14,210,2,10–15%,99,1679,0.058963668850506253,0.64681357951161411,0.99707804690503654,0.99876970396001541,0.74502114571318723,1
F1 m=3 r=20%,surface_sensor_wmape,15,14,210,3,15–20%,65,1679,0.038713519952352587,0.70577724836212041,0.9831603229527105,0.61737793156478282,0.35040369088811996,1
F1 m=3 r=20%,surface_sensor_wmape,15,14,210,4,≥20%,156,1679,0.092912447885646218,0.74449076831447303,0.73933102652825844,0.088581314878892731,0.15086505190311419,1
F1 m=3 r=20%,surface_sensor_wmape,15,14,210,5,not lit,273,1679,0.16259678379988088,0.83740321620011926,0.55000000000000004,0.55000000000000004,0.55000000000000004,1
F1 m=3 r=20%,surface_sensor_wmape,15,15,225,0,0–5%,88,197,0.4467005076142132,0,0.047981545559400242,0.49642445213379471,0.26182237600922725,1
F1 m=3 r=20%,surface_sensor_wmape,15,15,225,1,5–10%,32,197,0.16243654822335024,0.4467005076142132,0.5870049980776626,0.82299115724721261,0.40868896578239144,1
F1 m=3 r=20%,surface_sensor_wmape,15,15,225,2,10–15%,18,197,0.091370558375634514,0.6091370558375635,0.99707804690503654,0.99876970396001541,0.74502114571318723,1
F1 m=3 r=20%,surface_sensor_wmape,15,15,225,3,15–20%,12,197,0.060913705583756347,0.70050761421319807,0.9831603229527105,0.61737793156478282,0.35040369088811996,1
F1 m=3 r=20%,surface_sensor_wmape,15,15,225,4,≥20%,29,197,0.14720812182741116,0.76142131979695438,0.73933102652825844,0.088581314878892731,0.15086505190311419,1
F1 m=3 r=20%,surface_sensor_wmape,15,15,225,5,not lit,18,197,0.091370558375634514,0.90862944162436554,0.55000000000000004,0.55000000000000004,0.55000000000000004,1
F1 m=3 r=20%,surface_sensor_wmape,15,16,240,0,0–5%,192,407,0.47174447174447176,0,0.047981545559400242,0.49642445213379471,0.26182237600922725,1
F1 m=3 r=20%,surface_sensor_wmape,15,16,240,1,5–10%,45,407,0.11056511056511056,0.47174447174447176,0.5870049980776626,0.82299115724721261,0.40868896578239144,1
F1 m=3 r=20%,surface_sensor_wmape,15,16,240,2,10–15%,32,407,0.078624078624078622,0.5823095823095823,0.99707804690503654,0.99876970396001541,0.74502114571318723,1
F1 m=3 r=20%,surface_sensor_wmape,15,16,240,3,15–20%,21,407,0.051597051597051594,0.6609336609336609,0.9831603229527105,0.61737793156478282,0.35040369088811996,1
F1 m=3 r=20%,surface_sensor_wmape,15,16,240,4,≥20%,73,407,0.17936117936117937,0.71253071253071254,0.73933102652825844,0.088581314878892731,0.15086505190311419,1
F1 m=3 r=20%,surface_sensor_wmape,15,16,240,5,not lit,44,407,0.10810810810810811,0.89189189189189189,0.55000000000000004,0.55000000000000004,0.55000000000000004,1
F1 m=3 r=20%,surface_sensor_wmape,15,17,255,0,0–5%,399,815,0.48957055214723927,0,0.047981545559400242,0.49642445213379471,0.26182237600922725,1
F1 m=3 r=20%,surface_sensor_wmape,15,17,255,1,5–10%,122,815,0.14969325153374233,0.48957055214723927,0.5870049980776626,0.82299115724721261,0.40868896578239144,1
F1 m=3 r=20%,surface_sensor_wmape,15,17,255,2,10–15%,41,815,0.05030674846625767,0.63926380368098157,0.99707804690503654,0.99876970396001541,0.74502114571318723,1
F1 m=3 r=20%,surface_sensor_wmape,15,17,255,3,15–20%,36,815,0.044171779141104296,0.68957055214723928,0.9831603229527105,0.61737793156478282,0.35040369088811996,1
F1 m=3 r=20%,surface_sensor_wmape,15,17,255,4,≥20%,132,815,0.16196319018404909,0.73374233128834354,0.73933102652825844,0.088581314878892731,0.15086505190311419,1
F1 m=3 r=20%,surface_sensor_wmape,15,17,255,5,not lit,85,815,0.10429447852760736,0.89570552147239257,0.55000000000000004,0.55000000000000004,0.55000000000000004,1
F1 m=3 r=20%,surface_sensor_wmape,15,18,270,0,0–5%,82,265,0.30943396226415093,0,0.047981545559400242,0.49642445213379471,0.26182237600922725,1
F1 m=3 r=20%,surface_sensor_wmape,15,18,270,1,5–10%,36,265,0.13584905660377358,0.30943396226415093,0.5870049980776626,0.82299115724721261,0.40868896578239144,1
F1 m=3 r=20%,surface_sensor_wmape,15,18,270,2,10–15%,28,265,0.10566037735849057,0.44528301886792454,0.99707804690503654,0.99876970396001541,0.74502114571318723,1
F1 m=3 r=20%,surface_sensor_wmape,15,18,270,3,15–20%,18,265,0.067924528301886791,0.55094339622641508,0.9831603229527105,0.61737793156478282,0.35040369088811996,1
F1 m=3 r=20%,surface_sensor_wmape,15,18,270,4,≥20%,68,265,0.25660377358490566,0.61886792452830186,0.73933102652825844,0.088581314878892731,0.15086505190311419,1
F1 m=3 r=20%,surface_sensor_wmape,15,18,270,5,not lit,33,265,0.12452830188679245,0.87547169811320757,0.55000000000000004,0.55000000000000004,0.55000000000000004,1
F1 m=3 r=20%,surface_sensor_wmape,15,19,285,0,0–5%,268,609,0.44006568144499181,0,0.047981545559400242,0.49642445213379471,0.26182237600922725,1
F1 m=3 r=20%,surface_sensor_wmape,15,19,285,1,5–10%,82,609,0.13464696223316913,0.44006568144499181,0.5870049980776626,0.82299115724721261,0.40868896578239144,1
F1 m=3 r=20%,surface_sensor_wmape,15,19,285,2,10–15%,40,609,0.065681444991789822,0.57471264367816088,0.99707804690503654,0.99876970396001541,0.74502114571318723,1
F1 m=3 r=20%,surface_sensor_wmape,15,19,285,3,15–20%,24,609,0.039408866995073892,0.64039408866995073,0.9831603229527105,0.61737793156478282,0.35040369088811996,1
F1 m=3 r=20%,surface_sensor_wmape,15,19,285,4,≥20%,98,609,0.16091954022988506,0.67980295566502458,0.73933102652825844,0.088581314878892731,0.15086505190311419,1
F1 m=3 r=20%,surface_sensor_wmape,15,19,285,5,not lit,97,609,0.15927750410509031,0.84072249589490966,0.55000000000000004,0.55000000000000004,0.55000000000000004,1
F1 m=3 r=20%,surface_sensor_wmape,15,20,300,0,0–5%,588,1781,0.33015160022459294,0,0.047981545559400242,0.49642445213379471,0.26182237600922725,1
F1 m=3 r=20%,surface_sensor_wmape,15,20,300,1,5–10%,282,1781,0.15833801235261089,0.33015160022459294,0.5870049980776626,0.82299115724721261,0.40868896578239144,1
F1 m=3 r=20%,surface_sensor_wmape,15,20,300,2,10–15%,150,1781,0.084222346996069619,0.4884896125772038,0.99707804690503654,0.99876970396001541,0.74502114571318723,1
F1 m=3 r=20%,surface_sensor_wmape,15,20,300,3,15–20%,90,1781,0.050533408197641773,0.57271195957327348,0.9831603229527105,0.61737793156478282,0.35040369088811996,1
F1 m=3 r=20%,surface_sensor_wmape,15,20,300,4,≥20%,208,1781,0.11678832116788321,0.62324536777091522,0.73933102652825844,0.088581314878892731,0.15086505190311419,1
F1 m=3 r=20%,surface_sensor_wmape,15,20,300,5,not lit,463,1781,0.25996631106120155,0.7400336889387984,0.55000000000000004,0.55000000000000004,0.55000000000000004,1
F1 m=3 r=20%,surface_sensor_wmape,15,21,315,0,0–5%,55,190,0.28947368421052633,0,0.047981545559400242,0.49642445213379471,0.26182237600922725,1
F1 m=3 r=20%,surface_sensor_wmape,15,21,315,1,5–10%,38,190,0.20000000000000001,0.28947368421052633,0.5870049980776626,0.82299115724721261,0.40868896578239144,1
F1 m=3 r=20%,surface_sensor_wmape,15,21,315,2,10–15%,21,190,0.11052631578947368,0.48947368421052634,0.99707804690503654,0.99876970396001541,0.74502114571318723,1
F1 m=3 r=20%,surface_sensor_wmape,15,21,315,3,15–20%,14,190,0.073684210526315783,0.59999999999999998,0.9831603229527105,0.61737793156478282,0.35040369088811996,1
F1 m=3 r=20%,surface_sensor_wmape,15,21,315,4,≥20%,38,190,0.20000000000000001,0.67368421052631577,0.73933102652825844,0.088581314878892731,0.15086505190311419,1
F1 m=3 r=20%,surface_sensor_wmape,15,21,315,5,not lit,24,190,0.12631578947368421,0.87368421052631584,0.55000000000000004,0.55000000000000004,0.55000000000000004,1
F1 m=3 r=20%,surface_sensor_wmape,15,22,330,0,0–5%,130,442,0.29411764705882354,0,0.047981545559400242,0.49642445213379471,0.26182237600922725,1
F1 m=3 r=20%,surface_sensor_wmape,15,22,330,1,5–10%,65,442,0.14705882352941177,0.29411764705882354,0.5870049980776626,0.82299115724721261,0.40868896578239144,1
F1 m=3 r=20%,surface_sensor_wmape,15,22,330,2,10–15%,39,442,0.088235294117647065,0.44117647058823528,0.99707804690503654,0.99876970396001541,0.74502114571318723,1
F1 m=3 r=20%,surface_sensor_wmape,15,22,330,3,15–20%,24,442,0.054298642533936653,0.52941176470588236,0.9831603229527105,0.61737793156478282,0.35040369088811996,1
F1 m=3 r=20%,surface_sensor_wmape,15,22,330,4,≥20%,89,442,0.20135746606334842,0.58371040723981904,0.73933102652825844,0.088581314878892731,0.15086505190311419,1
F1 m=3 r=20%,surface_sensor_wmape,15,22,330,5,not lit,95,442,0.21493212669683259,0.78506787330316752,0.55000000000000004,0.55000000000000004,0.55000000000000004,1
F1 m=3 r=20%,surface_sensor_wmape,15,23,345,0,0–5%,330,924,0.35714285714285715,0,0.047981545559400242,0.49642445213379471,0.26182237600922725,1
F1 m=3 r=20%,surface_sensor_wmape,15,23,345,1,5–10%,146,924,0.15800865800865802,0.35714285714285715,0.5870049980776626,0.82299115724721261,0.40868896578239144,1
F1 m=3 r=20%,surface_sensor_wmape,15,23,345,2,10–15%,62,924,0.067099567099567103,0.51515151515151514,0.99707804690503654,0.99876970396001541,0.74502114571318723,1
F1 m=3 r=20%,surface_sensor_wmape,15,23,345,3,15–20%,48,924,0.051948051948051951,0.58225108225108224,0.9831603229527105,0.61737793156478282,0.35040369088811996,1
F1 m=3 r=20%,surface_sensor_wmape,15,23,345,4,≥20%,133,924,0.14393939393939395,0.63419913419913421,0.73933102652825844,0.088581314878892731,0.15086505190311419,1
F1 m=3 r=20%,surface_sensor_wmape,15,23,345,5,not lit,205,924,0.22186147186147187,0.77813852813852813,0.55000000000000004,0.55000000000000004,0.55000000000000004,1
F1 m=3 r=20%,surface_sensor_wmape,30,0,0,0,0–5%,61,290,0.2103448275862069,0,0.047981545559400242,0.49642445213379471,0.26182237600922725,1
F1 m=3 r=20%,surface_sensor_wmape,30,0,0,1,5–10%,29,290,0.10000000000000001,0.2103448275862069,0.5870049980776626,0.82299115724721261,0.40868896578239144,1
F1 m=3 r=20%,surface_sensor_wmape,30,0,0,2,10–15%,24,290,0.082758620689655171,0.31034482758620691,0.99707804690503654,0.99876970396001541,0.74502114571318723,1
F1 m=3 r=20%,surface_sensor_wmape,30,0,0,3,15–20%,16,290,0.055172413793103448,0.39310344827586208,0.9831603229527105,0.61737793156478282,0.35040369088811996,1
F1 m=3 r=20%,surface_sensor_wmape,30,0,0,4,≥20%,101,290,0.34827586206896549,0.44827586206896552,0.73933102652825844,0.088581314878892731,0.15086505190311419,1
F1 m=3 r=20%,surface_sensor_wmape,30,0,0,5,not lit,59,290,0.20344827586206896,0.79655172413793096,0.55000000000000004,0.55000000000000004,0.55000000000000004,1
F1 m=3 r=20%,surface_sensor_wmape,30,1,15,0,0–5%,185,637,0.2904238618524333,0,0.047981545559400242,0.49642445213379471,0.26182237600922725,1
F1 m=3 r=20%,surface_sensor_wmape,30,1,15,1,5–10%,87,637,0.13657770800627944,0.2904238618524333,0.5870049980776626,0.82299115724721261,0.40868896578239144,1
F1 m=3 r=20%,surface_sensor_wmape,30,1,15,2,10–15%,63,637,0.098901098901098897,0.42700156985871274,0.99707804690503654,0.99876970396001541,0.74502114571318723,1
F1 m=3 r=20%,surface_sensor_wmape,30,1,15,3,15–20%,42,637,0.065934065934065936,0.52590266875981162,0.9831603229527105,0.61737793156478282,0.35040369088811996,1
F1 m=3 r=20%,surface_sensor_wmape,30,1,15,4,≥20%,169,637,0.26530612244897961,0.59183673469387754,0.73933102652825844,0.088581314878892731,0.15086505190311419,1
F1 m=3 r=20%,surface_sensor_wmape,30,1,15,5,not lit,91,637,0.14285714285714285,0.85714285714285721,0.55000000000000004,0.55000000000000004,0.55000000000000004,1
F1 m=3 r=20%,surface_sensor_wmape,30,2,30,0,0–5%,464,1703,0.2724603640634175,0,0.047981545559400242,0.49642445213379471,0.26182237600922725,1
F1 m=3 r=20%,surface_sensor_wmape,30,2,30,1,5–10%,315,1703,0.18496770405167351,0.2724603640634175,0.5870049980776626,0.82299115724721261,0.40868896578239144,1
F1 m=3 r=20%,surface_sensor_wmape,30,2,30,2,10–15%,179,1703,0.10510863182618908,0.45742806811509101,0.99707804690503654,0.99876970396001541,0.74502114571318723,1
F1 m=3 r=20%,surface_sensor_wmape,30,2,30,3,15–20%,92,1703,0.054022313564298298,0.56253669994128008,0.9831603229527105,0.61737793156478282,0.35040369088811996,1
F1 m=3 r=20%,surface_sensor_wmape,30,2,30,4,≥20%,319,1703,0.18731650029359953,0.6165590135055784,0.73933102652825844,0.088581314878892731,0.15086505190311419,1
F1 m=3 r=20%,surface_sensor_wmape,30,2,30,5,not lit,334,1703,0.19612448620082207,0.80387551379917799,0.55000000000000004,0.55000000000000004,0.55000000000000004,1
F1 m=3 r=20%,surface_sensor_wmape,30,3,45,0,0–5%,58,187,0.31016042780748665,0,0.047981545559400242,0.49642445213379471,0.26182237600922725,1
F1 m=3 r=20%,surface_sensor_wmape,30,3,45,1,5–10%,29,187,0.15508021390374332,0.31016042780748665,0.5870049980776626,0.82299115724721261,0.40868896578239144,1
F1 m=3 r=20%,surface_sensor_wmape,30,3,45,2,10–15%,21,187,0.11229946524064172,0.46524064171122997,0.99707804690503654,0.99876970396001541,0.74502114571318723,1
F1 m=3 r=20%,surface_sensor_wmape,30,3,45,3,15–20%,12,187,0.064171122994652413,0.57754010695187175,0.9831603229527105,0.61737793156478282,0.35040369088811996,1
F1 m=3 r=20%,surface_sensor_wmape,30,3,45,4,≥20%,39,187,0.20855614973262032,0.64171122994652419,0.73933102652825844,0.088581314878892731,0.15086505190311419,1
F1 m=3 r=20%,surface_sensor_wmape,30,3,45,5,not lit,28,187,0.1497326203208556,0.85026737967914445,0.55000000000000004,0.55000000000000004,0.55000000000000004,1
F1 m=3 r=20%,surface_sensor_wmape,30,4,60,0,0–5%,184,412,0.44660194174757284,0,0.047981545559400242,0.49642445213379471,0.26182237600922725,1
F1 m=3 r=20%,surface_sensor_wmape,30,4,60,1,5–10%,47,412,0.11407766990291263,0.44660194174757284,0.5870049980776626,0.82299115724721261,0.40868896578239144,1
F1 m=3 r=20%,surface_sensor_wmape,30,4,60,2,10–15%,21,412,0.050970873786407765,0.56067961165048552,0.99707804690503654,0.99876970396001541,0.74502114571318723,1
F1 m=3 r=20%,surface_sensor_wmape,30,4,60,3,15–20%,19,412,0.046116504854368932,0.61165048543689327,0.9831603229527105,0.61737793156478282,0.35040369088811996,1
F1 m=3 r=20%,surface_sensor_wmape,30,4,60,4,≥20%,85,412,0.20631067961165048,0.65776699029126218,0.73933102652825844,0.088581314878892731,0.15086505190311419,1
F1 m=3 r=20%,surface_sensor_wmape,30,4,60,5,not lit,56,412,0.13592233009708737,0.86407766990291268,0.55000000000000004,0.55000000000000004,0.55000000000000004,1
F1 m=3 r=20%,surface_sensor_wmape,30,5,75,0,0–5%,355,826,0.42978208232445519,0,0.047981545559400242,0.49642445213379471,0.26182237600922725,1
F1 m=3 r=20%,surface_sensor_wmape,30,5,75,1,5–10%,105,826,0.1271186440677966,0.42978208232445519,0.5870049980776626,0.82299115724721261,0.40868896578239144,1
F1 m=3 r=20%,surface_sensor_wmape,30,5,75,2,10–15%,59,826,0.071428571428571425,0.55690072639225185,0.99707804690503654,0.99876970396001541,0.74502114571318723,1
F1 m=3 r=20%,surface_sensor_wmape,30,5,75,3,15–20%,34,826,0.041162227602905568,0.62832929782082325,0.9831603229527105,0.61737793156478282,0.35040369088811996,1
F1 m=3 r=20%,surface_sensor_wmape,30,5,75,4,≥20%,189,826,0.2288135593220339,0.66949152542372881,0.73933102652825844,0.088581314878892731,0.15086505190311419,1
F1 m=3 r=20%,surface_sensor_wmape,30,5,75,5,not lit,84,826,0.10169491525423729,0.89830508474576276,0.55000000000000004,0.55000000000000004,0.55000000000000004,1
F1 m=3 r=20%,surface_sensor_wmape,30,6,90,0,0–5%,87,286,0.30419580419580422,0,0.047981545559400242,0.49642445213379471,0.26182237600922725,1
F1 m=3 r=20%,surface_sensor_wmape,30,6,90,1,5–10%,48,286,0.16783216783216784,0.30419580419580422,0.5870049980776626,0.82299115724721261,0.40868896578239144,1
F1 m=3 r=20%,surface_sensor_wmape,30,6,90,2,10–15%,31,286,0.10839160839160839,0.47202797202797209,0.99707804690503654,0.99876970396001541,0.74502114571318723,1
F1 m=3 r=20%,surface_sensor_wmape,30,6,90,3,15–20%,13,286,0.045454545454545456,0.58041958041958042,0.9831603229527105,0.61737793156478282,0.35040369088811996,1
F1 m=3 r=20%,surface_sensor_wmape,30,6,90,4,≥20%,71,286,0.24825174825174826,0.62587412587412583,0.73933102652825844,0.088581314878892731,0.15086505190311419,1
F1 m=3 r=20%,surface_sensor_wmape,30,6,90,5,not lit,36,286,0.12587412587412589,0.87412587412587406,0.55000000000000004,0.55000000000000004,0.55000000000000004,1
F1 m=3 r=20%,surface_sensor_wmape,30,7,105,0,0–5%,236,611,0.3862520458265139,0,0.047981545559400242,0.49642445213379471,0.26182237600922725,1
F1 m=3 r=20%,surface_sensor_wmape,30,7,105,1,5–10%,74,611,0.12111292962356793,0.3862520458265139,0.5870049980776626,0.82299115724721261,0.40868896578239144,1
F1 m=3 r=20%,surface_sensor_wmape,30,7,105,2,10–15%,52,611,0.085106382978723402,0.50736497545008186,0.99707804690503654,0.99876970396001541,0.74502114571318723,1
F1 m=3 r=20%,surface_sensor_wmape,30,7,105,3,15–20%,26,611,0.042553191489361701,0.59247135842880527,0.9831603229527105,0.61737793156478282,0.35040369088811996,1
F1 m=3 r=20%,surface_sensor_wmape,30,7,105,4,≥20%,101,611,0.16530278232405893,0.63502454991816693,0.73933102652825844,0.088581314878892731,0.15086505190311419,1
F1 m=3 r=20%,surface_sensor_wmape,30,7,105,5,not lit,122,611,0.19967266775777415,0.80032733224222585,0.55000000000000004,0.55000000000000004,0.55000000000000004,1
F1 m=3 r=20%,surface_sensor_wmape,30,8,120,0,0–5%,627,1778,0.35264341957255341,0,0.047981545559400242,0.49642445213379471,0.26182237600922725,1
F1 m=3 r=20%,surface_sensor_wmape,30,8,120,1,5–10%,240,1778,0.13498312710911137,0.35264341957255341,0.5870049980776626,0.82299115724721261,0.40868896578239144,1
F1 m=3 r=20%,surface_sensor_wmape,30,8,120,2,10–15%,127,1778,0.071428571428571425,0.48762654668166477,0.99707804690503654,0.99876970396001541,0.74502114571318723,1
F1 m=3 r=20%,surface_sensor_wmape,30,8,120,3,15–20%,73,1778,0.04105736782902137,0.55905511811023623,0.9831603229527105,0.61737793156478282,0.35040369088811996,1
F1 m=3 r=20%,surface_sensor_wmape,30,8,120,4,≥20%,211,1778,0.1186726659167604,0.60011248593925759,0.73933102652825844,0.088581314878892731,0.15086505190311419,1
F1 m=3 r=20%,surface_sensor_wmape,30,8,120,5,not lit,500,1778,0.28121484814398201,0.71878515185601799,0.55000000000000004,0.55000000000000004,0.55000000000000004,1
F1 m=3 r=20%,surface_sensor_wmape,30,9,135,0,0–5%,81,188,0.43085106382978722,0,0.047981545559400242,0.49642445213379471,0.26182237600922725,1
F1 m=3 r=20%,surface_sensor_wmape,30,9,135,1,5–10%,33,188,0.17553191489361702,0.43085106382978722,0.5870049980776626,0.82299115724721261,0.40868896578239144,1
F1 m=3 r=20%,surface_sensor_wmape,30,9,135,2,10–15%,7,188,0.037234042553191488,0.6063829787234043,0.99707804690503654,0.99876970396001541,0.74502114571318723,1
F1 m=3 r=20%,surface_sensor_wmape,30,9,135,3,15–20%,6,188,0.031914893617021274,0.64361702127659581,0.9831603229527105,0.61737793156478282,0.35040369088811996,1
F1 m=3 r=20%,surface_sensor_wmape,30,9,135,4,≥20%,24,188,0.1276595744680851,0.67553191489361708,0.73933102652825844,0.088581314878892731,0.15086505190311419,1
F1 m=3 r=20%,surface_sensor_wmape,30,9,135,5,not lit,37,188,0.19680851063829788,0.80319148936170215,0.55000000000000004,0.55000000000000004,0.55000000000000004,1
F1 m=3 r=20%,surface_sensor_wmape,30,10,150,0,0–5%,194,456,0.42543859649122806,0,0.047981545559400242,0.49642445213379471,0.26182237600922725,1
F1 m=3 r=20%,surface_sensor_wmape,30,10,150,1,5–10%,52,456,0.11403508771929824,0.42543859649122806,0.5870049980776626,0.82299115724721261,0.40868896578239144,1
F1 m=3 r=20%,surface_sensor_wmape,30,10,150,2,10–15%,30,456,0.065789473684210523,0.53947368421052633,0.99707804690503654,0.99876970396001541,0.74502114571318723,1
F1 m=3 r=20%,surface_sensor_wmape,30,10,150,3,15–20%,25,456,0.054824561403508769,0.60526315789473684,0.9831603229527105,0.61737793156478282,0.35040369088811996,1
F1 m=3 r=20%,surface_sensor_wmape,30,10,150,4,≥20%,58,456,0.12719298245614036,0.66008771929824561,0.73933102652825844,0.088581314878892731,0.15086505190311419,1
F1 m=3 r=20%,surface_sensor_wmape,30,10,150,5,not lit,97,456,0.21271929824561403,0.78728070175438591,0.55000000000000004,0.55000000000000004,0.55000000000000004,1
F1 m=3 r=20%,surface_sensor_wmape,30,11,165,0,0–5%,396,907,0.43660418963616315,0,0.047981545559400242,0.49642445213379471,0.26182237600922725,1
F1 m=3 r=20%,surface_sensor_wmape,30,11,165,1,5–10%,107,907,0.11797133406835722,0.43660418963616315,0.5870049980776626,0.82299115724721261,0.40868896578239144,1
F1 m=3 r=20%,surface_sensor_wmape,30,11,165,2,10–15%,53,907,0.058434399117971332,0.55457552370452035,0.99707804690503654,0.99876970396001541,0.74502114571318723,1
F1 m=3 r=20%,surface_sensor_wmape,30,11,165,3,15–20%,38,907,0.041896361631753032,0.61300992282249167,0.9831603229527105,0.61737793156478282,0.35040369088811996,1
F1 m=3 r=20%,surface_sensor_wmape,30,11,165,4,≥20%,113,907,0.12458654906284454,0.6549062844542447,0.73933102652825844,0.088581314878892731,0.15086505190311419,1
F1 m=3 r=20%,surface_sensor_wmape,30,11,165,5,not lit,200,907,0.22050716648291069,0.7794928335170892,0.55000000000000004,0.55000000000000004,0.55000000000000004,1
F1 m=3 r=20%,surface_sensor_wmape,30,12,180,0,0–5%,94,276,0.34057971014492755,0,0.047981545559400242,0.49642445213379471,0.26182237600922725,1
F1 m=3 r=20%,surface_sensor_wmape,30,12,180,1,5–10%,39,276,0.14130434782608695,0.34057971014492755,0.5870049980776626,0.82299115724721261,0.40868896578239144,1
F1 m=3 r=20%,surface_sensor_wmape,30,12,180,2,10–15%,21,276,0.076086956521739135,0.48188405797101452,0.99707804690503654,0.99876970396001541,0.74502114571318723,1
F1 m=3 r=20%,surface_sensor_wmape,30,12,180,3,15–20%,14,276,0.050724637681159424,0.55797101449275366,0.9831603229527105,0.61737793156478282,0.35040369088811996,1
F1 m=3 r=20%,surface_sensor_wmape,30,12,180,4,≥20%,58,276,0.21014492753623187,0.60869565217391308,0.73933102652825844,0.088581314878892731,0.15086505190311419,1
F1 m=3 r=20%,surface_sensor_wmape,30,12,180,5,not lit,50,276,0.18115942028985507,0.81884057971014501,0.55000000000000004,0.55000000000000004,0.55000000000000004,1
F1 m=3 r=20%,surface_sensor_wmape,30,13,195,0,0–5%,321,610,0.52622950819672132,0,0.047981545559400242,0.49642445213379471,0.26182237600922725,1
F1 m=3 r=20%,surface_sensor_wmape,30,13,195,1,5–10%,65,610,0.10655737704918032,0.52622950819672132,0.5870049980776626,0.82299115724721261,0.40868896578239144,1
F1 m=3 r=20%,surface_sensor_wmape,30,13,195,2,10–15%,31,610,0.050819672131147541,0.63278688524590165,0.99707804690503654,0.99876970396001541,0.74502114571318723,1
F1 m=3 r=20%,surface_sensor_wmape,30,13,195,3,15–20%,17,610,0.027868852459016394,0.68360655737704923,0.9831603229527105,0.61737793156478282,0.35040369088811996,1
F1 m=3 r=20%,surface_sensor_wmape,30,13,195,4,≥20%,75,610,0.12295081967213115,0.71147540983606561,0.73933102652825844,0.088581314878892731,0.15086505190311419,1
F1 m=3 r=20%,surface_sensor_wmape,30,13,195,5,not lit,101,610,0.16557377049180327,0.83442622950819678,0.55000000000000004,0.55000000000000004,0.55000000000000004,1
F1 m=3 r=20%,surface_sensor_wmape,30,14,210,0,0–5%,718,1679,0.42763549731983325,0,0.047981545559400242,0.49642445213379471,0.26182237600922725,1
F1 m=3 r=20%,surface_sensor_wmape,30,14,210,1,5–10%,319,1679,0.18999404407385348,0.42763549731983325,0.5870049980776626,0.82299115724721261,0.40868896578239144,1
F1 m=3 r=20%,surface_sensor_wmape,30,14,210,2,10–15%,131,1679,0.07802263251935676,0.61762954139368675,0.99707804690503654,0.99876970396001541,0.74502114571318723,1
F1 m=3 r=20%,surface_sensor_wmape,30,14,210,3,15–20%,51,1679,0.030375223347230494,0.69565217391304346,0.9831603229527105,0.61737793156478282,0.35040369088811996,1
F1 m=3 r=20%,surface_sensor_wmape,30,14,210,4,≥20%,180,1679,0.1072066706372841,0.72602739726027399,0.73933102652825844,0.088581314878892731,0.15086505190311419,1
F1 m=3 r=20%,surface_sensor_wmape,30,14,210,5,not lit,280,1679,0.16676593210244192,0.83323406789755805,0.55000000000000004,0.55000000000000004,0.55000000000000004,1
F1 m=3 r=20%,surface_sensor_wmape,30,15,225,0,0–5%,91,197,0.46192893401015228,0,0.047981545559400242,0.49642445213379471,0.26182237600922725,1
F1 m=3 r=20%,surface_sensor_wmape,30,15,225,1,5–10%,31,197,0.15736040609137056,0.46192893401015228,0.5870049980776626,0.82299115724721261,0.40868896578239144,1
F1 m=3 r=20%,surface_sensor_wmape,30,15,225,2,10–15%,14,197,0.071065989847715741,0.61928934010152281,0.99707804690503654,0.99876970396001541,0.74502114571318723,1
F1 m=3 r=20%,surface_sensor_wmape,30,15,225,3,15–20%,12,197,0.060913705583756347,0.69035532994923854,0.9831603229527105,0.61737793156478282,0.35040369088811996,1
F1 m=3 r=20%,surface_sensor_wmape,30,15,225,4,≥20%,31,197,0.15736040609137056,0.75126903553299484,0.73933102652825844,0.088581314878892731,0.15086505190311419,1
F1 m=3 r=20%,surface_sensor_wmape,30,15,225,5,not lit,18,197,0.091370558375634514,0.90862944162436543,0.55000000000000004,0.55000000000000004,0.55000000000000004,1
F1 m=3 r=20%,surface_sensor_wmape,30,16,240,0,0–5%,172,407,0.4226044226044226,0,0.047981545559400242,0.49642445213379471,0.26182237600922725,1
F1 m=3 r=20%,surface_sensor_wmape,30,16,240,1,5–10%,55,407,0.13513513513513514,0.4226044226044226,0.5870049980776626,0.82299115724721261,0.40868896578239144,1
F1 m=3 r=20%,surface_sensor_wmape,30,16,240,2,10–15%,26,407,0.063882063882063883,0.55773955773955775,0.99707804690503654,0.99876970396001541,0.74502114571318723,1
F1 m=3 r=20%,surface_sensor_wmape,30,16,240,3,15–20%,24,407,0.05896805896805897,0.6216216216216216,0.9831603229527105,0.61737793156478282,0.35040369088811996,1
F1 m=3 r=20%,surface_sensor_wmape,30,16,240,4,≥20%,86,407,0.2113022113022113,0.68058968058968061,0.73933102652825844,0.088581314878892731,0.15086505190311419,1
F1 m=3 r=20%,surface_sensor_wmape,30,16,240,5,not lit,44,407,0.10810810810810811,0.89189189189189189,0.55000000000000004,0.55000000000000004,0.55000000000000004,1
F1 m=3 r=20%,surface_sensor_wmape,30,17,255,0,0–5%,388,815,0.47607361963190187,0,0.047981545559400242,0.49642445213379471,0.26182237600922725,1
F1 m=3 r=20%,surface_sensor_wmape,30,17,255,1,5–10%,109,815,0.13374233128834356,0.47607361963190187,0.5870049980776626,0.82299115724721261,0.40868896578239144,1
F1 m=3 r=20%,surface_sensor_wmape,30,17,255,2,10–15%,63,815,0.077300613496932513,0.60981595092024543,0.99707804690503654,0.99876970396001541,0.74502114571318723,1
F1 m=3 r=20%,surface_sensor_wmape,30,17,255,3,15–20%,30,815,0.036809815950920248,0.68711656441717794,0.9831603229527105,0.61737793156478282,0.35040369088811996,1
F1 m=3 r=20%,surface_sensor_wmape,30,17,255,4,≥20%,136,815,0.16687116564417179,0.7239263803680982,0.73933102652825844,0.088581314878892731,0.15086505190311419,1
F1 m=3 r=20%,surface_sensor_wmape,30,17,255,5,not lit,89,815,0.10920245398773006,0.89079754601227001,0.55000000000000004,0.55000000000000004,0.55000000000000004,1
F1 m=3 r=20%,surface_sensor_wmape,30,18,270,0,0–5%,82,265,0.30943396226415093,0,0.047981545559400242,0.49642445213379471,0.26182237600922725,1
F1 m=3 r=20%,surface_sensor_wmape,30,18,270,1,5–10%,35,265,0.13207547169811321,0.30943396226415093,0.5870049980776626,0.82299115724721261,0.40868896578239144,1
F1 m=3 r=20%,surface_sensor_wmape,30,18,270,2,10–15%,17,265,0.064150943396226415,0.44150943396226416,0.99707804690503654,0.99876970396001541,0.74502114571318723,1
F1 m=3 r=20%,surface_sensor_wmape,30,18,270,3,15–20%,14,265,0.052830188679245285,0.50566037735849056,0.9831603229527105,0.61737793156478282,0.35040369088811996,1
F1 m=3 r=20%,surface_sensor_wmape,30,18,270,4,≥20%,86,265,0.32452830188679244,0.55849056603773584,0.73933102652825844,0.088581314878892731,0.15086505190311419,1
F1 m=3 r=20%,surface_sensor_wmape,30,18,270,5,not lit,31,265,0.1169811320754717,0.88301886792452833,0.55000000000000004,0.55000000000000004,0.55000000000000004,1
F1 m=3 r=20%,surface_sensor_wmape,30,19,285,0,0–5%,244,609,0.40065681444991791,0,0.047981545559400242,0.49642445213379471,0.26182237600922725,1
F1 m=3 r=20%,surface_sensor_wmape,30,19,285,1,5–10%,91,609,0.14942528735632185,0.40065681444991791,0.5870049980776626,0.82299115724721261,0.40868896578239144,1
F1 m=3 r=20%,surface_sensor_wmape,30,19,285,2,10–15%,34,609,0.055829228243021348,0.55008210180623973,0.99707804690503654,0.99876970396001541,0.74502114571318723,1
F1 m=3 r=20%,surface_sensor_wmape,30,19,285,3,15–20%,19,609,0.031198686371100164,0.60591133004926112,0.9831603229527105,0.61737793156478282,0.35040369088811996,1
F1 m=3 r=20%,surface_sensor_wmape,30,19,285,4,≥20%,117,609,0.19211822660098521,0.63711001642036125,0.73933102652825844,0.088581314878892731,0.15086505190311419,1
F1 m=3 r=20%,surface_sensor_wmape,30,19,285,5,not lit,104,609,0.17077175697865354,0.82922824302134646,0.55000000000000004,0.55000000000000004,0.55000000000000004,1
F1 m=3 r=20%,surface_sensor_wmape,30,20,300,0,0–5%,521,1781,0.29253228523301517,0,0.047981545559400242,0.49642445213379471,0.26182237600922725,1
F1 m=3 r=20%,surface_sensor_wmape,30,20,300,1,5–10%,244,1781,0.13700168444693991,0.29253228523301517,0.5870049980776626,0.82299115724721261,0.40868896578239144,1
F1 m=3 r=20%,surface_sensor_wmape,30,20,300,2,10–15%,145,1781,0.081414935429533972,0.42953396967995505,0.99707804690503654,0.99876970396001541,0.74502114571318723,1
F1 m=3 r=20%,surface_sensor_wmape,30,20,300,3,15–20%,85,1781,0.047725996631106118,0.51094890510948898,0.9831603229527105,0.61737793156478282,0.35040369088811996,1
F1 m=3 r=20%,surface_sensor_wmape,30,20,300,4,≥20%,301,1781,0.16900617630544637,0.55867490174059509,0.73933102652825844,0.088581314878892731,0.15086505190311419,1
F1 m=3 r=20%,surface_sensor_wmape,30,20,300,5,not lit,485,1781,0.27231892195395846,0.72768107804604143,0.55000000000000004,0.55000000000000004,0.55000000000000004,1
F1 m=3 r=20%,surface_sensor_wmape,30,21,315,0,0–5%,41,190,0.21578947368421053,0,0.047981545559400242,0.49642445213379471,0.26182237600922725,1
F1 m=3 r=20%,surface_sensor_wmape,30,21,315,1,5–10%,32,190,0.16842105263157894,0.21578947368421053,0.5870049980776626,0.82299115724721261,0.40868896578239144,1
F1 m=3 r=20%,surface_sensor_wmape,30,21,315,2,10–15%,25,190,0.13157894736842105,0.38421052631578945,0.99707804690503654,0.99876970396001541,0.74502114571318723,1
F1 m=3 r=20%,surface_sensor_wmape,30,21,315,3,15–20%,15,190,0.078947368421052627,0.51578947368421046,0.9831603229527105,0.61737793156478282,0.35040369088811996,1
F1 m=3 r=20%,surface_sensor_wmape,30,21,315,4,≥20%,51,190,0.26842105263157895,0.59473684210526312,0.73933102652825844,0.088581314878892731,0.15086505190311419,1
F1 m=3 r=20%,surface_sensor_wmape,30,21,315,5,not lit,26,190,0.1368421052631579,0.86315789473684212,0.55000000000000004,0.55000000000000004,0.55000000000000004,1
F1 m=3 r=20%,surface_sensor_wmape,30,22,330,0,0–5%,94,442,0.21266968325791855,0,0.047981545559400242,0.49642445213379471,0.26182237600922725,1
F1 m=3 r=20%,surface_sensor_wmape,30,22,330,1,5–10%,57,442,0.12895927601809956,0.21266968325791855,0.5870049980776626,0.82299115724721261,0.40868896578239144,1
F1 m=3 r=20%,surface_sensor_wmape,30,22,330,2,10–15%,33,442,0.074660633484162894,0.34162895927601811,0.99707804690503654,0.99876970396001541,0.74502114571318723,1
F1 m=3 r=20%,surface_sensor_wmape,30,22,330,3,15–20%,27,442,0.061085972850678731,0.41628959276018102,0.9831603229527105,0.61737793156478282,0.35040369088811996,1
F1 m=3 r=20%,surface_sensor_wmape,30,22,330,4,≥20%,131,442,0.29638009049773756,0.47737556561085975,0.73933102652825844,0.088581314878892731,0.15086505190311419,1
F1 m=3 r=20%,surface_sensor_wmape,30,22,330,5,not lit,100,442,0.22624434389140272,0.77375565610859731,0.55000000000000004,0.55000000000000004,0.55000000000000004,1
F1 m=3 r=20%,surface_sensor_wmape,30,23,345,0,0–5%,200,924,0.21645021645021645,0,0.047981545559400242,0.49642445213379471,0.26182237600922725,1
F1 m=3 r=20%,surface_sensor_wmape,30,23,345,1,5–10%,103,924,0.11147186147186147,0.21645021645021645,0.5870049980776626,0.82299115724721261,0.40868896578239144,1
F1 m=3 r=20%,surface_sensor_wmape,30,23,345,2,10–15%,89,924,0.09632034632034632,0.32792207792207795,0.99707804690503654,0.99876970396001541,0.74502114571318723,1
F1 m=3 r=20%,surface_sensor_wmape,30,23,345,3,15–20%,50,924,0.054112554112554112,0.42424242424242425,0.9831603229527105,0.61737793156478282,0.35040369088811996,1
F1 m=3 r=20%,surface_sensor_wmape,30,23,345,4,≥20%,256,924,0.27705627705627706,0.47835497835497837,0.73933102652825844,0.088581314878892731,0.15086505190311419,1
F1 m=3 r=20%,surface_sensor_wmape,30,23,345,5,not lit,226,924,0.24458874458874458,0.75541125541125542,0.55000000000000004,0.55000000000000004,0.55000000000000004,1
F1 m=3 r=20%,surface_sensor_wmape,45,0,0,0,0–5%,39,290,0.13448275862068965,0,0.047981545559400242,0.49642445213379471,0.26182237600922725,1
F1 m=3 r=20%,surface_sensor_wmape,45,0,0,1,5–10%,36,290,0.12413793103448276,0.13448275862068965,0.5870049980776626,0.82299115724721261,0.40868896578239144,1
F1 m=3 r=20%,surface_sensor_wmape,45,0,0,2,10–15%,20,290,0.068965517241379309,0.25862068965517238,0.99707804690503654,0.99876970396001541,0.74502114571318723,1
F1 m=3 r=20%,surface_sensor_wmape,45,0,0,3,15–20%,12,290,0.041379310344827586,0.32758620689655171,0.9831603229527105,0.61737793156478282,0.35040369088811996,1
F1 m=3 r=20%,surface_sensor_wmape,45,0,0,4,≥20%,103,290,0.35517241379310344,0.36896551724137927,0.73933102652825844,0.088581314878892731,0.15086505190311419,1
F1 m=3 r=20%,surface_sensor_wmape,45,0,0,5,not lit,80,290,0.27586206896551724,0.72413793103448265,0.55000000000000004,0.55000000000000004,0.55000000000000004,1
F1 m=3 r=20%,surface_sensor_wmape,45,1,15,0,0–5%,122,637,0.19152276295133439,0,0.047981545559400242,0.49642445213379471,0.26182237600922725,1
F1 m=3 r=20%,surface_sensor_wmape,45,1,15,1,5–10%,83,637,0.13029827315541601,0.19152276295133439,0.5870049980776626,0.82299115724721261,0.40868896578239144,1
F1 m=3 r=20%,surface_sensor_wmape,45,1,15,2,10–15%,43,637,0.067503924646781788,0.32182103610675039,0.99707804690503654,0.99876970396001541,0.74502114571318723,1
F1 m=3 r=20%,surface_sensor_wmape,45,1,15,3,15–20%,38,637,0.059654631083202514,0.38932496075353218,0.9831603229527105,0.61737793156478282,0.35040369088811996,1
F1 m=3 r=20%,surface_sensor_wmape,45,1,15,4,≥20%,225,637,0.35321821036106749,0.44897959183673469,0.73933102652825844,0.088581314878892731,0.15086505190311419,1
F1 m=3 r=20%,surface_sensor_wmape,45,1,15,5,not lit,126,637,0.19780219780219779,0.80219780219780223,0.55000000000000004,0.55000000000000004,0.55000000000000004,1
F1 m=3 r=20%,surface_sensor_wmape,45,2,30,0,0–5%,370,1703,0.2172636523781562,0,0.047981545559400242,0.49642445213379471,0.26182237600922725,1
F1 m=3 r=20%,surface_sensor_wmape,45,2,30,1,5–10%,258,1703,0.15149735760422783,0.2172636523781562,0.5870049980776626,0.82299115724721261,0.40868896578239144,1
F1 m=3 r=20%,surface_sensor_wmape,45,2,30,2,10–15%,194,1703,0.11391661773341162,0.36876100998238404,0.99707804690503654,0.99876970396001541,0.74502114571318723,1
F1 m=3 r=20%,surface_sensor_wmape,45,2,30,3,15–20%,112,1703,0.065766294773928355,0.48267762771579564,0.9831603229527105,0.61737793156478282,0.35040369088811996,1
F1 m=3 r=20%,surface_sensor_wmape,45,2,30,4,≥20%,403,1703,0.23664122137404581,0.54844392248972396,0.73933102652825844,0.088581314878892731,0.15086505190311419,1
F1 m=3 r=20%,surface_sensor_wmape,45,2,30,5,not lit,366,1703,0.21491485613623018,0.78508514386376982,0.55000000000000004,0.55000000000000004,0.55000000000000004,1
F1 m=3 r=20%,surface_sensor_wmape,45,3,45,0,0–5%,43,187,0.22994652406417113,0,0.047981545559400242,0.49642445213379471,0.26182237600922725,1
F1 m=3 r=20%,surface_sensor_wmape,45,3,45,1,5–10%,38,187,0.20320855614973263,0.22994652406417113,0.5870049980776626,0.82299115724721261,0.40868896578239144,1
F1 m=3 r=20%,surface_sensor_wmape,45,3,45,2,10–15%,12,187,0.064171122994652413,0.43315508021390375,0.99707804690503654,0.99876970396001541,0.74502114571318723,1
F1 m=3 r=20%,surface_sensor_wmape,45,3,45,3,15–20%,24,187,0.12834224598930483,0.49732620320855614,0.9831603229527105,0.61737793156478282,0.35040369088811996,1
F1 m=3 r=20%,surface_sensor_wmape,45,3,45,4,≥20%,40,187,0.21390374331550802,0.62566844919786102,0.73933102652825844,0.088581314878892731,0.15086505190311419,1
F1 m=3 r=20%,surface_sensor_wmape,45,3,45,5,not lit,30,187,0.16042780748663102,0.83957219251336901,0.55000000000000004,0.55000000000000004,0.55000000000000004,1
F1 m=3 r=20%,surface_sensor_wmape,45,4,60,0,0–5%,153,412,0.37135922330097088,0,0.047981545559400242,0.49642445213379471,0.26182237600922725,1
F1 m=3 r=20%,surface_sensor_wmape,45,4,60,1,5–10%,57,412,0.13834951456310679,0.37135922330097088,0.5870049980776626,0.82299115724721261,0.40868896578239144,1
F1 m=3 r=20%,surface_sensor_wmape,45,4,60,2,10–15%,24,412,0.058252427184466021,0.50970873786407767,0.99707804690503654,0.99876970396001541,0.74502114571318723,1
F1 m=3 r=20%,surface_sensor_wmape,45,4,60,3,15–20%,23,412,0.055825242718446605,0.56796116504854366,0.9831603229527105,0.61737793156478282,0.35040369088811996,1
F1 m=3 r=20%,surface_sensor_wmape,45,4,60,4,≥20%,92,412,0.22330097087378642,0.62378640776699024,0.73933102652825844,0.088581314878892731,0.15086505190311419,1
F1 m=3 r=20%,surface_sensor_wmape,45,4,60,5,not lit,63,412,0.15291262135922329,0.84708737864077666,0.55000000000000004,0.55000000000000004,0.55000000000000004,1
F1 m=3 r=20%,surface_sensor_wmape,45,5,75,0,0–5%,312,826,0.37772397094430993,0,0.047981545559400242,0.49642445213379471,0.26182237600922725,1
F1 m=3 r=20%,surface_sensor_wmape,45,5,75,1,5–10%,118,826,0.14285714285714285,0.37772397094430993,0.5870049980776626,0.82299115724721261,0.40868896578239144,1
F1 m=3 r=20%,surface_sensor_wmape,45,5,75,2,10–15%,73,826,0.088377723970944316,0.52058111380145278,0.99707804690503654,0.99876970396001541,0.74502114571318723,1
F1 m=3 r=20%,surface_sensor_wmape,45,5,75,3,15–20%,43,826,0.052058111380145281,0.60895883777239712,0.9831603229527105,0.61737793156478282,0.35040369088811996,1
F1 m=3 r=20%,surface_sensor_wmape,45,5,75,4,≥20%,189,826,0.2288135593220339,0.66101694915254239,0.73933102652825844,0.088581314878892731,0.15086505190311419,1
F1 m=3 r=20%,surface_sensor_wmape,45,5,75,5,not lit,91,826,0.11016949152542373,0.88983050847457634,0.55000000000000004,0.55000000000000004,0.55000000000000004,1
F1 m=3 r=20%,surface_sensor_wmape,45,6,90,0,0–5%,74,286,0.25874125874125875,0,0.047981545559400242,0.49642445213379471,0.26182237600922725,1
F1 m=3 r=20%,surface_sensor_wmape,45,6,90,1,5–10%,46,286,0.16083916083916083,0.25874125874125875,0.5870049980776626,0.82299115724721261,0.40868896578239144,1
F1 m=3 r=20%,surface_sensor_wmape,45,6,90,2,10–15%,35,286,0.12237762237762238,0.41958041958041958,0.99707804690503654,0.99876970396001541,0.74502114571318723,1
F1 m=3 r=20%,surface_sensor_wmape,45,6,90,3,15–20%,17,286,0.05944055944055944,0.54195804195804198,0.9831603229527105,0.61737793156478282,0.35040369088811996,1
F1 m=3 r=20%,surface_sensor_wmape,45,6,90,4,≥20%,78,286,0.27272727272727271,0.60139860139860146,0.73933102652825844,0.088581314878892731,0.15086505190311419,1
F1 m=3 r=20%,surface_sensor_wmape,45,6,90,5,not lit,36,286,0.12587412587412589,0.87412587412587417,0.55000000000000004,0.55000000000000004,0.55000000000000004,1
F1 m=3 r=20%,surface_sensor_wmape,45,7,105,0,0–5%,202,611,0.33060556464811786,0,0.047981545559400242,0.49642445213379471,0.26182237600922725,1
F1 m=3 r=20%,surface_sensor_wmape,45,7,105,1,5–10%,86,611,0.14075286415711949,0.33060556464811786,0.5870049980776626,0.82299115724721261,0.40868896578239144,1
F1 m=3 r=20%,surface_sensor_wmape,45,7,105,2,10–15%,55,611,0.090016366612111293,0.47135842880523737,0.99707804690503654,0.99876970396001541,0.74502114571318723,1
F1 m=3 r=20%,surface_sensor_wmape,45,7,105,3,15–20%,31,611,0.050736497545008183,0.56137479541734869,0.9831603229527105,0.61737793156478282,0.35040369088811996,1
F1 m=3 r=20%,surface_sensor_wmape,45,7,105,4,≥20%,112,611,0.18330605564648117,0.61211129296235689,0.73933102652825844,0.088581314878892731,0.15086505190311419,1
F1 m=3 r=20%,surface_sensor_wmape,45,7,105,5,not lit,125,611,0.20458265139116202,0.79541734860883806,0.55000000000000004,0.55000000000000004,0.55000000000000004,1
F1 m=3 r=20%,surface_sensor_wmape,45,8,120,0,0–5%,598,1778,0.3363329583802025,0,0.047981545559400242,0.49642445213379471,0.26182237600922725,1
F1 m=3 r=20%,surface_sensor_wmape,45,8,120,1,5–10%,222,1778,0.12485939257592801,0.3363329583802025,0.5870049980776626,0.82299115724721261,0.40868896578239144,1
F1 m=3 r=20%,surface_sensor_wmape,45,8,120,2,10–15%,134,1778,0.07536557930258718,0.46119235095613054,0.99707804690503654,0.99876970396001541,0.74502114571318723,1
F1 m=3 r=20%,surface_sensor_wmape,45,8,120,3,15–20%,88,1778,0.049493813273340834,0.53655793025871767,0.9831603229527105,0.61737793156478282,0.35040369088811996,1
F1 m=3 r=20%,surface_sensor_wmape,45,8,120,4,≥20%,252,1778,0.14173228346456693,0.58605174353205847,0.73933102652825844,0.088581314878892731,0.15086505190311419,1
F1 m=3 r=20%,surface_sensor_wmape,45,8,120,5,not lit,484,1778,0.27221597300337458,0.72778402699662537,0.55000000000000004,0.55000000000000004,0.55000000000000004,1
F1 m=3 r=20%,surface_sensor_wmape,45,9,135,0,0–5%,70,188,0.37234042553191488,0,0.047981545559400242,0.49642445213379471,0.26182237600922725,1
F1 m=3 r=20%,surface_sensor_wmape,45,9,135,1,5–10%,33,188,0.17553191489361702,0.37234042553191488,0.5870049980776626,0.82299115724721261,0.40868896578239144,1
F1 m=3 r=20%,surface_sensor_wmape,45,9,135,2,10–15%,12,188,0.063829787234042548,0.5478723404255319,0.99707804690503654,0.99876970396001541,0.74502114571318723,1
F1 m=3 r=20%,surface_sensor_wmape,45,9,135,3,15–20%,6,188,0.031914893617021274,0.61170212765957444,0.9831603229527105,0.61737793156478282,0.35040369088811996,1
F1 m=3 r=20%,surface_sensor_wmape,45,9,135,4,≥20%,28,188,0.14893617021276595,0.6436170212765957,0.73933102652825844,0.088581314878892731,0.15086505190311419,1
F1 m=3 r=20%,surface_sensor_wmape,45,9,135,5,not lit,39,188,0.20744680851063829,0.79255319148936165,0.55000000000000004,0.55000000000000004,0.55000000000000004,1
F1 m=3 r=20%,surface_sensor_wmape,45,10,150,0,0–5%,169,456,0.37061403508771928,0,0.047981545559400242,0.49642445213379471,0.26182237600922725,1
F1 m=3 r=20%,surface_sensor_wmape,45,10,150,1,5–10%,61,456,0.1337719298245614,0.37061403508771928,0.5870049980776626,0.82299115724721261,0.40868896578239144,1
F1 m=3 r=20%,surface_sensor_wmape,45,10,150,2,10–15%,41,456,0.089912280701754388,0.50438596491228072,0.99707804690503654,0.99876970396001541,0.74502114571318723,1
F1 m=3 r=20%,surface_sensor_wmape,45,10,150,3,15–20%,23,456,0.050438596491228067,0.5942982456140351,0.9831603229527105,0.61737793156478282,0.35040369088811996,1
F1 m=3 r=20%,surface_sensor_wmape,45,10,150,4,≥20%,66,456,0.14473684210526316,0.64473684210526316,0.73933102652825844,0.088581314878892731,0.15086505190311419,1
F1 m=3 r=20%,surface_sensor_wmape,45,10,150,5,not lit,96,456,0.21052631578947367,0.78947368421052633,0.55000000000000004,0.55000000000000004,0.55000000000000004,1
F1 m=3 r=20%,surface_sensor_wmape,45,11,165,0,0–5%,359,907,0.39581036383682472,0,0.047981545559400242,0.49642445213379471,0.26182237600922725,1
F1 m=3 r=20%,surface_sensor_wmape,45,11,165,1,5–10%,107,907,0.11797133406835722,0.39581036383682472,0.5870049980776626,0.82299115724721261,0.40868896578239144,1
F1 m=3 r=20%,surface_sensor_wmape,45,11,165,2,10–15%,65,907,0.071664829106945979,0.51378169790518191,0.99707804690503654,0.99876970396001541,0.74502114571318723,1
F1 m=3 r=20%,surface_sensor_wmape,45,11,165,3,15–20%,29,907,0.031973539140022052,0.58544652701212785,0.9831603229527105,0.61737793156478282,0.35040369088811996,1
F1 m=3 r=20%,surface_sensor_wmape,45,11,165,4,≥20%,137,907,0.15104740904079383,0.61742006615214995,0.73933102652825844,0.088581314878892731,0.15086505190311419,1
F1 m=3 r=20%,surface_sensor_wmape,45,11,165,5,not lit,210,907,0.23153252480705622,0.76846747519294378,0.55000000000000004,0.55000000000000004,0.55000000000000004,1
F1 m=3 r=20%,surface_sensor_wmape,45,12,180,0,0–5%,84,276,0.30434782608695654,0,0.047981545559400242,0.49642445213379471,0.26182237600922725,1
F1 m=3 r=20%,surface_sensor_wmape,45,12,180,1,5–10%,36,276,0.13043478260869565,0.30434782608695654,0.5870049980776626,0.82299115724721261,0.40868896578239144,1
F1 m=3 r=20%,surface_sensor_wmape,45,12,180,2,10–15%,23,276,0.083333333333333329,0.43478260869565222,0.99707804690503654,0.99876970396001541,0.74502114571318723,1
F1 m=3 r=20%,surface_sensor_wmape,45,12,180,3,15–20%,14,276,0.050724637681159424,0.51811594202898559,0.9831603229527105,0.61737793156478282,0.35040369088811996,1
F1 m=3 r=20%,surface_sensor_wmape,45,12,180,4,≥20%,66,276,0.2391304347826087,0.56884057971014501,0.73933102652825844,0.088581314878892731,0.15086505190311419,1
F1 m=3 r=20%,surface_sensor_wmape,45,12,180,5,not lit,53,276,0.19202898550724637,0.80797101449275366,0.55000000000000004,0.55000000000000004,0.55000000000000004,1
F1 m=3 r=20%,surface_sensor_wmape,45,13,195,0,0–5%,283,610,0.4639344262295082,0,0.047981545559400242,0.49642445213379471,0.26182237600922725,1
F1 m=3 r=20%,surface_sensor_wmape,45,13,195,1,5–10%,89,610,0.14590163934426228,0.4639344262295082,0.5870049980776626,0.82299115724721261,0.40868896578239144,1
F1 m=3 r=20%,surface_sensor_wmape,45,13,195,2,10–15%,39,610,0.063934426229508193,0.60983606557377046,0.99707804690503654,0.99876970396001541,0.74502114571318723,1
F1 m=3 r=20%,surface_sensor_wmape,45,13,195,3,15–20%,21,610,0.034426229508196723,0.67377049180327864,0.9831603229527105,0.61737793156478282,0.35040369088811996,1
F1 m=3 r=20%,surface_sensor_wmape,45,13,195,4,≥20%,76,610,0.12459016393442623,0.70819672131147537,0.73933102652825844,0.088581314878892731,0.15086505190311419,1
F1 m=3 r=20%,surface_sensor_wmape,45,13,195,5,not lit,102,610,0.16721311475409836,0.83278688524590161,0.55000000000000004,0.55000000000000004,0.55000000000000004,1
F1 m=3 r=20%,surface_sensor_wmape,45,14,210,0,0–5%,651,1679,0.38773079213817746,0,0.047981545559400242,0.49642445213379471,0.26182237600922725,1
F1 m=3 r=20%,surface_sensor_wmape,45,14,210,1,5–10%,321,1679,0.19118522930315665,0.38773079213817746,0.5870049980776626,0.82299115724721261,0.40868896578239144,1
F1 m=3 r=20%,surface_sensor_wmape,45,14,210,2,10–15%,149,1679,0.088743299583085175,0.57891602144133414,0.99707804690503654,0.99876970396001541,0.74502114571318723,1
F1 m=3 r=20%,surface_sensor_wmape,45,14,210,3,15–20%,71,1679,0.042287075640262059,0.66765932102441927,0.9831603229527105,0.61737793156478282,0.35040369088811996,1
F1 m=3 r=20%,surface_sensor_wmape,45,14,210,4,≥20%,188,1679,0.11197141155449672,0.70994639666468129,0.73933102652825844,0.088581314878892731,0.15086505190311419,1
F1 m=3 r=20%,surface_sensor_wmape,45,14,210,5,not lit,299,1679,0.17808219178082191,0.82191780821917804,0.55000000000000004,0.55000000000000004,0.55000000000000004,1
F1 m=3 r=20%,surface_sensor_wmape,45,15,225,0,0–5%,82,197,0.41624365482233505,0,0.047981545559400242,0.49642445213379471,0.26182237600922725,1
F1 m=3 r=20%,surface_sensor_wmape,45,15,225,1,5–10%,27,197,0.13705583756345177,0.41624365482233505,0.5870049980776626,0.82299115724721261,0.40868896578239144,1
F1 m=3 r=20%,surface_sensor_wmape,45,15,225,2,10–15%,24,197,0.12182741116751269,0.5532994923857868,0.99707804690503654,0.99876970396001541,0.74502114571318723,1
F1 m=3 r=20%,surface_sensor_wmape,45,15,225,3,15–20%,13,197,0.065989847715736044,0.67512690355329952,0.9831603229527105,0.61737793156478282,0.35040369088811996,1
F1 m=3 r=20%,surface_sensor_wmape,45,15,225,4,≥20%,32,197,0.16243654822335024,0.74111675126903553,0.73933102652825844,0.088581314878892731,0.15086505190311419,1
F1 m=3 r=20%,surface_sensor_wmape,45,15,225,5,not lit,19,197,0.096446700507614211,0.90355329949238583,0.55000000000000004,0.55000000000000004,0.55000000000000004,1
F1 m=3 r=20%,surface_sensor_wmape,45,16,240,0,0–5%,159,407,0.39066339066339067,0,0.047981545559400242,0.49642445213379471,0.26182237600922725,1
F1 m=3 r=20%,surface_sensor_wmape,45,16,240,1,5–10%,57,407,0.14004914004914004,0.39066339066339067,0.5870049980776626,0.82299115724721261,0.40868896578239144,1
F1 m=3 r=20%,surface_sensor_wmape,45,16,240,2,10–15%,29,407,0.07125307125307126,0.53071253071253066,0.99707804690503654,0.99876970396001541,0.74502114571318723,1
F1 m=3 r=20%,surface_sensor_wmape,45,16,240,3,15–20%,19,407,0.046683046683046681,0.60196560196560189,0.9831603229527105,0.61737793156478282,0.35040369088811996,1
F1 m=3 r=20%,surface_sensor_wmape,45,16,240,4,≥20%,95,407,0.2334152334152334,0.64864864864864857,0.73933102652825844,0.088581314878892731,0.15086505190311419,1
F1 m=3 r=20%,surface_sensor_wmape,45,16,240,5,not lit,48,407,0.11793611793611794,0.88206388206388198,0.55000000000000004,0.55000000000000004,0.55000000000000004,1
F1 m=3 r=20%,surface_sensor_wmape,45,17,255,0,0–5%,346,815,0.42453987730061349,0,0.047981545559400242,0.49642445213379471,0.26182237600922725,1
F1 m=3 r=20%,surface_sensor_wmape,45,17,255,1,5–10%,115,815,0.1411042944785276,0.42453987730061349,0.5870049980776626,0.82299115724721261,0.40868896578239144,1
F1 m=3 r=20%,surface_sensor_wmape,45,17,255,2,10–15%,68,815,0.083435582822085894,0.56564417177914106,0.99707804690503654,0.99876970396001541,0.74502114571318723,1
F1 m=3 r=20%,surface_sensor_wmape,45,17,255,3,15–20%,36,815,0.044171779141104296,0.64907975460122691,0.9831603229527105,0.61737793156478282,0.35040369088811996,1
F1 m=3 r=20%,surface_sensor_wmape,45,17,255,4,≥20%,157,815,0.19263803680981595,0.69325153374233117,0.73933102652825844,0.088581314878892731,0.15086505190311419,1
F1 m=3 r=20%,surface_sensor_wmape,45,17,255,5,not lit,93,815,0.11411042944785275,0.88588957055214712,0.55000000000000004,0.55000000000000004,0.55000000000000004,1
F1 m=3 r=20%,surface_sensor_wmape,45,18,270,0,0–5%,68,265,0.25660377358490566,0,0.047981545559400242,0.49642445213379471,0.26182237600922725,1
F1 m=3 r=20%,surface_sensor_wmape,45,18,270,1,5–10%,32,265,0.12075471698113208,0.25660377358490566,0.5870049980776626,0.82299115724721261,0.40868896578239144,1
F1 m=3 r=20%,surface_sensor_wmape,45,18,270,2,10–15%,31,265,0.1169811320754717,0.37735849056603776,0.99707804690503654,0.99876970396001541,0.74502114571318723,1
F1 m=3 r=20%,surface_sensor_wmape,45,18,270,3,15–20%,18,265,0.067924528301886791,0.49433962264150944,0.9831603229527105,0.61737793156478282,0.35040369088811996,1
F1 m=3 r=20%,surface_sensor_wmape,45,18,270,4,≥20%,81,265,0.30566037735849055,0.56226415094339621,0.73933102652825844,0.088581314878892731,0.15086505190311419,1
F1 m=3 r=20%,surface_sensor_wmape,45,18,270,5,not lit,35,265,0.13207547169811321,0.86792452830188682,0.55000000000000004,0.55000000000000004,0.55000000000000004,1
F1 m=3 r=20%,surface_sensor_wmape,45,19,285,0,0–5%,195,609,0.32019704433497537,0,0.047981545559400242,0.49642445213379471,0.26182237600922725,1
F1 m=3 r=20%,surface_sensor_wmape,45,19,285,1,5–10%,93,609,0.15270935960591134,0.32019704433497537,0.5870049980776626,0.82299115724721261,0.40868896578239144,1
F1 m=3 r=20%,surface_sensor_wmape,45,19,285,2,10–15%,57,609,0.093596059113300489,0.47290640394088668,0.99707804690503654,0.99876970396001541,0.74502114571318723,1
F1 m=3 r=20%,surface_sensor_wmape,45,19,285,3,15–20%,26,609,0.042692939244663386,0.56650246305418717,0.9831603229527105,0.61737793156478282,0.35040369088811996,1
F1 m=3 r=20%,surface_sensor_wmape,45,19,285,4,≥20%,132,609,0.21674876847290642,0.60919540229885061,0.73933102652825844,0.088581314878892731,0.15086505190311419,1
F1 m=3 r=20%,surface_sensor_wmape,45,19,285,5,not lit,106,609,0.17405582922824303,0.82594417077175697,0.55000000000000004,0.55000000000000004,0.55000000000000004,1
F1 m=3 r=20%,surface_sensor_wmape,45,20,300,0,0–5%,430,1781,0.24143739472206627,0,0.047981545559400242,0.49642445213379471,0.26182237600922725,1
F1 m=3 r=20%,surface_sensor_wmape,45,20,300,1,5–10%,239,1781,0.13419427288040428,0.24143739472206627,0.5870049980776626,0.82299115724721261,0.40868896578239144,1
F1 m=3 r=20%,surface_sensor_wmape,45,20,300,2,10–15%,154,1781,0.086468276249298148,0.37563166760247058,0.99707804690503654,0.99876970396001541,0.74502114571318723,1
F1 m=3 r=20%,surface_sensor_wmape,45,20,300,3,15–20%,100,1781,0.056148231330713082,0.46209994385176872,0.9831603229527105,0.61737793156478282,0.35040369088811996,1
F1 m=3 r=20%,surface_sensor_wmape,45,20,300,4,≥20%,299,1781,0.16788321167883211,0.51824817518248179,0.73933102652825844,0.088581314878892731,0.15086505190311419,1
F1 m=3 r=20%,surface_sensor_wmape,45,20,300,5,not lit,559,1781,0.31386861313868614,0.68613138686131392,0.55000000000000004,0.55000000000000004,0.55000000000000004,1
F1 m=3 r=20%,surface_sensor_wmape,45,21,315,0,0–5%,38,190,0.20000000000000001,0,0.047981545559400242,0.49642445213379471,0.26182237600922725,1
F1 m=3 r=20%,surface_sensor_wmape,45,21,315,1,5–10%,24,190,0.12631578947368421,0.20000000000000001,0.5870049980776626,0.82299115724721261,0.40868896578239144,1
F1 m=3 r=20%,surface_sensor_wmape,45,21,315,2,10–15%,18,190,0.094736842105263161,0.32631578947368423,0.99707804690503654,0.99876970396001541,0.74502114571318723,1
F1 m=3 r=20%,surface_sensor_wmape,45,21,315,3,15–20%,15,190,0.078947368421052627,0.4210526315789474,0.9831603229527105,0.61737793156478282,0.35040369088811996,1
F1 m=3 r=20%,surface_sensor_wmape,45,21,315,4,≥20%,64,190,0.33684210526315789,0.5,0.73933102652825844,0.088581314878892731,0.15086505190311419,1
F1 m=3 r=20%,surface_sensor_wmape,45,21,315,5,not lit,31,190,0.16315789473684211,0.83684210526315783,0.55000000000000004,0.55000000000000004,0.55000000000000004,1
F1 m=3 r=20%,surface_sensor_wmape,45,22,330,0,0–5%,61,442,0.13800904977375567,0,0.047981545559400242,0.49642445213379471,0.26182237600922725,1
F1 m=3 r=20%,surface_sensor_wmape,45,22,330,1,5–10%,39,442,0.088235294117647065,0.13800904977375567,0.5870049980776626,0.82299115724721261,0.40868896578239144,1
F1 m=3 r=20%,surface_sensor_wmape,45,22,330,2,10–15%,33,442,0.074660633484162894,0.22624434389140274,0.99707804690503654,0.99876970396001541,0.74502114571318723,1
F1 m=3 r=20%,surface_sensor_wmape,45,22,330,3,15–20%,30,442,0.067873303167420809,0.30090497737556565,0.9831603229527105,0.61737793156478282,0.35040369088811996,1
F1 m=3 r=20%,surface_sensor_wmape,45,22,330,4,≥20%,161,442,0.36425339366515835,0.36877828054298645,0.73933102652825844,0.088581314878892731,0.15086505190311419,1
F1 m=3 r=20%,surface_sensor_wmape,45,22,330,5,not lit,118,442,0.2669683257918552,0.73303167420814486,0.55000000000000004,0.55000000000000004,0.55000000000000004,1
F1 m=3 r=20%,surface_sensor_wmape,45,23,345,0,0–5%,148,924,0.16017316017316016,0,0.047981545559400242,0.49642445213379471,0.26182237600922725,1
F1 m=3 r=20%,surface_sensor_wmape,45,23,345,1,5–10%,68,924,0.073593073593073599,0.16017316017316016,0.5870049980776626,0.82299115724721261,0.40868896578239144,1
F1 m=3 r=20%,surface_sensor_wmape,45,23,345,2,10–15%,62,924,0.067099567099567103,0.23376623376623376,0.99707804690503654,0.99876970396001541,0.74502114571318723,1
F1 m=3 r=20%,surface_sensor_wmape,45,23,345,3,15–20%,50,924,0.054112554112554112,0.30086580086580084,0.9831603229527105,0.61737793156478282,0.35040369088811996,1
F1 m=3 r=20%,surface_sensor_wmape,45,23,345,4,≥20%,320,924,0.34632034632034631,0.35497835497835495,0.73933102652825844,0.088581314878892731,0.15086505190311419,1
F1 m=3 r=20%,surface_sensor_wmape,45,23,345,5,not lit,276,924,0.29870129870129869,0.70129870129870131,0.55000000000000004,0.55000000000000004,0.55000000000000004,1
F1 m=3 r=20%,surface_sensor_wmape,60,0,0,0,0–5%,27,290,0.093103448275862075,0,0.047981545559400242,0.49642445213379471,0.26182237600922725,1
F1 m=3 r=20%,surface_sensor_wmape,60,0,0,1,5–10%,27,290,0.093103448275862075,0.093103448275862075,0.5870049980776626,0.82299115724721261,0.40868896578239144,1
F1 m=3 r=20%,surface_sensor_wmape,60,0,0,2,10–15%,20,290,0.068965517241379309,0.18620689655172415,0.99707804690503654,0.99876970396001541,0.74502114571318723,1
F1 m=3 r=20%,surface_sensor_wmape,60,0,0,3,15–20%,19,290,0.065517241379310351,0.25517241379310346,0.9831603229527105,0.61737793156478282,0.35040369088811996,1
F1 m=3 r=20%,surface_sensor_wmape,60,0,0,4,≥20%,112,290,0.38620689655172413,0.32068965517241382,0.73933102652825844,0.088581314878892731,0.15086505190311419,1
F1 m=3 r=20%,surface_sensor_wmape,60,0,0,5,not lit,85,290,0.29310344827586204,0.7068965517241379,0.55000000000000004,0.55000000000000004,0.55000000000000004,1
F1 m=3 r=20%,surface_sensor_wmape,60,1,15,0,0–5%,90,637,0.14128728414442701,0,0.047981545559400242,0.49642445213379471,0.26182237600922725,1
F1 m=3 r=20%,surface_sensor_wmape,60,1,15,1,5–10%,63,637,0.098901098901098897,0.14128728414442701,0.5870049980776626,0.82299115724721261,0.40868896578239144,1
F1 m=3 r=20%,surface_sensor_wmape,60,1,15,2,10–15%,55,637,0.086342229199372053,0.24018838304552592,0.99707804690503654,0.99876970396001541,0.74502114571318723,1
F1 m=3 r=20%,surface_sensor_wmape,60,1,15,3,15–20%,43,637,0.067503924646781788,0.32653061224489799,0.9831603229527105,0.61737793156478282,0.35040369088811996,1
F1 m=3 r=20%,surface_sensor_wmape,60,1,15,4,≥20%,245,637,0.38461538461538464,0.39403453689167978,0.73933102652825844,0.088581314878892731,0.15086505190311419,1
F1 m=3 r=20%,surface_sensor_wmape,60,1,15,5,not lit,141,637,0.22135007849293564,0.77864992150706436,0.55000000000000004,0.55000000000000004,0.55000000000000004,1
F1 m=3 r=20%,surface_sensor_wmape,60,2,30,0,0–5%,251,1703,0.14738696418085731,0,0.047981545559400242,0.49642445213379471,0.26182237600922725,1
F1 m=3 r=20%,surface_sensor_wmape,60,2,30,1,5–10%,239,1703,0.14034057545507928,0.14738696418085731,0.5870049980776626,0.82299115724721261,0.40868896578239144,1
F1 m=3 r=20%,surface_sensor_wmape,60,2,30,2,10–15%,220,1703,0.12918379330593072,0.28772753963593656,0.99707804690503654,0.99876970396001541,0.74502114571318723,1
F1 m=3 r=20%,surface_sensor_wmape,60,2,30,3,15–20%,117,1703,0.068702290076335881,0.41691133294186727,0.9831603229527105,0.61737793156478282,0.35040369088811996,1
F1 m=3 r=20%,surface_sensor_wmape,60,2,30,4,≥20%,448,1703,0.26306517909571342,0.48561362301820316,0.73933102652825844,0.088581314878892731,0.15086505190311419,1
F1 m=3 r=20%,surface_sensor_wmape,60,2,30,5,not lit,428,1703,0.25132119788608337,0.74867880211391657,0.55000000000000004,0.55000000000000004,0.55000000000000004,1
F1 m=3 r=20%,surface_sensor_wmape,60,3,45,0,0–5%,31,187,0.16577540106951871,0,0.047981545559400242,0.49642445213379471,0.26182237600922725,1
F1 m=3 r=20%,surface_sensor_wmape,60,3,45,1,5–10%,31,187,0.16577540106951871,0.16577540106951871,0.5870049980776626,0.82299115724721261,0.40868896578239144,1
F1 m=3 r=20%,surface_sensor_wmape,60,3,45,2,10–15%,18,187,0.096256684491978606,0.33155080213903743,0.99707804690503654,0.99876970396001541,0.74502114571318723,1
F1 m=3 r=20%,surface_sensor_wmape,60,3,45,3,15–20%,13,187,0.069518716577540107,0.42780748663101603,0.9831603229527105,0.61737793156478282,0.35040369088811996,1
F1 m=3 r=20%,surface_sensor_wmape,60,3,45,4,≥20%,57,187,0.30481283422459893,0.49732620320855614,0.73933102652825844,0.088581314878892731,0.15086505190311419,1
F1 m=3 r=20%,surface_sensor_wmape,60,3,45,5,not lit,37,187,0.19786096256684493,0.80213903743315507,0.55000000000000004,0.55000000000000004,0.55000000000000004,1
F1 m=3 r=20%,surface_sensor_wmape,60,4,60,0,0–5%,134,412,0.32524271844660196,0,0.047981545559400242,0.49642445213379471,0.26182237600922725,1
F1 m=3 r=20%,surface_sensor_wmape,60,4,60,1,5–10%,52,412,0.12621359223300971,0.32524271844660196,0.5870049980776626,0.82299115724721261,0.40868896578239144,1
F1 m=3 r=20%,surface_sensor_wmape,60,4,60,2,10–15%,30,412,0.07281553398058252,0.45145631067961167,0.99707804690503654,0.99876970396001541,0.74502114571318723,1
F1 m=3 r=20%,surface_sensor_wmape,60,4,60,3,15–20%,16,412,0.038834951456310676,0.52427184466019416,0.9831603229527105,0.61737793156478282,0.35040369088811996,1
F1 m=3 r=20%,surface_sensor_wmape,60,4,60,4,≥20%,114,412,0.27669902912621358,0.56310679611650483,0.73933102652825844,0.088581314878892731,0.15086505190311419,1
F1 m=3 r=20%,surface_sensor_wmape,60,4,60,5,not lit,66,412,0.16019417475728157,0.83980582524271841,0.55000000000000004,0.55000000000000004,0.55000000000000004,1
F1 m=3 r=20%,surface_sensor_wmape,60,5,75,0,0–5%,247,826,0.2990314769975787,0,0.047981545559400242,0.49642445213379471,0.26182237600922725,1
F1 m=3 r=20%,surface_sensor_wmape,60,5,75,1,5–10%,114,826,0.13801452784503632,0.2990314769975787,0.5870049980776626,0.82299115724721261,0.40868896578239144,1
F1 m=3 r=20%,surface_sensor_wmape,60,5,75,2,10–15%,83,826,0.10048426150121065,0.43704600484261502,0.99707804690503654,0.99876970396001541,0.74502114571318723,1
F1 m=3 r=20%,surface_sensor_wmape,60,5,75,3,15–20%,33,826,0.039951573849878935,0.53753026634382572,0.9831603229527105,0.61737793156478282,0.35040369088811996,1
F1 m=3 r=20%,surface_sensor_wmape,60,5,75,4,≥20%,243,826,0.29418886198547217,0.57748184019370463,0.73933102652825844,0.088581314878892731,0.15086505190311419,1
F1 m=3 r=20%,surface_sensor_wmape,60,5,75,5,not lit,106,826,0.12832929782082325,0.87167070217917675,0.55000000000000004,0.55000000000000004,0.55000000000000004,1
F1 m=3 r=20%,surface_sensor_wmape,60,6,90,0,0–5%,59,286,0.2062937062937063,0,0.047981545559400242,0.49642445213379471,0.26182237600922725,1
F1 m=3 r=20%,surface_sensor_wmape,60,6,90,1,5–10%,40,286,0.13986013986013987,0.2062937062937063,0.5870049980776626,0.82299115724721261,0.40868896578239144,1
F1 m=3 r=20%,surface_sensor_wmape,60,6,90,2,10–15%,31,286,0.10839160839160839,0.34615384615384615,0.99707804690503654,0.99876970396001541,0.74502114571318723,1
F1 m=3 r=20%,surface_sensor_wmape,60,6,90,3,15–20%,18,286,0.062937062937062943,0.45454545454545453,0.9831603229527105,0.61737793156478282,0.35040369088811996,1
F1 m=3 r=20%,surface_sensor_wmape,60,6,90,4,≥20%,101,286,0.35314685314685312,0.5174825174825175,0.73933102652825844,0.088581314878892731,0.15086505190311419,1
F1 m=3 r=20%,surface_sensor_wmape,60,6,90,5,not lit,37,286,0.12937062937062938,0.87062937062937062,0.55000000000000004,0.55000000000000004,0.55000000000000004,1
F1 m=3 r=20%,surface_sensor_wmape,60,7,105,0,0–5%,183,611,0.29950900163666122,0,0.047981545559400242,0.49642445213379471,0.26182237600922725,1
F1 m=3 r=20%,surface_sensor_wmape,60,7,105,1,5–10%,84,611,0.13747954173486088,0.29950900163666122,0.5870049980776626,0.82299115724721261,0.40868896578239144,1
F1 m=3 r=20%,surface_sensor_wmape,60,7,105,2,10–15%,58,611,0.094926350245499183,0.4369885433715221,0.99707804690503654,0.99876970396001541,0.74502114571318723,1
F1 m=3 r=20%,surface_sensor_wmape,60,7,105,3,15–20%,33,611,0.054009819967266774,0.53191489361702127,0.9831603229527105,0.61737793156478282,0.35040369088811996,1
F1 m=3 r=20%,surface_sensor_wmape,60,7,105,4,≥20%,119,611,0.19476268412438624,0.58592471358428799,0.73933102652825844,0.088581314878892731,0.15086505190311419,1
F1 m=3 r=20%,surface_sensor_wmape,60,7,105,5,not lit,134,611,0.21931260229132571,0.78068739770867424,0.55000000000000004,0.55000000000000004,0.55000000000000004,1
F1 m=3 r=20%,surface_sensor_wmape,60,8,120,0,0–5%,510,1778,0.28683914510686165,0,0.047981545559400242,0.49642445213379471,0.26182237600922725,1
F1 m=3 r=20%,surface_sensor_wmape,60,8,120,1,5–10%,240,1778,0.13498312710911137,0.28683914510686165,0.5870049980776626,0.82299115724721261,0.40868896578239144,1
F1 m=3 r=20%,surface_sensor_wmape,60,8,120,2,10–15%,142,1778,0.079865016872890895,0.42182227221597302,0.99707804690503654,0.99876970396001541,0.74502114571318723,1
F1 m=3 r=20%,surface_sensor_wmape,60,8,120,3,15–20%,80,1778,0.044994375703037118,0.50168728908886395,0.9831603229527105,0.61737793156478282,0.35040369088811996,1
F1 m=3 r=20%,surface_sensor_wmape,60,8,120,4,≥20%,273,1778,0.15354330708661418,0.54668166479190106,0.73933102652825844,0.088581314878892731,0.15086505190311419,1
F1 m=3 r=20%,surface_sensor_wmape,60,8,120,5,not lit,533,1778,0.29977502812148482,0.70022497187851518,0.55000000000000004,0.55000000000000004,0.55000000000000004,1
F1 m=3 r=20%,surface_sensor_wmape,60,9,135,0,0–5%,67,188,0.35638297872340424,0,0.047981545559400242,0.49642445213379471,0.26182237600922725,1
F1 m=3 r=20%,surface_sensor_wmape,60,9,135,1,5–10%,35,188,0.18617021276595744,0.35638297872340424,0.5870049980776626,0.82299115724721261,0.40868896578239144,1
F1 m=3 r=20%,surface_sensor_wmape,60,9,135,2,10–15%,8,188,0.042553191489361701,0.54255319148936165,0.99707804690503654,0.99876970396001541,0.74502114571318723,1
F1 m=3 r=20%,surface_sensor_wmape,60,9,135,3,15–20%,8,188,0.042553191489361701,0.58510638297872331,0.9831603229527105,0.61737793156478282,0.35040369088811996,1
F1 m=3 r=20%,surface_sensor_wmape,60,9,135,4,≥20%,31,188,0.16489361702127658,0.62765957446808496,0.73933102652825844,0.088581314878892731,0.15086505190311419,1
F1 m=3 r=20%,surface_sensor_wmape,60,9,135,5,not lit,39,188,0.20744680851063829,0.79255319148936154,0.55000000000000004,0.55000000000000004,0.55000000000000004,1
F1 m=3 r=20%,surface_sensor_wmape,60,10,150,0,0–5%,155,456,0.33991228070175439,0,0.047981545559400242,0.49642445213379471,0.26182237600922725,1
F1 m=3 r=20%,surface_sensor_wmape,60,10,150,1,5–10%,61,456,0.1337719298245614,0.33991228070175439,0.5870049980776626,0.82299115724721261,0.40868896578239144,1
F1 m=3 r=20%,surface_sensor_wmape,60,10,150,2,10–15%,33,456,0.072368421052631582,0.47368421052631582,0.99707804690503654,0.99876970396001541,0.74502114571318723,1
F1 m=3 r=20%,surface_sensor_wmape,60,10,150,3,15–20%,10,456,0.021929824561403508,0.54605263157894735,0.9831603229527105,0.61737793156478282,0.35040369088811996,1
F1 m=3 r=20%,surface_sensor_wmape,60,10,150,4,≥20%,91,456,0.19956140350877194,0.56798245614035081,0.73933102652825844,0.088581314878892731,0.15086505190311419,1
F1 m=3 r=20%,surface_sensor_wmape,60,10,150,5,not lit,106,456,0.23245614035087719,0.76754385964912275,0.55000000000000004,0.55000000000000004,0.55000000000000004,1
F1 m=3 r=20%,surface_sensor_wmape,60,11,165,0,0–5%,300,907,0.33076074972436603,0,0.047981545559400242,0.49642445213379471,0.26182237600922725,1
F1 m=3 r=20%,surface_sensor_wmape,60,11,165,1,5–10%,128,907,0.14112458654906285,0.33076074972436603,0.5870049980776626,0.82299115724721261,0.40868896578239144,1
F1 m=3 r=20%,surface_sensor_wmape,60,11,165,2,10–15%,62,907,0.068357221609702312,0.47188533627342888,0.99707804690503654,0.99876970396001541,0.74502114571318723,1
F1 m=3 r=20%,surface_sensor_wmape,60,11,165,3,15–20%,32,907,0.035281146637265712,0.54024255788313114,0.9831603229527105,0.61737793156478282,0.35040369088811996,1
F1 m=3 r=20%,surface_sensor_wmape,60,11,165,4,≥20%,170,907,0.1874310915104741,0.57552370452039681,0.73933102652825844,0.088581314878892731,0.15086505190311419,1
F1 m=3 r=20%,surface_sensor_wmape,60,11,165,5,not lit,215,907,0.23704520396912901,0.76295479603087091,0.55000000000000004,0.55000000000000004,0.55000000000000004,1
F1 m=3 r=20%,surface_sensor_wmape,60,12,180,0,0–5%,70,276,0.25362318840579712,0,0.047981545559400242,0.49642445213379471,0.26182237600922725,1
F1 m=3 r=20%,surface_sensor_wmape,60,12,180,1,5–10%,36,276,0.13043478260869565,0.25362318840579712,0.5870049980776626,0.82299115724721261,0.40868896578239144,1
F1 m=3 r=20%,surface_sensor_wmape,60,12,180,2,10–15%,28,276,0.10144927536231885,0.38405797101449279,0.99707804690503654,0.99876970396001541,0.74502114571318723,1
F1 m=3 r=20%,surface_sensor_wmape,60,12,180,3,15–20%,14,276,0.050724637681159424,0.48550724637681164,0.9831603229527105,0.61737793156478282,0.35040369088811996,1
F1 m=3 r=20%,surface_sensor_wmape,60,12,180,4,≥20%,73,276,0.26449275362318841,0.53623188405797106,0.73933102652825844,0.088581314878892731,0.15086505190311419,1
F1 m=3 r=20%,surface_sensor_wmape,60,12,180,5,not lit,55,276,0.19927536231884058,0.80072463768115942,0.55000000000000004,0.55000000000000004,0.55000000000000004,1
F1 m=3 r=20%,surface_sensor_wmape,60,13,195,0,0–5%,260,610,0.42622950819672129,0,0.047981545559400242,0.49642445213379471,0.26182237600922725,1
F1 m=3 r=20%,surface_sensor_wmape,60,13,195,1,5–10%,94,610,0.1540983606557377,0.42622950819672129,0.5870049980776626,0.82299115724721261,0.40868896578239144,1
F1 m=3 r=20%,surface_sensor_wmape,60,13,195,2,10–15%,41,610,0.067213114754098358,0.58032786885245902,0.99707804690503654,0.99876970396001541,0.74502114571318723,1
F1 m=3 r=20%,surface_sensor_wmape,60,13,195,3,15–20%,27,610,0.044262295081967211,0.64754098360655732,0.9831603229527105,0.61737793156478282,0.35040369088811996,1
F1 m=3 r=20%,surface_sensor_wmape,60,13,195,4,≥20%,84,610,0.13770491803278689,0.69180327868852454,0.73933102652825844,0.088581314878892731,0.15086505190311419,1
F1 m=3 r=20%,surface_sensor_wmape,60,13,195,5,not lit,104,610,0.17049180327868851,0.82950819672131137,0.55000000000000004,0.55000000000000004,0.55000000000000004,1
F1 m=3 r=20%,surface_sensor_wmape,60,14,210,0,0–5%,584,1679,0.34782608695652173,0,0.047981545559400242,0.49642445213379471,0.26182237600922725,1
F1 m=3 r=20%,surface_sensor_wmape,60,14,210,1,5–10%,298,1679,0.17748659916617035,0.34782608695652173,0.5870049980776626,0.82299115724721261,0.40868896578239144,1
F1 m=3 r=20%,surface_sensor_wmape,60,14,210,2,10–15%,161,1679,0.095890410958904104,0.52531268612269211,0.99707804690503654,0.99876970396001541,0.74502114571318723,1
F1 m=3 r=20%,surface_sensor_wmape,60,14,210,3,15–20%,81,1679,0.048243001786777845,0.62120309708159627,0.9831603229527105,0.61737793156478282,0.35040369088811996,1
F1 m=3 r=20%,surface_sensor_wmape,60,14,210,4,≥20%,255,1679,0.15187611673615248,0.66944609886837414,0.73933102652825844,0.088581314878892731,0.15086505190311419,1
F1 m=3 r=20%,surface_sensor_wmape,60,14,210,5,not lit,300,1679,0.17867778439547349,0.82132221560452656,0.55000000000000004,0.55000000000000004,0.55000000000000004,1
F1 m=3 r=20%,surface_sensor_wmape,60,15,225,0,0–5%,70,197,0.35532994923857869,0,0.047981545559400242,0.49642445213379471,0.26182237600922725,1
F1 m=3 r=20%,surface_sensor_wmape,60,15,225,1,5–10%,34,197,0.17258883248730963,0.35532994923857869,0.5870049980776626,0.82299115724721261,0.40868896578239144,1
F1 m=3 r=20%,surface_sensor_wmape,60,15,225,2,10–15%,12,197,0.060913705583756347,0.52791878172588835,0.99707804690503654,0.99876970396001541,0.74502114571318723,1
F1 m=3 r=20%,surface_sensor_wmape,60,15,225,3,15–20%,21,197,0.1065989847715736,0.58883248730964466,0.9831603229527105,0.61737793156478282,0.35040369088811996,1
F1 m=3 r=20%,surface_sensor_wmape,60,15,225,4,≥20%,37,197,0.18781725888324874,0.69543147208121825,0.73933102652825844,0.088581314878892731,0.15086505190311419,1
F1 m=3 r=20%,surface_sensor_wmape,60,15,225,5,not lit,23,197,0.116751269035533,0.88324873096446699,0.55000000000000004,0.55000000000000004,0.55000000000000004,1
F1 m=3 r=20%,surface_sensor_wmape,60,16,240,0,0–5%,149,407,0.36609336609336607,0,0.047981545559400242,0.49642445213379471,0.26182237600922725,1
F1 m=3 r=20%,surface_sensor_wmape,60,16,240,1,5–10%,50,407,0.12285012285012285,0.36609336609336607,0.5870049980776626,0.82299115724721261,0.40868896578239144,1
F1 m=3 r=20%,surface_sensor_wmape,60,16,240,2,10–15%,32,407,0.078624078624078622,0.48894348894348894,0.99707804690503654,0.99876970396001541,0.74502114571318723,1
F1 m=3 r=20%,surface_sensor_wmape,60,16,240,3,15–20%,19,407,0.046683046683046681,0.56756756756756754,0.9831603229527105,0.61737793156478282,0.35040369088811996,1
F1 m=3 r=20%,surface_sensor_wmape,60,16,240,4,≥20%,106,407,0.26044226044226043,0.61425061425061422,0.73933102652825844,0.088581314878892731,0.15086505190311419,1
F1 m=3 r=20%,surface_sensor_wmape,60,16,240,5,not lit,51,407,0.12530712530712532,0.8746928746928746,0.55000000000000004,0.55000000000000004,0.55000000000000004,1
F1 m=3 r=20%,surface_sensor_wmape,60,17,255,0,0–5%,301,815,0.36932515337423311,0,0.047981545559400242,0.49642445213379471,0.26182237600922725,1
F1 m=3 r=20%,surface_sensor_wmape,60,17,255,1,5–10%,106,815,0.13006134969325153,0.36932515337423311,0.5870049980776626,0.82299115724721261,0.40868896578239144,1
F1 m=3 r=20%,surface_sensor_wmape,60,17,255,2,10–15%,74,815,0.090797546012269942,0.49938650306748467,0.99707804690503654,0.99876970396001541,0.74502114571318723,1
F1 m=3 r=20%,surface_sensor_wmape,60,17,255,3,15–20%,49,815,0.060122699386503067,0.59018404907975464,0.9831603229527105,0.61737793156478282,0.35040369088811996,1
F1 m=3 r=20%,surface_sensor_wmape,60,17,255,4,≥20%,193,815,0.23680981595092024,0.65030674846625769,0.73933102652825844,0.088581314878892731,0.15086505190311419,1
F1 m=3 r=20%,surface_sensor_wmape,60,17,255,5,not lit,92,815,0.11288343558282209,0.8871165644171779,0.55000000000000004,0.55000000000000004,0.55000000000000004,1
F1 m=3 r=20%,surface_sensor_wmape,60,18,270,0,0–5%,56,265,0.21132075471698114,0,0.047981545559400242,0.49642445213379471,0.26182237600922725,1
F1 m=3 r=20%,surface_sensor_wmape,60,18,270,1,5–10%,33,265,0.12452830188679245,0.21132075471698114,0.5870049980776626,0.82299115724721261,0.40868896578239144,1
F1 m=3 r=20%,surface_sensor_wmape,60,18,270,2,10–15%,19,265,0.071698113207547168,0.33584905660377362,0.99707804690503654,0.99876970396001541,0.74502114571318723,1
F1 m=3 r=20%,surface_sensor_wmape,60,18,270,3,15–20%,21,265,0.079245283018867921,0.40754716981132078,0.9831603229527105,0.61737793156478282,0.35040369088811996,1
F1 m=3 r=20%,surface_sensor_wmape,60,18,270,4,≥20%,98,265,0.36981132075471695,0.48679245283018868,0.73933102652825844,0.088581314878892731,0.15086505190311419,1
F1 m=3 r=20%,surface_sensor_wmape,60,18,270,5,not lit,38,265,0.14339622641509434,0.85660377358490569,0.55000000000000004,0.55000000000000004,0.55000000000000004,1
F1 m=3 r=20%,surface_sensor_wmape,60,19,285,0,0–5%,184,609,0.30213464696223319,0,0.047981545559400242,0.49642445213379471,0.26182237600922725,1
F1 m=3 r=20%,surface_sensor_wmape,60,19,285,1,5–10%,90,609,0.14778325123152711,0.30213464696223319,0.5870049980776626,0.82299115724721261,0.40868896578239144,1
F1 m=3 r=20%,surface_sensor_wmape,60,19,285,2,10–15%,52,609,0.085385878489326772,0.44991789819376027,0.99707804690503654,0.99876970396001541,0.74502114571318723,1
F1 m=3 r=20%,surface_sensor_wmape,60,19,285,3,15–20%,36,609,0.059113300492610835,0.53530377668308704,0.9831603229527105,0.61737793156478282,0.35040369088811996,1
F1 m=3 r=20%,surface_sensor_wmape,60,19,285,4,≥20%,135,609,0.22167487684729065,0.59441707717569792,0.73933102652825844,0.088581314878892731,0.15086505190311419,1
F1 m=3 r=20%,surface_sensor_wmape,60,19,285,5,not lit,112,609,0.18390804597701149,0.81609195402298851,0.55000000000000004,0.55000000000000004,0.55000000000000004,1
F1 m=3 r=20%,surface_sensor_wmape,60,20,300,0,0–5%,375,1781,0.21055586749017405,0,0.047981545559400242,0.49642445213379471,0.26182237600922725,1
F1 m=3 r=20%,surface_sensor_wmape,60,20,300,1,5–10%,207,1781,0.11622683885457608,0.21055586749017405,0.5870049980776626,0.82299115724721261,0.40868896578239144,1
F1 m=3 r=20%,surface_sensor_wmape,60,20,300,2,10–15%,163,1781,0.091521617069062325,0.32678270634475015,0.99707804690503654,0.99876970396001541,0.74502114571318723,1
F1 m=3 r=20%,surface_sensor_wmape,60,20,300,3,15–20%,99,1781,0.055586749017405949,0.41830432341381246,0.9831603229527105,0.61737793156478282,0.35040369088811996,1
F1 m=3 r=20%,surface_sensor_wmape,60,20,300,4,≥20%,348,1781,0.19539584503088153,0.47389107243121842,0.73933102652825844,0.088581314878892731,0.15086505190311419,1
F1 m=3 r=20%,surface_sensor_wmape,60,20,300,5,not lit,589,1781,0.33071308253790005,0.6692869174620999,0.55000000000000004,0.55000000000000004,0.55000000000000004,1
F1 m=3 r=20%,surface_sensor_wmape,60,21,315,0,0–5%,28,190,0.14736842105263157,0,0.047981545559400242,0.49642445213379471,0.26182237600922725,1
F1 m=3 r=20%,surface_sensor_wmape,60,21,315,1,5–10%,20,190,0.10526315789473684,0.14736842105263157,0.5870049980776626,0.82299115724721261,0.40868896578239144,1
F1 m=3 r=20%,surface_sensor_wmape,60,21,315,2,10–15%,17,190,0.089473684210526316,0.25263157894736843,0.99707804690503654,0.99876970396001541,0.74502114571318723,1
F1 m=3 r=20%,surface_sensor_wmape,60,21,315,3,15–20%,17,190,0.089473684210526316,0.34210526315789475,0.9831603229527105,0.61737793156478282,0.35040369088811996,1
F1 m=3 r=20%,surface_sensor_wmape,60,21,315,4,≥20%,70,190,0.36842105263157893,0.43157894736842106,0.73933102652825844,0.088581314878892731,0.15086505190311419,1
F1 m=3 r=20%,surface_sensor_wmape,60,21,315,5,not lit,38,190,0.20000000000000001,0.80000000000000004,0.55000000000000004,0.55000000000000004,0.55000000000000004,1
F1 m=3 r=20%,surface_sensor_wmape,60,22,330,0,0–5%,46,442,0.10407239819004525,0,0.047981545559400242,0.49642445213379471,0.26182237600922725,1
F1 m=3 r=20%,surface_sensor_wmape,60,22,330,1,5–10%,28,442,0.063348416289592757,0.10407239819004525,0.5870049980776626,0.82299115724721261,0.40868896578239144,1
F1 m=3 r=20%,surface_sensor_wmape,60,22,330,2,10–15%,25,442,0.056561085972850679,0.16742081447963802,0.99707804690503654,0.99876970396001541,0.74502114571318723,1
F1 m=3 r=20%,surface_sensor_wmape,60,22,330,3,15–20%,24,442,0.054298642533936653,0.2239819004524887,0.9831603229527105,0.61737793156478282,0.35040369088811996,1
F1 m=3 r=20%,surface_sensor_wmape,60,22,330,4,≥20%,193,442,0.43665158371040724,0.27828054298642535,0.73933102652825844,0.088581314878892731,0.15086505190311419,1
F1 m=3 r=20%,surface_sensor_wmape,60,22,330,5,not lit,126,442,0.28506787330316741,0.71493212669683259,0.55000000000000004,0.55000000000000004,0.55000000000000004,1
F1 m=3 r=20%,surface_sensor_wmape,60,23,345,0,0–5%,114,924,0.12337662337662338,0,0.047981545559400242,0.49642445213379471,0.26182237600922725,1
F1 m=3 r=20%,surface_sensor_wmape,60,23,345,1,5–10%,60,924,0.064935064935064929,0.12337662337662338,0.5870049980776626,0.82299115724721261,0.40868896578239144,1
F1 m=3 r=20%,surface_sensor_wmape,60,23,345,2,10–15%,58,924,0.062770562770562768,0.18831168831168832,0.99707804690503654,0.99876970396001541,0.74502114571318723,1
F1 m=3 r=20%,surface_sensor_wmape,60,23,345,3,15–20%,55,924,0.059523809523809521,0.25108225108225107,0.9831603229527105,0.61737793156478282,0.35040369088811996,1
F1 m=3 r=20%,surface_sensor_wmape,60,23,345,4,≥20%,345,924,0.37337662337662336,0.31060606060606061,0.73933102652825844,0.088581314878892731,0.15086505190311419,1
F1 m=3 r=20%,surface_sensor_wmape,60,23,345,5,not lit,292,924,0.31601731601731603,0.68398268398268391,0.55000000000000004,0.55000000000000004,0.55000000000000004,1
F1 m=3 r=20%,surface_wape,0,0,0,0,0–5%,142,290,0.48965517241379308,0,0.047981545559400242,0.49642445213379471,0.26182237600922725,1
F1 m=3 r=20%,surface_wape,0,0,0,1,5–10%,24,290,0.082758620689655171,0.48965517241379308,0.5870049980776626,0.82299115724721261,0.40868896578239144,1
F1 m=3 r=20%,surface_wape,0,0,0,2,10–15%,20,290,0.068965517241379309,0.57241379310344831,0.99707804690503654,0.99876970396001541,0.74502114571318723,1
F1 m=3 r=20%,surface_wape,0,0,0,3,15–20%,13,290,0.044827586206896551,0.64137931034482765,0.9831603229527105,0.61737793156478282,0.35040369088811996,1
F1 m=3 r=20%,surface_wape,0,0,0,4,≥20%,45,290,0.15517241379310345,0.68620689655172418,0.73933102652825844,0.088581314878892731,0.15086505190311419,1
F1 m=3 r=20%,surface_wape,0,0,0,5,not lit,46,290,0.15862068965517243,0.8413793103448276,0.55000000000000004,0.55000000000000004,0.55000000000000004,1
F1 m=3 r=20%,surface_wape,0,1,15,0,0–5%,358,637,0.56200941915227631,0,0.047981545559400242,0.49642445213379471,0.26182237600922725,1
F1 m=3 r=20%,surface_wape,0,1,15,1,5–10%,54,637,0.084772370486656201,0.56200941915227631,0.5870049980776626,0.82299115724721261,0.40868896578239144,1
F1 m=3 r=20%,surface_wape,0,1,15,2,10–15%,44,637,0.06907378335949764,0.64678178963893251,0.99707804690503654,0.99876970396001541,0.74502114571318723,1
F1 m=3 r=20%,surface_wape,0,1,15,3,15–20%,22,637,0.03453689167974882,0.71585557299843017,0.9831603229527105,0.61737793156478282,0.35040369088811996,1
F1 m=3 r=20%,surface_wape,0,1,15,4,≥20%,80,637,0.12558869701726844,0.75039246467817899,0.73933102652825844,0.088581314878892731,0.15086505190311419,1
F1 m=3 r=20%,surface_wape,0,1,15,5,not lit,79,637,0.12401883830455258,0.87598116169544737,0.55000000000000004,0.55000000000000004,0.55000000000000004,1
F1 m=3 r=20%,surface_wape,0,2,30,0,0–5%,885,1703,0.51967116852613038,0,0.047981545559400242,0.49642445213379471,0.26182237600922725,1
F1 m=3 r=20%,surface_wape,0,2,30,1,5–10%,244,1703,0.14327657075748679,0.51967116852613038,0.5870049980776626,0.82299115724721261,0.40868896578239144,1
F1 m=3 r=20%,surface_wape,0,2,30,2,10–15%,102,1703,0.05989430416911333,0.66294773928361717,0.99707804690503654,0.99876970396001541,0.74502114571318723,1
F1 m=3 r=20%,surface_wape,0,2,30,3,15–20%,55,1703,0.032295948326482679,0.72284204345273051,0.9831603229527105,0.61737793156478282,0.35040369088811996,1
F1 m=3 r=20%,surface_wape,0,2,30,4,≥20%,126,1703,0.073987081620669401,0.75513799177921315,0.73933102652825844,0.088581314878892731,0.15086505190311419,1
F1 m=3 r=20%,surface_wape,0,2,30,5,not lit,291,1703,0.17087492660011744,0.82912507339988251,0.55000000000000004,0.55000000000000004,0.55000000000000004,1
F1 m=3 r=20%,surface_wape,0,3,45,0,0–5%,99,187,0.52941176470588236,0,0.047981545559400242,0.49642445213379471,0.26182237600922725,1
F1 m=3 r=20%,surface_wape,0,3,45,1,5–10%,27,187,0.14438502673796791,0.52941176470588236,0.5870049980776626,0.82299115724721261,0.40868896578239144,1
F1 m=3 r=20%,surface_wape,0,3,45,2,10–15%,13,187,0.069518716577540107,0.6737967914438503,0.99707804690503654,0.99876970396001541,0.74502114571318723,1
F1 m=3 r=20%,surface_wape,0,3,45,3,15–20%,4,187,0.021390374331550801,0.74331550802139046,0.9831603229527105,0.61737793156478282,0.35040369088811996,1
F1 m=3 r=20%,surface_wape,0,3,45,4,≥20%,22,187,0.11764705882352941,0.76470588235294124,0.73933102652825844,0.088581314878892731,0.15086505190311419,1
F1 m=3 r=20%,surface_wape,0,3,45,5,not lit,22,187,0.11764705882352941,0.88235294117647067,0.55000000000000004,0.55000000000000004,0.55000000000000004,1
F1 m=3 r=20%,surface_wape,0,4,60,0,0–5%,225,412,0.54611650485436891,0,0.047981545559400242,0.49642445213379471,0.26182237600922725,1
F1 m=3 r=20%,surface_wape,0,4,60,1,5–10%,42,412,0.10194174757281553,0.54611650485436891,0.5870049980776626,0.82299115724721261,0.40868896578239144,1
F1 m=3 r=20%,surface_wape,0,4,60,2,10–15%,20,412,0.048543689320388349,0.6480582524271844,0.99707804690503654,0.99876970396001541,0.74502114571318723,1
F1 m=3 r=20%,surface_wape,0,4,60,3,15–20%,20,412,0.048543689320388349,0.69660194174757273,0.9831603229527105,0.61737793156478282,0.35040369088811996,1
F1 m=3 r=20%,surface_wape,0,4,60,4,≥20%,47,412,0.11407766990291263,0.74514563106796106,0.73933102652825844,0.088581314878892731,0.15086505190311419,1
F1 m=3 r=20%,surface_wape,0,4,60,5,not lit,58,412,0.14077669902912621,0.85922330097087363,0.55000000000000004,0.55000000000000004,0.55000000000000004,1
F1 m=3 r=20%,surface_wape,0,5,75,0,0–5%,449,826,0.54358353510895885,0,0.047981545559400242,0.49642445213379471,0.26182237600922725,1
F1 m=3 r=20%,surface_wape,0,5,75,1,5–10%,88,826,0.10653753026634383,0.54358353510895885,0.5870049980776626,0.82299115724721261,0.40868896578239144,1
F1 m=3 r=20%,surface_wape,0,5,75,2,10–15%,59,826,0.071428571428571425,0.65012106537530268,0.99707804690503654,0.99876970396001541,0.74502114571318723,1
F1 m=3 r=20%,surface_wape,0,5,75,3,15–20%,29,826,0.035108958837772396,0.72154963680387407,0.9831603229527105,0.61737793156478282,0.35040369088811996,1
F1 m=3 r=20%,surface_wape,0,5,75,4,≥20%,118,826,0.14285714285714285,0.7566585956416465,0.73933102652825844,0.088581314878892731,0.15086505190311419,1
F1 m=3 r=20%,surface_wape,0,5,75,5,not lit,83,826,0.10048426150121065,0.8995157384987893,0.55000000000000004,0.55000000000000004,0.55000000000000004,1
F1 m=3 r=20%,surface_wape,0,6,90,0,0–5%,112,286,0.39160839160839161,0,0.047981545559400242,0.49642445213379471,0.26182237600922725,1
F1 m=3 r=20%,surface_wape,0,6,90,1,5–10%,50,286,0.17482517482517482,0.39160839160839161,0.5870049980776626,0.82299115724721261,0.40868896578239144,1
F1 m=3 r=20%,surface_wape,0,6,90,2,10–15%,22,286,0.076923076923076927,0.56643356643356646,0.99707804690503654,0.99876970396001541,0.74502114571318723,1
F1 m=3 r=20%,surface_wape,0,6,90,3,15–20%,8,286,0.027972027972027972,0.64335664335664333,0.9831603229527105,0.61737793156478282,0.35040369088811996,1
F1 m=3 r=20%,surface_wape,0,6,90,4,≥20%,59,286,0.2062937062937063,0.67132867132867136,0.73933102652825844,0.088581314878892731,0.15086505190311419,1
F1 m=3 r=20%,surface_wape,0,6,90,5,not lit,35,286,0.12237762237762238,0.87762237762237771,0.55000000000000004,0.55000000000000004,0.55000000000000004,1
F1 m=3 r=20%,surface_wape,0,7,105,0,0–5%,274,611,0.44844517184942717,0,0.047981545559400242,0.49642445213379471,0.26182237600922725,1
F1 m=3 r=20%,surface_wape,0,7,105,1,5–10%,71,611,0.11620294599018004,0.44844517184942717,0.5870049980776626,0.82299115724721261,0.40868896578239144,1
F1 m=3 r=20%,surface_wape,0,7,105,2,10–15%,33,611,0.054009819967266774,0.56464811783960722,0.99707804690503654,0.99876970396001541,0.74502114571318723,1
F1 m=3 r=20%,surface_wape,0,7,105,3,15–20%,22,611,0.036006546644844518,0.61865793780687395,0.9831603229527105,0.61737793156478282,0.35040369088811996,1
F1 m=3 r=20%,surface_wape,0,7,105,4,≥20%,86,611,0.14075286415711949,0.65466448445171843,0.73933102652825844,0.088581314878892731,0.15086505190311419,1
F1 m=3 r=20%,surface_wape,0,7,105,5,not lit,125,611,0.20458265139116202,0.79541734860883795,0.55000000000000004,0.55000000000000004,0.55000000000000004,1
F1 m=3 r=20%,surface_wape,0,8,120,0,0–5%,737,1778,0.41451068616422948,0,0.047981545559400242,0.49642445213379471,0.26182237600922725,1
F1 m=3 r=20%,surface_wape,0,8,120,1,5–10%,223,1778,0.12542182227221596,0.41451068616422948,0.5870049980776626,0.82299115724721261,0.40868896578239144,1
F1 m=3 r=20%,surface_wape,0,8,120,2,10–15%,80,1778,0.044994375703037118,0.53993250843644547,0.99707804690503654,0.99876970396001541,0.74502114571318723,1
F1 m=3 r=20%,surface_wape,0,8,120,3,15–20%,55,1778,0.030933633295838019,0.58492688413948257,0.9831603229527105,0.61737793156478282,0.35040369088811996,1
F1 m=3 r=20%,surface_wape,0,8,120,4,≥20%,182,1778,0.10236220472440945,0.61586051743532055,0.73933102652825844,0.088581314878892731,0.15086505190311419,1
F1 m=3 r=20%,surface_wape,0,8,120,5,not lit,501,1778,0.28177727784026996,0.71822272215973004,0.55000000000000004,0.55000000000000004,0.55000000000000004,1
F1 m=3 r=20%,surface_wape,0,9,135,0,0–5%,95,188,0.50531914893617025,0,0.047981545559400242,0.49642445213379471,0.26182237600922725,1
F1 m=3 r=20%,surface_wape,0,9,135,1,5–10%,20,188,0.10638297872340426,0.50531914893617025,0.5870049980776626,0.82299115724721261,0.40868896578239144,1
F1 m=3 r=20%,surface_wape,0,9,135,2,10–15%,8,188,0.042553191489361701,0.61170212765957455,0.99707804690503654,0.99876970396001541,0.74502114571318723,1
F1 m=3 r=20%,surface_wape,0,9,135,3,15–20%,5,188,0.026595744680851064,0.6542553191489362,0.9831603229527105,0.61737793156478282,0.35040369088811996,1
F1 m=3 r=20%,surface_wape,0,9,135,4,≥20%,23,188,0.12234042553191489,0.68085106382978722,0.73933102652825844,0.088581314878892731,0.15086505190311419,1
F1 m=3 r=20%,surface_wape,0,9,135,5,not lit,37,188,0.19680851063829788,0.80319148936170215,0.55000000000000004,0.55000000000000004,0.55000000000000004,1
F1 m=3 r=20%,surface_wape,0,10,150,0,0–5%,196,456,0.42982456140350878,0,0.047981545559400242,0.49642445213379471,0.26182237600922725,1
F1 m=3 r=20%,surface_wape,0,10,150,1,5–10%,56,456,0.12280701754385964,0.42982456140350878,0.5870049980776626,0.82299115724721261,0.40868896578239144,1
F1 m=3 r=20%,surface_wape,0,10,150,2,10–15%,34,456,0.074561403508771926,0.55263157894736836,0.99707804690503654,0.99876970396001541,0.74502114571318723,1
F1 m=3 r=20%,surface_wape,0,10,150,3,15–20%,12,456,0.026315789473684209,0.6271929824561403,0.9831603229527105,0.61737793156478282,0.35040369088811996,1
F1 m=3 r=20%,surface_wape,0,10,150,4,≥20%,66,456,0.14473684210526316,0.65350877192982448,0.73933102652825844,0.088581314878892731,0.15086505190311419,1
F1 m=3 r=20%,surface_wape,0,10,150,5,not lit,92,456,0.20175438596491227,0.79824561403508765,0.55000000000000004,0.55000000000000004,0.55000000000000004,1
F1 m=3 r=20%,surface_wape,0,11,165,0,0–5%,410,907,0.45203969128996691,0,0.047981545559400242,0.49642445213379471,0.26182237600922725,1
F1 m=3 r=20%,surface_wape,0,11,165,1,5–10%,98,907,0.10804851157662625,0.45203969128996691,0.5870049980776626,0.82299115724721261,0.40868896578239144,1
F1 m=3 r=20%,surface_wape,0,11,165,2,10–15%,32,907,0.035281146637265712,0.56008820286659311,0.99707804690503654,0.99876970396001541,0.74502114571318723,1
F1 m=3 r=20%,surface_wape,0,11,165,3,15–20%,31,907,0.034178610804851156,0.59536934950385878,0.9831603229527105,0.61737793156478282,0.35040369088811996,1
F1 m=3 r=20%,surface_wape,0,11,165,4,≥20%,135,907,0.14884233737596472,0.62954796030870996,0.73933102652825844,0.088581314878892731,0.15086505190311419,1
F1 m=3 r=20%,surface_wape,0,11,165,5,not lit,201,907,0.22160970231532526,0.77839029768467471,0.55000000000000004,0.55000000000000004,0.55000000000000004,1
F1 m=3 r=20%,surface_wape,0,12,180,0,0–5%,85,276,0.3079710144927536,0,0.047981545559400242,0.49642445213379471,0.26182237600922725,1
F1 m=3 r=20%,surface_wape,0,12,180,1,5–10%,28,276,0.10144927536231885,0.3079710144927536,0.5870049980776626,0.82299115724721261,0.40868896578239144,1
F1 m=3 r=20%,surface_wape,0,12,180,2,10–15%,25,276,0.090579710144927536,0.40942028985507245,0.99707804690503654,0.99876970396001541,0.74502114571318723,1
F1 m=3 r=20%,surface_wape,0,12,180,3,15–20%,7,276,0.025362318840579712,0.5,0.9831603229527105,0.61737793156478282,0.35040369088811996,1
F1 m=3 r=20%,surface_wape,0,12,180,4,≥20%,79,276,0.28623188405797101,0.52536231884057971,0.73933102652825844,0.088581314878892731,0.15086505190311419,1
F1 m=3 r=20%,surface_wape,0,12,180,5,not lit,52,276,0.18840579710144928,0.81159420289855078,0.55000000000000004,0.55000000000000004,0.55000000000000004,1
F1 m=3 r=20%,surface_wape,0,13,195,0,0–5%,324,610,0.5311475409836065,0,0.047981545559400242,0.49642445213379471,0.26182237600922725,1
F1 m=3 r=20%,surface_wape,0,13,195,1,5–10%,58,610,0.095081967213114751,0.5311475409836065,0.5870049980776626,0.82299115724721261,0.40868896578239144,1
F1 m=3 r=20%,surface_wape,0,13,195,2,10–15%,25,610,0.040983606557377046,0.6262295081967213,0.99707804690503654,0.99876970396001541,0.74502114571318723,1
F1 m=3 r=20%,surface_wape,0,13,195,3,15–20%,16,610,0.026229508196721311,0.66721311475409839,0.9831603229527105,0.61737793156478282,0.35040369088811996,1
F1 m=3 r=20%,surface_wape,0,13,195,4,≥20%,83,610,0.1360655737704918,0.69344262295081971,0.73933102652825844,0.088581314878892731,0.15086505190311419,1
F1 m=3 r=20%,surface_wape,0,13,195,5,not lit,104,610,0.17049180327868851,0.82950819672131149,0.55000000000000004,0.55000000000000004,0.55000000000000004,1
F1 m=3 r=20%,surface_wape,0,14,210,0,0–5%,893,1679,0.53186420488385944,0,0.047981545559400242,0.49642445213379471,0.26182237600922725,1
F1 m=3 r=20%,surface_wape,0,14,210,1,5–10%,218,1679,0.12983918999404406,0.53186420488385944,0.5870049980776626,0.82299115724721261,0.40868896578239144,1
F1 m=3 r=20%,surface_wape,0,14,210,2,10–15%,95,1679,0.056581298391899938,0.66170339487790353,0.99707804690503654,0.99876970396001541,0.74502114571318723,1
F1 m=3 r=20%,surface_wape,0,14,210,3,15–20%,46,1679,0.027397260273972601,0.71828469326980349,0.9831603229527105,0.61737793156478282,0.35040369088811996,1
F1 m=3 r=20%,surface_wape,0,14,210,4,≥20%,141,1679,0.083978558665872546,0.74568195354377609,0.73933102652825844,0.088581314878892731,0.15086505190311419,1
F1 m=3 r=20%,surface_wape,0,14,210,5,not lit,286,1679,0.17033948779035141,0.82966051220964865,0.55000000000000004,0.55000000000000004,0.55000000000000004,1
F1 m=3 r=20%,surface_wape,0,15,225,0,0–5%,95,197,0.48223350253807107,0,0.047981545559400242,0.49642445213379471,0.26182237600922725,1
F1 m=3 r=20%,surface_wape,0,15,225,1,5–10%,27,197,0.13705583756345177,0.48223350253807107,0.5870049980776626,0.82299115724721261,0.40868896578239144,1
F1 m=3 r=20%,surface_wape,0,15,225,2,10–15%,19,197,0.096446700507614211,0.61928934010152281,0.99707804690503654,0.99876970396001541,0.74502114571318723,1
F1 m=3 r=20%,surface_wape,0,15,225,3,15–20%,13,197,0.065989847715736044,0.71573604060913698,0.9831603229527105,0.61737793156478282,0.35040369088811996,1
F1 m=3 r=20%,surface_wape,0,15,225,4,≥20%,25,197,0.12690355329949238,0.781725888324873,0.73933102652825844,0.088581314878892731,0.15086505190311419,1
F1 m=3 r=20%,surface_wape,0,15,225,5,not lit,18,197,0.091370558375634514,0.90862944162436543,0.55000000000000004,0.55000000000000004,0.55000000000000004,1
F1 m=3 r=20%,surface_wape,0,16,240,0,0–5%,196,407,0.48157248157248156,0,0.047981545559400242,0.49642445213379471,0.26182237600922725,1
F1 m=3 r=20%,surface_wape,0,16,240,1,5–10%,53,407,0.13022113022113022,0.48157248157248156,0.5870049980776626,0.82299115724721261,0.40868896578239144,1
F1 m=3 r=20%,surface_wape,0,16,240,2,10–15%,30,407,0.073710073710073709,0.6117936117936118,0.99707804690503654,0.99876970396001541,0.74502114571318723,1
F1 m=3 r=20%,surface_wape,0,16,240,3,15–20%,16,407,0.039312039312039311,0.68550368550368557,0.9831603229527105,0.61737793156478282,0.35040369088811996,1
F1 m=3 r=20%,surface_wape,0,16,240,4,≥20%,69,407,0.16953316953316952,0.72481572481572487,0.73933102652825844,0.088581314878892731,0.15086505190311419,1
F1 m=3 r=20%,surface_wape,0,16,240,5,not lit,43,407,0.10565110565110565,0.89434889434889442,0.55000000000000004,0.55000000000000004,0.55000000000000004,1
F1 m=3 r=20%,surface_wape,0,17,255,0,0–5%,405,815,0.49693251533742333,0,0.047981545559400242,0.49642445213379471,0.26182237600922725,1
F1 m=3 r=20%,surface_wape,0,17,255,1,5–10%,109,815,0.13374233128834356,0.49693251533742333,0.5870049980776626,0.82299115724721261,0.40868896578239144,1
F1 m=3 r=20%,surface_wape,0,17,255,2,10–15%,51,815,0.062576687116564417,0.63067484662576689,0.99707804690503654,0.99876970396001541,0.74502114571318723,1
F1 m=3 r=20%,surface_wape,0,17,255,3,15–20%,29,815,0.035582822085889573,0.69325153374233128,0.9831603229527105,0.61737793156478282,0.35040369088811996,1
F1 m=3 r=20%,surface_wape,0,17,255,4,≥20%,134,815,0.16441717791411042,0.72883435582822087,0.73933102652825844,0.088581314878892731,0.15086505190311419,1
F1 m=3 r=20%,surface_wape,0,17,255,5,not lit,87,815,0.10674846625766871,0.89325153374233124,0.55000000000000004,0.55000000000000004,0.55000000000000004,1
F1 m=3 r=20%,surface_wape,0,18,270,0,0–5%,103,265,0.38867924528301889,0,0.047981545559400242,0.49642445213379471,0.26182237600922725,1
F1 m=3 r=20%,surface_wape,0,18,270,1,5–10%,36,265,0.13584905660377358,0.38867924528301889,0.5870049980776626,0.82299115724721261,0.40868896578239144,1
F1 m=3 r=20%,surface_wape,0,18,270,2,10–15%,20,265,0.075471698113207544,0.52452830188679245,0.99707804690503654,0.99876970396001541,0.74502114571318723,1
F1 m=3 r=20%,surface_wape,0,18,270,3,15–20%,14,265,0.052830188679245285,0.59999999999999998,0.9831603229527105,0.61737793156478282,0.35040369088811996,1
F1 m=3 r=20%,surface_wape,0,18,270,4,≥20%,59,265,0.22264150943396227,0.65283018867924525,0.73933102652825844,0.088581314878892731,0.15086505190311419,1
F1 m=3 r=20%,surface_wape,0,18,270,5,not lit,33,265,0.12452830188679245,0.87547169811320757,0.55000000000000004,0.55000000000000004,0.55000000000000004,1
F1 m=3 r=20%,surface_wape,0,19,285,0,0–5%,298,609,0.48932676518883417,0,0.047981545559400242,0.49642445213379471,0.26182237600922725,1
F1 m=3 r=20%,surface_wape,0,19,285,1,5–10%,76,609,0.12479474548440066,0.48932676518883417,0.5870049980776626,0.82299115724721261,0.40868896578239144,1
F1 m=3 r=20%,surface_wape,0,19,285,2,10–15%,36,609,0.059113300492610835,0.61412151067323484,0.99707804690503654,0.99876970396001541,0.74502114571318723,1
F1 m=3 r=20%,surface_wape,0,19,285,3,15–20%,21,609,0.034482758620689655,0.67323481116584571,0.9831603229527105,0.61737793156478282,0.35040369088811996,1
F1 m=3 r=20%,surface_wape,0,19,285,4,≥20%,80,609,0.13136288998357964,0.70771756978653533,0.73933102652825844,0.088581314878892731,0.15086505190311419,1
F1 m=3 r=20%,surface_wape,0,19,285,5,not lit,98,609,0.16091954022988506,0.83908045977011492,0.55000000000000004,0.55000000000000004,0.55000000000000004,1
F1 m=3 r=20%,surface_wape,0,20,300,0,0–5%,778,1781,0.4368332397529478,0,0.047981545559400242,0.49642445213379471,0.26182237600922725,1
F1 m=3 r=20%,surface_wape,0,20,300,1,5–10%,212,1781,0.11903425042111174,0.4368332397529478,0.5870049980776626,0.82299115724721261,0.40868896578239144,1
F1 m=3 r=20%,surface_wape,0,20,300,2,10–15%,96,1781,0.05390230207748456,0.55586749017405956,0.99707804690503654,0.99876970396001541,0.74502114571318723,1
F1 m=3 r=20%,surface_wape,0,20,300,3,15–20%,46,1781,0.025828186412128019,0.60976979225154415,0.9831603229527105,0.61737793156478282,0.35040369088811996,1
F1 m=3 r=20%,surface_wape,0,20,300,4,≥20%,164,1781,0.092083099382369457,0.63559797866367218,0.73933102652825844,0.088581314878892731,0.15086505190311419,1
F1 m=3 r=20%,surface_wape,0,20,300,5,not lit,485,1781,0.27231892195395846,0.72768107804604165,0.55000000000000004,0.55000000000000004,0.55000000000000004,1
F1 m=3 r=20%,surface_wape,0,21,315,0,0–5%,85,190,0.44736842105263158,0,0.047981545559400242,0.49642445213379471,0.26182237600922725,1
F1 m=3 r=20%,surface_wape,0,21,315,1,5–10%,32,190,0.16842105263157894,0.44736842105263158,0.5870049980776626,0.82299115724721261,0.40868896578239144,1
F1 m=3 r=20%,surface_wape,0,21,315,2,10–15%,23,190,0.12105263157894737,0.61578947368421055,0.99707804690503654,0.99876970396001541,0.74502114571318723,1
F1 m=3 r=20%,surface_wape,0,21,315,3,15–20%,6,190,0.031578947368421054,0.73684210526315796,0.9831603229527105,0.61737793156478282,0.35040369088811996,1
F1 m=3 r=20%,surface_wape,0,21,315,4,≥20%,19,190,0.10000000000000001,0.768421052631579,0.73933102652825844,0.088581314878892731,0.15086505190311419,1
F1 m=3 r=20%,surface_wape,0,21,315,5,not lit,25,190,0.13157894736842105,0.86842105263157898,0.55000000000000004,0.55000000000000004,0.55000000000000004,1
F1 m=3 r=20%,surface_wape,0,22,330,0,0–5%,186,442,0.42081447963800905,0,0.047981545559400242,0.49642445213379471,0.26182237600922725,1
F1 m=3 r=20%,surface_wape,0,22,330,1,5–10%,56,442,0.12669683257918551,0.42081447963800905,0.5870049980776626,0.82299115724721261,0.40868896578239144,1
F1 m=3 r=20%,surface_wape,0,22,330,2,10–15%,26,442,0.058823529411764705,0.54751131221719462,0.99707804690503654,0.99876970396001541,0.74502114571318723,1
F1 m=3 r=20%,surface_wape,0,22,330,3,15–20%,16,442,0.036199095022624438,0.60633484162895934,0.9831603229527105,0.61737793156478282,0.35040369088811996,1
F1 m=3 r=20%,surface_wape,0,22,330,4,≥20%,66,442,0.14932126696832579,0.64253393665158376,0.73933102652825844,0.088581314878892731,0.15086505190311419,1
F1 m=3 r=20%,surface_wape,0,22,330,5,not lit,92,442,0.20814479638009051,0.79185520361990958,0.55000000000000004,0.55000000000000004,0.55000000000000004,1
F1 m=3 r=20%,surface_wape,0,23,345,0,0–5%,419,924,0.45346320346320346,0,0.047981545559400242,0.49642445213379471,0.26182237600922725,1
F1 m=3 r=20%,surface_wape,0,23,345,1,5–10%,114,924,0.12337662337662338,0.45346320346320346,0.5870049980776626,0.82299115724721261,0.40868896578239144,1
F1 m=3 r=20%,surface_wape,0,23,345,2,10–15%,37,924,0.04004329004329004,0.57683982683982682,0.99707804690503654,0.99876970396001541,0.74502114571318723,1
F1 m=3 r=20%,surface_wape,0,23,345,3,15–20%,28,924,0.030303030303030304,0.61688311688311681,0.9831603229527105,0.61737793156478282,0.35040369088811996,1
F1 m=3 r=20%,surface_wape,0,23,345,4,≥20%,124,924,0.13419913419913421,0.64718614718614709,0.73933102652825844,0.088581314878892731,0.15086505190311419,1
F1 m=3 r=20%,surface_wape,0,23,345,5,not lit,202,924,0.21861471861471862,0.78138528138528129,0.55000000000000004,0.55000000000000004,0.55000000000000004,1
F1 m=3 r=20%,surface_wape,15,0,0,0,0–5%,134,290,0.46206896551724136,0,0.047981545559400242,0.49642445213379471,0.26182237600922725,1
F1 m=3 r=20%,surface_wape,15,0,0,1,5–10%,26,290,0.089655172413793102,0.46206896551724136,0.5870049980776626,0.82299115724721261,0.40868896578239144,1
F1 m=3 r=20%,surface_wape,15,0,0,2,10–15%,20,290,0.068965517241379309,0.55172413793103448,0.99707804690503654,0.99876970396001541,0.74502114571318723,1
F1 m=3 r=20%,surface_wape,15,0,0,3,15–20%,15,290,0.051724137931034482,0.62068965517241381,0.9831603229527105,0.61737793156478282,0.35040369088811996,1
F1 m=3 r=20%,surface_wape,15,0,0,4,≥20%,48,290,0.16551724137931034,0.67241379310344829,0.73933102652825844,0.088581314878892731,0.15086505190311419,1
F1 m=3 r=20%,surface_wape,15,0,0,5,not lit,47,290,0.16206896551724137,0.83793103448275863,0.55000000000000004,0.55000000000000004,0.55000000000000004,1
F1 m=3 r=20%,surface_wape,15,1,15,0,0–5%,318,637,0.49921507064364207,0,0.047981545559400242,0.49642445213379471,0.26182237600922725,1
F1 m=3 r=20%,surface_wape,15,1,15,1,5–10%,94,637,0.14756671899529042,0.49921507064364207,0.5870049980776626,0.82299115724721261,0.40868896578239144,1
F1 m=3 r=20%,surface_wape,15,1,15,2,10–15%,41,637,0.064364207221350084,0.64678178963893251,0.99707804690503654,0.99876970396001541,0.74502114571318723,1
F1 m=3 r=20%,surface_wape,15,1,15,3,15–20%,19,637,0.029827315541601257,0.71114599686028257,0.9831603229527105,0.61737793156478282,0.35040369088811996,1
F1 m=3 r=20%,surface_wape,15,1,15,4,≥20%,81,637,0.1271585557299843,0.7409733124018838,0.73933102652825844,0.088581314878892731,0.15086505190311419,1
F1 m=3 r=20%,surface_wape,15,1,15,5,not lit,84,637,0.13186813186813187,0.86813186813186816,0.55000000000000004,0.55000000000000004,0.55000000000000004,1
F1 m=3 r=20%,surface_wape,15,2,30,0,0–5%,770,1703,0.45214327657075748,0,0.047981545559400242,0.49642445213379471,0.26182237600922725,1
F1 m=3 r=20%,surface_wape,15,2,30,1,5–10%,280,1703,0.16441573693482089,0.45214327657075748,0.5870049980776626,0.82299115724721261,0.40868896578239144,1
F1 m=3 r=20%,surface_wape,15,2,30,2,10–15%,138,1703,0.08103347034644745,0.6165590135055784,0.99707804690503654,0.99876970396001541,0.74502114571318723,1
F1 m=3 r=20%,surface_wape,15,2,30,3,15–20%,66,1703,0.038755137991779216,0.69759248385202588,0.9831603229527105,0.61737793156478282,0.35040369088811996,1
F1 m=3 r=20%,surface_wape,15,2,30,4,≥20%,158,1703,0.092777451556077514,0.73634762184380509,0.73933102652825844,0.088581314878892731,0.15086505190311419,1
F1 m=3 r=20%,surface_wape,15,2,30,5,not lit,291,1703,0.17087492660011744,0.82912507339988262,0.55000000000000004,0.55000000000000004,0.55000000000000004,1
F1 m=3 r=20%,surface_wape,15,3,45,0,0–5%,80,187,0.42780748663101603,0,0.047981545559400242,0.49642445213379471,0.26182237600922725,1
F1 m=3 r=20%,surface_wape,15,3,45,1,5–10%,33,187,0.17647058823529413,0.42780748663101603,0.5870049980776626,0.82299115724721261,0.40868896578239144,1
F1 m=3 r=20%,surface_wape,15,3,45,2,10–15%,18,187,0.096256684491978606,0.60427807486631013,0.99707804690503654,0.99876970396001541,0.74502114571318723,1
F1 m=3 r=20%,surface_wape,15,3,45,3,15–20%,4,187,0.021390374331550801,0.70053475935828868,0.9831603229527105,0.61737793156478282,0.35040369088811996,1
F1 m=3 r=20%,surface_wape,15,3,45,4,≥20%,30,187,0.16042780748663102,0.72192513368983946,0.73933102652825844,0.088581314878892731,0.15086505190311419,1
F1 m=3 r=20%,surface_wape,15,3,45,5,not lit,22,187,0.11764705882352941,0.88235294117647045,0.55000000000000004,0.55000000000000004,0.55000000000000004,1
F1 m=3 r=20%,surface_wape,15,4,60,0,0–5%,211,412,0.51213592233009708,0,0.047981545559400242,0.49642445213379471,0.26182237600922725,1
F1 m=3 r=20%,surface_wape,15,4,60,1,5–10%,44,412,0.10679611650485436,0.51213592233009708,0.5870049980776626,0.82299115724721261,0.40868896578239144,1
F1 m=3 r=20%,surface_wape,15,4,60,2,10–15%,24,412,0.058252427184466021,0.6189320388349514,0.99707804690503654,0.99876970396001541,0.74502114571318723,1
F1 m=3 r=20%,surface_wape,15,4,60,3,15–20%,12,412,0.029126213592233011,0.6771844660194174,0.9831603229527105,0.61737793156478282,0.35040369088811996,1
F1 m=3 r=20%,surface_wape,15,4,60,4,≥20%,69,412,0.16747572815533981,0.70631067961165039,0.73933102652825844,0.088581314878892731,0.15086505190311419,1
F1 m=3 r=20%,surface_wape,15,4,60,5,not lit,52,412,0.12621359223300971,0.87378640776699024,0.55000000000000004,0.55000000000000004,0.55000000000000004,1
F1 m=3 r=20%,surface_wape,15,5,75,0,0–5%,421,826,0.50968523002421307,0,0.047981545559400242,0.49642445213379471,0.26182237600922725,1
F1 m=3 r=20%,surface_wape,15,5,75,1,5–10%,85,826,0.10290556900726393,0.50968523002421307,0.5870049980776626,0.82299115724721261,0.40868896578239144,1
F1 m=3 r=20%,surface_wape,15,5,75,2,10–15%,60,826,0.072639225181598058,0.61259079903147695,0.99707804690503654,0.99876970396001541,0.74502114571318723,1
F1 m=3 r=20%,surface_wape,15,5,75,3,15–20%,38,826,0.046004842615012108,0.685230024213075,0.9831603229527105,0.61737793156478282,0.35040369088811996,1
F1 m=3 r=20%,surface_wape,15,5,75,4,≥20%,138,826,0.16707021791767554,0.73123486682808714,0.73933102652825844,0.088581314878892731,0.15086505190311419,1
F1 m=3 r=20%,surface_wape,15,5,75,5,not lit,84,826,0.10169491525423729,0.89830508474576265,0.55000000000000004,0.55000000000000004,0.55000000000000004,1
F1 m=3 r=20%,surface_wape,15,6,90,0,0–5%,107,286,0.37412587412587411,0,0.047981545559400242,0.49642445213379471,0.26182237600922725,1
F1 m=3 r=20%,surface_wape,15,6,90,1,5–10%,53,286,0.18531468531468531,0.37412587412587411,0.5870049980776626,0.82299115724721261,0.40868896578239144,1
F1 m=3 r=20%,surface_wape,15,6,90,2,10–15%,24,286,0.083916083916083919,0.55944055944055937,0.99707804690503654,0.99876970396001541,0.74502114571318723,1
F1 m=3 r=20%,surface_wape,15,6,90,3,15–20%,13,286,0.045454545454545456,0.64335664335664333,0.9831603229527105,0.61737793156478282,0.35040369088811996,1
F1 m=3 r=20%,surface_wape,15,6,90,4,≥20%,52,286,0.18181818181818182,0.68881118881118875,0.73933102652825844,0.088581314878892731,0.15086505190311419,1
F1 m=3 r=20%,surface_wape,15,6,90,5,not lit,37,286,0.12937062937062938,0.87062937062937062,0.55000000000000004,0.55000000000000004,0.55000000000000004,1
F1 m=3 r=20%,surface_wape,15,7,105,0,0–5%,271,611,0.44353518821603927,0,0.047981545559400242,0.49642445213379471,0.26182237600922725,1
F1 m=3 r=20%,surface_wape,15,7,105,1,5–10%,79,611,0.12929623567921442,0.44353518821603927,0.5870049980776626,0.82299115724721261,0.40868896578239144,1
F1 m=3 r=20%,surface_wape,15,7,105,2,10–15%,34,611,0.055646481178396073,0.57283142389525366,0.99707804690503654,0.99876970396001541,0.74502114571318723,1
F1 m=3 r=20%,surface_wape,15,7,105,3,15–20%,25,611,0.040916530278232409,0.62847790507364976,0.9831603229527105,0.61737793156478282,0.35040369088811996,1
F1 m=3 r=20%,surface_wape,15,7,105,4,≥20%,78,611,0.1276595744680851,0.66939443535188214,0.73933102652825844,0.088581314878892731,0.15086505190311419,1
F1 m=3 r=20%,surface_wape,15,7,105,5,not lit,124,611,0.20294599018003273,0.79705400981996721,0.55000000000000004,0.55000000000000004,0.55000000000000004,1
F1 m=3 r=20%,surface_wape,15,8,120,0,0–5%,750,1778,0.42182227221597302,0,0.047981545559400242,0.49642445213379471,0.26182237600922725,1
F1 m=3 r=20%,surface_wape,15,8,120,1,5–10%,207,1778,0.11642294713160854,0.42182227221597302,0.5870049980776626,0.82299115724721261,0.40868896578239144,1
F1 m=3 r=20%,surface_wape,15,8,120,2,10–15%,88,1778,0.049493813273340834,0.53824521934758152,0.99707804690503654,0.99876970396001541,0.74502114571318723,1
F1 m=3 r=20%,surface_wape,15,8,120,3,15–20%,47,1778,0.026434195725534307,0.58773903262092231,0.9831603229527105,0.61737793156478282,0.35040369088811996,1
F1 m=3 r=20%,surface_wape,15,8,120,4,≥20%,186,1778,0.10461192350956131,0.6141732283464566,0.73933102652825844,0.088581314878892731,0.15086505190311419,1
F1 m=3 r=20%,surface_wape,15,8,120,5,not lit,500,1778,0.28121484814398201,0.71878515185601788,0.55000000000000004,0.55000000000000004,0.55000000000000004,1
F1 m=3 r=20%,surface_wape,15,9,135,0,0–5%,101,188,0.53723404255319152,0,0.047981545559400242,0.49642445213379471,0.26182237600922725,1
F1 m=3 r=20%,surface_wape,15,9,135,1,5–10%,18,188,0.095744680851063829,0.53723404255319152,0.5870049980776626,0.82299115724721261,0.40868896578239144,1
F1 m=3 r=20%,surface_wape,15,9,135,2,10–15%,6,188,0.031914893617021274,0.63297872340425532,0.99707804690503654,0.99876970396001541,0.74502114571318723,1
F1 m=3 r=20%,surface_wape,15,9,135,3,15–20%,6,188,0.031914893617021274,0.66489361702127658,0.9831603229527105,0.61737793156478282,0.35040369088811996,1
F1 m=3 r=20%,surface_wape,15,9,135,4,≥20%,20,188,0.10638297872340426,0.69680851063829785,0.73933102652825844,0.088581314878892731,0.15086505190311419,1
F1 m=3 r=20%,surface_wape,15,9,135,5,not lit,37,188,0.19680851063829788,0.80319148936170215,0.55000000000000004,0.55000000000000004,0.55000000000000004,1
F1 m=3 r=20%,surface_wape,15,10,150,0,0–5%,207,456,0.45394736842105265,0,0.047981545559400242,0.49642445213379471,0.26182237600922725,1
F1 m=3 r=20%,surface_wape,15,10,150,1,5–10%,52,456,0.11403508771929824,0.45394736842105265,0.5870049980776626,0.82299115724721261,0.40868896578239144,1
F1 m=3 r=20%,surface_wape,15,10,150,2,10–15%,25,456,0.054824561403508769,0.56798245614035092,0.99707804690503654,0.99876970396001541,0.74502114571318723,1
F1 m=3 r=20%,surface_wape,15,10,150,3,15–20%,15,456,0.032894736842105261,0.6228070175438597,0.9831603229527105,0.61737793156478282,0.35040369088811996,1
F1 m=3 r=20%,surface_wape,15,10,150,4,≥20%,66,456,0.14473684210526316,0.65570175438596501,0.73933102652825844,0.088581314878892731,0.15086505190311419,1
F1 m=3 r=20%,surface_wape,15,10,150,5,not lit,91,456,0.19956140350877194,0.80043859649122817,0.55000000000000004,0.55000000000000004,0.55000000000000004,1
F1 m=3 r=20%,surface_wape,15,11,165,0,0–5%,419,907,0.46196251378169789,0,0.047981545559400242,0.49642445213379471,0.26182237600922725,1
F1 m=3 r=20%,surface_wape,15,11,165,1,5–10%,94,907,0.10363836824696802,0.46196251378169789,0.5870049980776626,0.82299115724721261,0.40868896578239144,1
F1 m=3 r=20%,surface_wape,15,11,165,2,10–15%,37,907,0.040793825799338476,0.56560088202866587,0.99707804690503654,0.99876970396001541,0.74502114571318723,1
F1 m=3 r=20%,surface_wape,15,11,165,3,15–20%,32,907,0.035281146637265712,0.60639470782800431,0.9831603229527105,0.61737793156478282,0.35040369088811996,1
F1 m=3 r=20%,surface_wape,15,11,165,4,≥20%,125,907,0.13781697905181919,0.64167585446526998,0.73933102652825844,0.088581314878892731,0.15086505190311419,1
F1 m=3 r=20%,surface_wape,15,11,165,5,not lit,200,907,0.22050716648291069,0.7794928335170892,0.55000000000000004,0.55000000000000004,0.55000000000000004,1
F1 m=3 r=20%,surface_wape,15,12,180,0,0–5%,101,276,0.36594202898550726,0,0.047981545559400242,0.49642445213379471,0.26182237600922725,1
F1 m=3 r=20%,surface_wape,15,12,180,1,5–10%,33,276,0.11956521739130435,0.36594202898550726,0.5870049980776626,0.82299115724721261,0.40868896578239144,1
F1 m=3 r=20%,surface_wape,15,12,180,2,10–15%,18,276,0.065217391304347824,0.48550724637681164,0.99707804690503654,0.99876970396001541,0.74502114571318723,1
F1 m=3 r=20%,surface_wape,15,12,180,3,15–20%,13,276,0.04710144927536232,0.55072463768115942,0.9831603229527105,0.61737793156478282,0.35040369088811996,1
F1 m=3 r=20%,surface_wape,15,12,180,4,≥20%,61,276,0.2210144927536232,0.59782608695652173,0.73933102652825844,0.088581314878892731,0.15086505190311419,1
F1 m=3 r=20%,surface_wape,15,12,180,5,not lit,50,276,0.18115942028985507,0.8188405797101449,0.55000000000000004,0.55000000000000004,0.55000000000000004,1
F1 m=3 r=20%,surface_wape,15,13,195,0,0–5%,329,610,0.53934426229508192,0,0.047981545559400242,0.49642445213379471,0.26182237600922725,1
F1 m=3 r=20%,surface_wape,15,13,195,1,5–10%,70,610,0.11475409836065574,0.53934426229508192,0.5870049980776626,0.82299115724721261,0.40868896578239144,1
F1 m=3 r=20%,surface_wape,15,13,195,2,10–15%,28,610,0.045901639344262293,0.65409836065573768,0.99707804690503654,0.99876970396001541,0.74502114571318723,1
F1 m=3 r=20%,surface_wape,15,13,195,3,15–20%,14,610,0.022950819672131147,0.69999999999999996,0.9831603229527105,0.61737793156478282,0.35040369088811996,1
F1 m=3 r=20%,surface_wape,15,13,195,4,≥20%,68,610,0.11147540983606558,0.72295081967213115,0.73933102652825844,0.088581314878892731,0.15086505190311419,1
F1 m=3 r=20%,surface_wape,15,13,195,5,not lit,101,610,0.16557377049180327,0.83442622950819678,0.55000000000000004,0.55000000000000004,0.55000000000000004,1
F1 m=3 r=20%,surface_wape,15,14,210,0,0–5%,954,1679,0.56819535437760571,0,0.047981545559400242,0.49642445213379471,0.26182237600922725,1
F1 m=3 r=20%,surface_wape,15,14,210,1,5–10%,211,1679,0.12567004169148302,0.56819535437760571,0.5870049980776626,0.82299115724721261,0.40868896578239144,1
F1 m=3 r=20%,surface_wape,15,14,210,2,10–15%,77,1679,0.045860631328171531,0.6938653960690887,0.99707804690503654,0.99876970396001541,0.74502114571318723,1
F1 m=3 r=20%,surface_wape,15,14,210,3,15–20%,39,1679,0.023228111971411555,0.73972602739726023,0.9831603229527105,0.61737793156478282,0.35040369088811996,1
F1 m=3 r=20%,surface_wape,15,14,210,4,≥20%,125,1679,0.074449076831447289,0.76295413936867174,0.73933102652825844,0.088581314878892731,0.15086505190311419,1
F1 m=3 r=20%,surface_wape,15,14,210,5,not lit,273,1679,0.16259678379988088,0.83740321620011904,0.55000000000000004,0.55000000000000004,0.55000000000000004,1
F1 m=3 r=20%,surface_wape,15,15,225,0,0–5%,105,197,0.53299492385786806,0,0.047981545559400242,0.49642445213379471,0.26182237600922725,1
F1 m=3 r=20%,surface_wape,15,15,225,1,5–10%,31,197,0.15736040609137056,0.53299492385786806,0.5870049980776626,0.82299115724721261,0.40868896578239144,1
F1 m=3 r=20%,surface_wape,15,15,225,2,10–15%,13,197,0.065989847715736044,0.69035532994923865,0.99707804690503654,0.99876970396001541,0.74502114571318723,1
F1 m=3 r=20%,surface_wape,15,15,225,3,15–20%,7,197,0.03553299492385787,0.75634517766497467,0.9831603229527105,0.61737793156478282,0.35040369088811996,1
F1 m=3 r=20%,surface_wape,15,15,225,4,≥20%,23,197,0.116751269035533,0.79187817258883253,0.73933102652825844,0.088581314878892731,0.15086505190311419,1
F1 m=3 r=20%,surface_wape,15,15,225,5,not lit,18,197,0.091370558375634514,0.90862944162436554,0.55000000000000004,0.55000000000000004,0.55000000000000004,1
F1 m=3 r=20%,surface_wape,15,16,240,0,0–5%,205,407,0.50368550368550369,0,0.047981545559400242,0.49642445213379471,0.26182237600922725,1
F1 m=3 r=20%,surface_wape,15,16,240,1,5–10%,50,407,0.12285012285012285,0.50368550368550369,0.5870049980776626,0.82299115724721261,0.40868896578239144,1
F1 m=3 r=20%,surface_wape,15,16,240,2,10–15%,27,407,0.066339066339066333,0.62653562653562656,0.99707804690503654,0.99876970396001541,0.74502114571318723,1
F1 m=3 r=20%,surface_wape,15,16,240,3,15–20%,20,407,0.049140049140049137,0.69287469287469294,0.9831603229527105,0.61737793156478282,0.35040369088811996,1
F1 m=3 r=20%,surface_wape,15,16,240,4,≥20%,61,407,0.14987714987714987,0.74201474201474205,0.73933102652825844,0.088581314878892731,0.15086505190311419,1
F1 m=3 r=20%,surface_wape,15,16,240,5,not lit,44,407,0.10810810810810811,0.89189189189189189,0.55000000000000004,0.55000000000000004,0.55000000000000004,1
F1 m=3 r=20%,surface_wape,15,17,255,0,0–5%,431,815,0.5288343558282208,0,0.047981545559400242,0.49642445213379471,0.26182237600922725,1
F1 m=3 r=20%,surface_wape,15,17,255,1,5–10%,104,815,0.1276073619631902,0.5288343558282208,0.5870049980776626,0.82299115724721261,0.40868896578239144,1
F1 m=3 r=20%,surface_wape,15,17,255,2,10–15%,44,815,0.053987730061349694,0.65644171779141103,0.99707804690503654,0.99876970396001541,0.74502114571318723,1
F1 m=3 r=20%,surface_wape,15,17,255,3,15–20%,41,815,0.05030674846625767,0.71042944785276074,0.9831603229527105,0.61737793156478282,0.35040369088811996,1
F1 m=3 r=20%,surface_wape,15,17,255,4,≥20%,110,815,0.13496932515337423,0.76073619631901845,0.73933102652825844,0.088581314878892731,0.15086505190311419,1
F1 m=3 r=20%,surface_wape,15,17,255,5,not lit,85,815,0.10429447852760736,0.89570552147239269,0.55000000000000004,0.55000000000000004,0.55000000000000004,1
F1 m=3 r=20%,surface_wape,15,18,270,0,0–5%,100,265,0.37735849056603776,0,0.047981545559400242,0.49642445213379471,0.26182237600922725,1
F1 m=3 r=20%,surface_wape,15,18,270,1,5–10%,36,265,0.13584905660377358,0.37735849056603776,0.5870049980776626,0.82299115724721261,0.40868896578239144,1
F1 m=3 r=20%,surface_wape,15,18,270,2,10–15%,23,265,0.086792452830188674,0.51320754716981132,0.99707804690503654,0.99876970396001541,0.74502114571318723,1
F1 m=3 r=20%,surface_wape,15,18,270,3,15–20%,16,265,0.060377358490566038,0.59999999999999998,0.9831603229527105,0.61737793156478282,0.35040369088811996,1
F1 m=3 r=20%,surface_wape,15,18,270,4,≥20%,57,265,0.21509433962264152,0.660377358490566,0.73933102652825844,0.088581314878892731,0.15086505190311419,1
F1 m=3 r=20%,surface_wape,15,18,270,5,not lit,33,265,0.12452830188679245,0.87547169811320757,0.55000000000000004,0.55000000000000004,0.55000000000000004,1
F1 m=3 r=20%,surface_wape,15,19,285,0,0–5%,300,609,0.49261083743842365,0,0.047981545559400242,0.49642445213379471,0.26182237600922725,1
F1 m=3 r=20%,surface_wape,15,19,285,1,5–10%,73,609,0.11986863711001643,0.49261083743842365,0.5870049980776626,0.82299115724721261,0.40868896578239144,1
F1 m=3 r=20%,surface_wape,15,19,285,2,10–15%,33,609,0.054187192118226604,0.61247947454844009,0.99707804690503654,0.99876970396001541,0.74502114571318723,1
F1 m=3 r=20%,surface_wape,15,19,285,3,15–20%,21,609,0.034482758620689655,0.66666666666666674,0.9831603229527105,0.61737793156478282,0.35040369088811996,1
F1 m=3 r=20%,surface_wape,15,19,285,4,≥20%,85,609,0.13957307060755336,0.70114942528735635,0.73933102652825844,0.088581314878892731,0.15086505190311419,1
F1 m=3 r=20%,surface_wape,15,19,285,5,not lit,97,609,0.15927750410509031,0.84072249589490977,0.55000000000000004,0.55000000000000004,0.55000000000000004,1
F1 m=3 r=20%,surface_wape,15,20,300,0,0–5%,724,1781,0.40651319483436271,0,0.047981545559400242,0.49642445213379471,0.26182237600922725,1
F1 m=3 r=20%,surface_wape,15,20,300,1,5–10%,263,1781,0.1476698483997754,0.40651319483436271,0.5870049980776626,0.82299115724721261,0.40868896578239144,1
F1 m=3 r=20%,surface_wape,15,20,300,2,10–15%,120,1781,0.067377877596855693,0.55418304323413814,0.99707804690503654,0.99876970396001541,0.74502114571318723,1
F1 m=3 r=20%,surface_wape,15,20,300,3,15–20%,58,1781,0.032565974171813589,0.62156092083099379,0.9831603229527105,0.61737793156478282,0.35040369088811996,1
F1 m=3 r=20%,surface_wape,15,20,300,4,≥20%,153,1781,0.085906793935991016,0.65412689500280741,0.73933102652825844,0.088581314878892731,0.15086505190311419,1
F1 m=3 r=20%,surface_wape,15,20,300,5,not lit,463,1781,0.25996631106120155,0.7400336889387984,0.55000000000000004,0.55000000000000004,0.55000000000000004,1
F1 m=3 r=20%,surface_wape,15,21,315,0,0–5%,73,190,0.38421052631578945,0,0.047981545559400242,0.49642445213379471,0.26182237600922725,1
F1 m=3 r=20%,surface_wape,15,21,315,1,5–10%,35,190,0.18421052631578946,0.38421052631578945,0.5870049980776626,0.82299115724721261,0.40868896578239144,1
F1 m=3 r=20%,surface_wape,15,21,315,2,10–15%,15,190,0.078947368421052627,0.56842105263157894,0.99707804690503654,0.99876970396001541,0.74502114571318723,1
F1 m=3 r=20%,surface_wape,15,21,315,3,15–20%,12,190,0.063157894736842107,0.64736842105263159,0.9831603229527105,0.61737793156478282,0.35040369088811996,1
F1 m=3 r=20%,surface_wape,15,21,315,4,≥20%,31,190,0.16315789473684211,0.71052631578947367,0.73933102652825844,0.088581314878892731,0.15086505190311419,1
F1 m=3 r=20%,surface_wape,15,21,315,5,not lit,24,190,0.12631578947368421,0.87368421052631584,0.55000000000000004,0.55000000000000004,0.55000000000000004,1
F1 m=3 r=20%,surface_wape,15,22,330,0,0–5%,158,442,0.3574660633484163,0,0.047981545559400242,0.49642445213379471,0.26182237600922725,1
F1 m=3 r=20%,surface_wape,15,22,330,1,5–10%,58,442,0.13122171945701358,0.3574660633484163,0.5870049980776626,0.82299115724721261,0.40868896578239144,1
F1 m=3 r=20%,surface_wape,15,22,330,2,10–15%,30,442,0.067873303167420809,0.4886877828054299,0.99707804690503654,0.99876970396001541,0.74502114571318723,1
F1 m=3 r=20%,surface_wape,15,22,330,3,15–20%,24,442,0.054298642533936653,0.5565610859728507,0.9831603229527105,0.61737793156478282,0.35040369088811996,1
F1 m=3 r=20%,surface_wape,15,22,330,4,≥20%,77,442,0.17420814479638008,0.61085972850678738,0.73933102652825844,0.088581314878892731,0.15086505190311419,1
F1 m=3 r=20%,surface_wape,15,22,330,5,not lit,95,442,0.21493212669683259,0.78506787330316752,0.55000000000000004,0.55000000000000004,0.55000000000000004,1
F1 m=3 r=20%,surface_wape,15,23,345,0,0–5%,378,924,0.40909090909090912,0,0.047981545559400242,0.49642445213379471,0.26182237600922725,1
F1 m=3 r=20%,surface_wape,15,23,345,1,5–10%,134,924,0.14502164502164502,0.40909090909090912,0.5870049980776626,0.82299115724721261,0.40868896578239144,1
F1 m=3 r=20%,surface_wape,15,23,345,2,10–15%,62,924,0.067099567099567103,0.55411255411255411,0.99707804690503654,0.99876970396001541,0.74502114571318723,1
F1 m=3 r=20%,surface_wape,15,23,345,3,15–20%,24,924,0.025974025974025976,0.62121212121212122,0.9831603229527105,0.61737793156478282,0.35040369088811996,1
F1 m=3 r=20%,surface_wape,15,23,345,4,≥20%,121,924,0.13095238095238096,0.6471861471861472,0.73933102652825844,0.088581314878892731,0.15086505190311419,1
F1 m=3 r=20%,surface_wape,15,23,345,5,not lit,205,924,0.22186147186147187,0.77813852813852813,0.55000000000000004,0.55000000000000004,0.55000000000000004,1
F1 m=3 r=20%,surface_wape,30,0,0,0,0–5%,81,290,0.27931034482758621,0,0.047981545559400242,0.49642445213379471,0.26182237600922725,1
F1 m=3 r=20%,surface_wape,30,0,0,1,5–10%,28,290,0.096551724137931033,0.27931034482758621,0.5870049980776626,0.82299115724721261,0.40868896578239144,1
F1 m=3 r=20%,surface_wape,30,0,0,2,10–15%,19,290,0.065517241379310351,0.37586206896551722,0.99707804690503654,0.99876970396001541,0.74502114571318723,1
F1 m=3 r=20%,surface_wape,30,0,0,3,15–20%,11,290,0.03793103448275862,0.44137931034482758,0.9831603229527105,0.61737793156478282,0.35040369088811996,1
F1 m=3 r=20%,surface_wape,30,0,0,4,≥20%,92,290,0.31724137931034485,0.47931034482758622,0.73933102652825844,0.088581314878892731,0.15086505190311419,1
F1 m=3 r=20%,surface_wape,30,0,0,5,not lit,59,290,0.20344827586206896,0.79655172413793107,0.55000000000000004,0.55000000000000004,0.55000000000000004,1
F1 m=3 r=20%,surface_wape,30,1,15,0,0–5%,219,637,0.34379905808477235,0,0.047981545559400242,0.49642445213379471,0.26182237600922725,1
F1 m=3 r=20%,surface_wape,30,1,15,1,5–10%,89,637,0.13971742543171115,0.34379905808477235,0.5870049980776626,0.82299115724721261,0.40868896578239144,1
F1 m=3 r=20%,surface_wape,30,1,15,2,10–15%,58,637,0.091051805337519623,0.48351648351648346,0.99707804690503654,0.99876970396001541,0.74502114571318723,1
F1 m=3 r=20%,surface_wape,30,1,15,3,15–20%,30,637,0.04709576138147567,0.57456828885400313,0.9831603229527105,0.61737793156478282,0.35040369088811996,1
F1 m=3 r=20%,surface_wape,30,1,15,4,≥20%,150,637,0.23547880690737832,0.62166405023547877,0.73933102652825844,0.088581314878892731,0.15086505190311419,1
F1 m=3 r=20%,surface_wape,30,1,15,5,not lit,91,637,0.14285714285714285,0.8571428571428571,0.55000000000000004,0.55000000000000004,0.55000000000000004,1
F1 m=3 r=20%,surface_wape,30,2,30,0,0–5%,627,1703,0.36817381092190254,0,0.047981545559400242,0.49642445213379471,0.26182237600922725,1
F1 m=3 r=20%,surface_wape,30,2,30,1,5–10%,294,1703,0.17263652378156194,0.36817381092190254,0.5870049980776626,0.82299115724721261,0.40868896578239144,1
F1 m=3 r=20%,surface_wape,30,2,30,2,10–15%,122,1703,0.071638285378743394,0.54081033470346451,0.99707804690503654,0.99876970396001541,0.74502114571318723,1
F1 m=3 r=20%,surface_wape,30,2,30,3,15–20%,67,1703,0.039342337052260715,0.61244862008220791,0.9831603229527105,0.61737793156478282,0.35040369088811996,1
F1 m=3 r=20%,surface_wape,30,2,30,4,≥20%,259,1703,0.15208455666470932,0.65179095713446866,0.73933102652825844,0.088581314878892731,0.15086505190311419,1
F1 m=3 r=20%,surface_wape,30,2,30,5,not lit,334,1703,0.19612448620082207,0.80387551379917799,0.55000000000000004,0.55000000000000004,0.55000000000000004,1
F1 m=3 r=20%,surface_wape,30,3,45,0,0–5%,74,187,0.39572192513368987,0,0.047981545559400242,0.49642445213379471,0.26182237600922725,1
F1 m=3 r=20%,surface_wape,30,3,45,1,5–10%,31,187,0.16577540106951871,0.39572192513368987,0.5870049980776626,0.82299115724721261,0.40868896578239144,1
F1 m=3 r=20%,surface_wape,30,3,45,2,10–15%,19,187,0.10160427807486631,0.56149732620320858,0.99707804690503654,0.99876970396001541,0.74502114571318723,1
F1 m=3 r=20%,surface_wape,30,3,45,3,15–20%,3,187,0.016042780748663103,0.66310160427807485,0.9831603229527105,0.61737793156478282,0.35040369088811996,1
F1 m=3 r=20%,surface_wape,30,3,45,4,≥20%,32,187,0.17112299465240641,0.67914438502673791,0.73933102652825844,0.088581314878892731,0.15086505190311419,1
F1 m=3 r=20%,surface_wape,30,3,45,5,not lit,28,187,0.1497326203208556,0.85026737967914434,0.55000000000000004,0.55000000000000004,0.55000000000000004,1
F1 m=3 r=20%,surface_wape,30,4,60,0,0–5%,195,412,0.47330097087378642,0,0.047981545559400242,0.49642445213379471,0.26182237600922725,1
F1 m=3 r=20%,surface_wape,30,4,60,1,5–10%,42,412,0.10194174757281553,0.47330097087378642,0.5870049980776626,0.82299115724721261,0.40868896578239144,1
F1 m=3 r=20%,surface_wape,30,4,60,2,10–15%,29,412,0.070388349514563103,0.57524271844660191,0.99707804690503654,0.99876970396001541,0.74502114571318723,1
F1 m=3 r=20%,surface_wape,30,4,60,3,15–20%,17,412,0.0412621359223301,0.64563106796116498,0.9831603229527105,0.61737793156478282,0.35040369088811996,1
F1 m=3 r=20%,surface_wape,30,4,60,4,≥20%,73,412,0.17718446601941748,0.68689320388349506,0.73933102652825844,0.088581314878892731,0.15086505190311419,1
F1 m=3 r=20%,surface_wape,30,4,60,5,not lit,56,412,0.13592233009708737,0.86407766990291257,0.55000000000000004,0.55000000000000004,0.55000000000000004,1
F1 m=3 r=20%,surface_wape,30,5,75,0,0–5%,382,826,0.46246973365617433,0,0.047981545559400242,0.49642445213379471,0.26182237600922725,1
F1 m=3 r=20%,surface_wape,30,5,75,1,5–10%,101,826,0.12227602905569007,0.46246973365617433,0.5870049980776626,0.82299115724721261,0.40868896578239144,1
F1 m=3 r=20%,surface_wape,30,5,75,2,10–15%,60,826,0.072639225181598058,0.5847457627118644,0.99707804690503654,0.99876970396001541,0.74502114571318723,1
F1 m=3 r=20%,surface_wape,30,5,75,3,15–20%,26,826,0.031476997578692496,0.65738498789346245,0.9831603229527105,0.61737793156478282,0.35040369088811996,1
F1 m=3 r=20%,surface_wape,30,5,75,4,≥20%,173,826,0.20944309927360774,0.68886198547215494,0.73933102652825844,0.088581314878892731,0.15086505190311419,1
F1 m=3 r=20%,surface_wape,30,5,75,5,not lit,84,826,0.10169491525423729,0.89830508474576265,0.55000000000000004,0.55000000000000004,0.55000000000000004,1
F1 m=3 r=20%,surface_wape,30,6,90,0,0–5%,109,286,0.38111888111888109,0,0.047981545559400242,0.49642445213379471,0.26182237600922725,1
F1 m=3 r=20%,surface_wape,30,6,90,1,5–10%,46,286,0.16083916083916083,0.38111888111888109,0.5870049980776626,0.82299115724721261,0.40868896578239144,1
F1 m=3 r=20%,surface_wape,30,6,90,2,10–15%,24,286,0.083916083916083919,0.54195804195804187,0.99707804690503654,0.99876970396001541,0.74502114571318723,1
F1 m=3 r=20%,surface_wape,30,6,90,3,15–20%,10,286,0.034965034965034968,0.62587412587412583,0.9831603229527105,0.61737793156478282,0.35040369088811996,1
F1 m=3 r=20%,surface_wape,30,6,90,4,≥20%,61,286,0.21328671328671328,0.66083916083916083,0.73933102652825844,0.088581314878892731,0.15086505190311419,1
F1 m=3 r=20%,surface_wape,30,6,90,5,not lit,36,286,0.12587412587412589,0.87412587412587417,0.55000000000000004,0.55000000000000004,0.55000000000000004,1
F1 m=3 r=20%,surface_wape,30,7,105,0,0–5%,268,611,0.43862520458265142,0,0.047981545559400242,0.49642445213379471,0.26182237600922725,1
F1 m=3 r=20%,surface_wape,30,7,105,1,5–10%,71,611,0.11620294599018004,0.43862520458265142,0.5870049980776626,0.82299115724721261,0.40868896578239144,1
F1 m=3 r=20%,surface_wape,30,7,105,2,10–15%,39,611,0.063829787234042548,0.55482815057283141,0.99707804690503654,0.99876970396001541,0.74502114571318723,1
F1 m=3 r=20%,surface_wape,30,7,105,3,15–20%,19,611,0.031096563011456628,0.61865793780687395,0.9831603229527105,0.61737793156478282,0.35040369088811996,1
F1 m=3 r=20%,surface_wape,30,7,105,4,≥20%,92,611,0.15057283142389524,0.64975450081833053,0.73933102652825844,0.088581314878892731,0.15086505190311419,1
F1 m=3 r=20%,surface_wape,30,7,105,5,not lit,122,611,0.19967266775777415,0.80032733224222574,0.55000000000000004,0.55000000000000004,0.55000000000000004,1
F1 m=3 r=20%,surface_wape,30,8,120,0,0–5%,759,1778,0.42688413948256471,0,0.047981545559400242,0.49642445213379471,0.26182237600922725,1
F1 m=3 r=20%,surface_wape,30,8,120,1,5–10%,200,1778,0.1124859392575928,0.42688413948256471,0.5870049980776626,0.82299115724721261,0.40868896578239144,1
F1 m=3 r=20%,surface_wape,30,8,120,2,10–15%,89,1778,0.050056242969628795,0.53937007874015752,0.99707804690503654,0.99876970396001541,0.74502114571318723,1
F1 m=3 r=20%,surface_wape,30,8,120,3,15–20%,42,1778,0.023622047244094488,0.58942632170978637,0.9831603229527105,0.61737793156478282,0.35040369088811996,1
F1 m=3 r=20%,surface_wape,30,8,120,4,≥20%,188,1778,0.10573678290213723,0.61304836895388082,0.73933102652825844,0.088581314878892731,0.15086505190311419,1
F1 m=3 r=20%,surface_wape,30,8,120,5,not lit,500,1778,0.28121484814398201,0.71878515185601799,0.55000000000000004,0.55000000000000004,0.55000000000000004,1
F1 m=3 r=20%,surface_wape,30,9,135,0,0–5%,98,188,0.52127659574468088,0,0.047981545559400242,0.49642445213379471,0.26182237600922725,1
F1 m=3 r=20%,surface_wape,30,9,135,1,5–10%,20,188,0.10638297872340426,0.52127659574468088,0.5870049980776626,0.82299115724721261,0.40868896578239144,1
F1 m=3 r=20%,surface_wape,30,9,135,2,10–15%,9,188,0.047872340425531915,0.62765957446808518,0.99707804690503654,0.99876970396001541,0.74502114571318723,1
F1 m=3 r=20%,surface_wape,30,9,135,3,15–20%,7,188,0.037234042553191488,0.67553191489361708,0.9831603229527105,0.61737793156478282,0.35040369088811996,1
F1 m=3 r=20%,surface_wape,30,9,135,4,≥20%,17,188,0.090425531914893623,0.7127659574468086,0.73933102652825844,0.088581314878892731,0.15086505190311419,1
F1 m=3 r=20%,surface_wape,30,9,135,5,not lit,37,188,0.19680851063829788,0.80319148936170226,0.55000000000000004,0.55000000000000004,0.55000000000000004,1
F1 m=3 r=20%,surface_wape,30,10,150,0,0–5%,202,456,0.44298245614035087,0,0.047981545559400242,0.49642445213379471,0.26182237600922725,1
F1 m=3 r=20%,surface_wape,30,10,150,1,5–10%,55,456,0.1206140350877193,0.44298245614035087,0.5870049980776626,0.82299115724721261,0.40868896578239144,1
F1 m=3 r=20%,surface_wape,30,10,150,2,10–15%,30,456,0.065789473684210523,0.56359649122807021,0.99707804690503654,0.99876970396001541,0.74502114571318723,1
F1 m=3 r=20%,surface_wape,30,10,150,3,15–20%,12,456,0.026315789473684209,0.62938596491228072,0.9831603229527105,0.61737793156478282,0.35040369088811996,1
F1 m=3 r=20%,surface_wape,30,10,150,4,≥20%,60,456,0.13157894736842105,0.6557017543859649,0.73933102652825844,0.088581314878892731,0.15086505190311419,1
F1 m=3 r=20%,surface_wape,30,10,150,5,not lit,97,456,0.21271929824561403,0.78728070175438591,0.55000000000000004,0.55000000000000004,0.55000000000000004,1
F1 m=3 r=20%,surface_wape,30,11,165,0,0–5%,419,907,0.46196251378169789,0,0.047981545559400242,0.49642445213379471,0.26182237600922725,1
F1 m=3 r=20%,surface_wape,30,11,165,1,5–10%,96,907,0.10584343991179714,0.46196251378169789,0.5870049980776626,0.82299115724721261,0.40868896578239144,1
F1 m=3 r=20%,surface_wape,30,11,165,2,10–15%,56,907,0.061742006615214992,0.56780595369349507,0.99707804690503654,0.99876970396001541,0.74502114571318723,1
F1 m=3 r=20%,surface_wape,30,11,165,3,15–20%,25,907,0.027563395810363836,0.62954796030871008,0.9831603229527105,0.61737793156478282,0.35040369088811996,1
F1 m=3 r=20%,surface_wape,30,11,165,4,≥20%,111,907,0.12238147739801543,0.6571113561190739,0.73933102652825844,0.088581314878892731,0.15086505190311419,1
F1 m=3 r=20%,surface_wape,30,11,165,5,not lit,200,907,0.22050716648291069,0.77949283351708931,0.55000000000000004,0.55000000000000004,0.55000000000000004,1
F1 m=3 r=20%,surface_wape,30,12,180,0,0–5%,105,276,0.38043478260869568,0,0.047981545559400242,0.49642445213379471,0.26182237600922725,1
F1 m=3 r=20%,surface_wape,30,12,180,1,5–10%,40,276,0.14492753623188406,0.38043478260869568,0.5870049980776626,0.82299115724721261,0.40868896578239144,1
F1 m=3 r=20%,surface_wape,30,12,180,2,10–15%,16,276,0.057971014492753624,0.52536231884057971,0.99707804690503654,0.99876970396001541,0.74502114571318723,1
F1 m=3 r=20%,surface_wape,30,12,180,3,15–20%,11,276,0.039855072463768113,0.58333333333333337,0.9831603229527105,0.61737793156478282,0.35040369088811996,1
F1 m=3 r=20%,surface_wape,30,12,180,4,≥20%,54,276,0.19565217391304349,0.62318840579710144,0.73933102652825844,0.088581314878892731,0.15086505190311419,1
F1 m=3 r=20%,surface_wape,30,12,180,5,not lit,50,276,0.18115942028985507,0.8188405797101449,0.55000000000000004,0.55000000000000004,0.55000000000000004,1
F1 m=3 r=20%,surface_wape,30,13,195,0,0–5%,339,610,0.55573770491803276,0,0.047981545559400242,0.49642445213379471,0.26182237600922725,1
F1 m=3 r=20%,surface_wape,30,13,195,1,5–10%,59,610,0.096721311475409841,0.55573770491803276,0.5870049980776626,0.82299115724721261,0.40868896578239144,1
F1 m=3 r=20%,surface_wape,30,13,195,2,10–15%,26,610,0.042622950819672129,0.65245901639344261,0.99707804690503654,0.99876970396001541,0.74502114571318723,1
F1 m=3 r=20%,surface_wape,30,13,195,3,15–20%,19,610,0.031147540983606559,0.69508196721311477,0.9831603229527105,0.61737793156478282,0.35040369088811996,1
F1 m=3 r=20%,surface_wape,30,13,195,4,≥20%,66,610,0.10819672131147541,0.72622950819672139,0.73933102652825844,0.088581314878892731,0.15086505190311419,1
F1 m=3 r=20%,surface_wape,30,13,195,5,not lit,101,610,0.16557377049180327,0.83442622950819678,0.55000000000000004,0.55000000000000004,0.55000000000000004,1
F1 m=3 r=20%,surface_wape,30,14,210,0,0–5%,907,1679,0.54020250148898152,0,0.047981545559400242,0.49642445213379471,0.26182237600922725,1
F1 m=3 r=20%,surface_wape,30,14,210,1,5–10%,231,1679,0.13758189398451459,0.54020250148898152,0.5870049980776626,0.82299115724721261,0.40868896578239144,1
F1 m=3 r=20%,surface_wape,30,14,210,2,10–15%,85,1679,0.050625372245384159,0.67778439547349612,0.99707804690503654,0.99876970396001541,0.74502114571318723,1
F1 m=3 r=20%,surface_wape,30,14,210,3,15–20%,39,1679,0.023228111971411555,0.72840976771888033,0.9831603229527105,0.61737793156478282,0.35040369088811996,1
F1 m=3 r=20%,surface_wape,30,14,210,4,≥20%,137,1679,0.081596188207266232,0.75163787969029183,0.73933102652825844,0.088581314878892731,0.15086505190311419,1
F1 m=3 r=20%,surface_wape,30,14,210,5,not lit,280,1679,0.16676593210244192,0.83323406789755805,0.55000000000000004,0.55000000000000004,0.55000000000000004,1
F1 m=3 r=20%,surface_wape,30,15,225,0,0–5%,111,197,0.56345177664974622,0,0.047981545559400242,0.49642445213379471,0.26182237600922725,1
F1 m=3 r=20%,surface_wape,30,15,225,1,5–10%,23,197,0.116751269035533,0.56345177664974622,0.5870049980776626,0.82299115724721261,0.40868896578239144,1
F1 m=3 r=20%,surface_wape,30,15,225,2,10–15%,14,197,0.071065989847715741,0.68020304568527923,0.99707804690503654,0.99876970396001541,0.74502114571318723,1
F1 m=3 r=20%,surface_wape,30,15,225,3,15–20%,6,197,0.030456852791878174,0.75126903553299496,0.9831603229527105,0.61737793156478282,0.35040369088811996,1
F1 m=3 r=20%,surface_wape,30,15,225,4,≥20%,25,197,0.12690355329949238,0.78172588832487311,0.73933102652825844,0.088581314878892731,0.15086505190311419,1
F1 m=3 r=20%,surface_wape,30,15,225,5,not lit,18,197,0.091370558375634514,0.90862944162436543,0.55000000000000004,0.55000000000000004,0.55000000000000004,1
F1 m=3 r=20%,surface_wape,30,16,240,0,0–5%,191,407,0.46928746928746928,0,0.047981545559400242,0.49642445213379471,0.26182237600922725,1
F1 m=3 r=20%,surface_wape,30,16,240,1,5–10%,46,407,0.11302211302211303,0.46928746928746928,0.5870049980776626,0.82299115724721261,0.40868896578239144,1
F1 m=3 r=20%,surface_wape,30,16,240,2,10–15%,25,407,0.061425061425061427,0.5823095823095823,0.99707804690503654,0.99876970396001541,0.74502114571318723,1
F1 m=3 r=20%,surface_wape,30,16,240,3,15–20%,24,407,0.05896805896805897,0.64373464373464373,0.9831603229527105,0.61737793156478282,0.35040369088811996,1
F1 m=3 r=20%,surface_wape,30,16,240,4,≥20%,77,407,0.1891891891891892,0.70270270270270274,0.73933102652825844,0.088581314878892731,0.15086505190311419,1
F1 m=3 r=20%,surface_wape,30,16,240,5,not lit,44,407,0.10810810810810811,0.89189189189189189,0.55000000000000004,0.55000000000000004,0.55000000000000004,1
F1 m=3 r=20%,surface_wape,30,17,255,0,0–5%,409,815,0.501840490797546,0,0.047981545559400242,0.49642445213379471,0.26182237600922725,1
F1 m=3 r=20%,surface_wape,30,17,255,1,5–10%,114,815,0.13987730061349693,0.501840490797546,0.5870049980776626,0.82299115724721261,0.40868896578239144,1
F1 m=3 r=20%,surface_wape,30,17,255,2,10–15%,54,815,0.066257668711656448,0.6417177914110429,0.99707804690503654,0.99876970396001541,0.74502114571318723,1
F1 m=3 r=20%,surface_wape,30,17,255,3,15–20%,34,815,0.041717791411042947,0.7079754601226993,0.9831603229527105,0.61737793156478282,0.35040369088811996,1
F1 m=3 r=20%,surface_wape,30,17,255,4,≥20%,115,815,0.1411042944785276,0.74969325153374222,0.73933102652825844,0.088581314878892731,0.15086505190311419,1
F1 m=3 r=20%,surface_wape,30,17,255,5,not lit,89,815,0.10920245398773006,0.89079754601226979,0.55000000000000004,0.55000000000000004,0.55000000000000004,1
F1 m=3 r=20%,surface_wape,30,18,270,0,0–5%,97,265,0.36603773584905658,0,0.047981545559400242,0.49642445213379471,0.26182237600922725,1
F1 m=3 r=20%,surface_wape,30,18,270,1,5–10%,30,265,0.11320754716981132,0.36603773584905658,0.5870049980776626,0.82299115724721261,0.40868896578239144,1
F1 m=3 r=20%,surface_wape,30,18,270,2,10–15%,18,265,0.067924528301886791,0.47924528301886793,0.99707804690503654,0.99876970396001541,0.74502114571318723,1
F1 m=3 r=20%,surface_wape,30,18,270,3,15–20%,18,265,0.067924528301886791,0.54716981132075471,0.9831603229527105,0.61737793156478282,0.35040369088811996,1
F1 m=3 r=20%,surface_wape,30,18,270,4,≥20%,71,265,0.26792452830188679,0.61509433962264148,0.73933102652825844,0.088581314878892731,0.15086505190311419,1
F1 m=3 r=20%,surface_wape,30,18,270,5,not lit,31,265,0.1169811320754717,0.88301886792452833,0.55000000000000004,0.55000000000000004,0.55000000000000004,1
F1 m=3 r=20%,surface_wape,30,19,285,0,0–5%,287,609,0.47126436781609193,0,0.047981545559400242,0.49642445213379471,0.26182237600922725,1
F1 m=3 r=20%,surface_wape,30,19,285,1,5–10%,75,609,0.12315270935960591,0.47126436781609193,0.5870049980776626,0.82299115724721261,0.40868896578239144,1
F1 m=3 r=20%,surface_wape,30,19,285,2,10–15%,24,609,0.039408866995073892,0.59441707717569781,0.99707804690503654,0.99876970396001541,0.74502114571318723,1
F1 m=3 r=20%,surface_wape,30,19,285,3,15–20%,18,609,0.029556650246305417,0.63382594417077165,0.9831603229527105,0.61737793156478282,0.35040369088811996,1
F1 m=3 r=20%,surface_wape,30,19,285,4,≥20%,101,609,0.16584564860426929,0.66338259441707703,0.73933102652825844,0.088581314878892731,0.15086505190311419,1
F1 m=3 r=20%,surface_wape,30,19,285,5,not lit,104,609,0.17077175697865354,0.82922824302134635,0.55000000000000004,0.55000000000000004,0.55000000000000004,1
F1 m=3 r=20%,surface_wape,30,20,300,0,0–5%,658,1781,0.36945536215609209,0,0.047981545559400242,0.49642445213379471,0.26182237600922725,1
F1 m=3 r=20%,surface_wape,30,20,300,1,5–10%,233,1781,0.13082537900056149,0.36945536215609209,0.5870049980776626,0.82299115724721261,0.40868896578239144,1
F1 m=3 r=20%,surface_wape,30,20,300,2,10–15%,101,1781,0.056709713644020214,0.50028074115665355,0.99707804690503654,0.99876970396001541,0.74502114571318723,1
F1 m=3 r=20%,surface_wape,30,20,300,3,15–20%,66,1781,0.037057832678270633,0.55699045480067377,0.9831603229527105,0.61737793156478282,0.35040369088811996,1
F1 m=3 r=20%,surface_wape,30,20,300,4,≥20%,238,1781,0.13363279056709715,0.59404828747894445,0.73933102652825844,0.088581314878892731,0.15086505190311419,1
F1 m=3 r=20%,surface_wape,30,20,300,5,not lit,485,1781,0.27231892195395846,0.72768107804604165,0.55000000000000004,0.55000000000000004,0.55000000000000004,1
F1 m=3 r=20%,surface_wape,30,21,315,0,0–5%,61,190,0.32105263157894737,0,0.047981545559400242,0.49642445213379471,0.26182237600922725,1
F1 m=3 r=20%,surface_wape,30,21,315,1,5–10%,34,190,0.17894736842105263,0.32105263157894737,0.5870049980776626,0.82299115724721261,0.40868896578239144,1
F1 m=3 r=20%,surface_wape,30,21,315,2,10–15%,18,190,0.094736842105263161,0.5,0.99707804690503654,0.99876970396001541,0.74502114571318723,1
F1 m=3 r=20%,surface_wape,30,21,315,3,15–20%,12,190,0.063157894736842107,0.59473684210526312,0.9831603229527105,0.61737793156478282,0.35040369088811996,1
F1 m=3 r=20%,surface_wape,30,21,315,4,≥20%,39,190,0.20526315789473684,0.6578947368421052,0.73933102652825844,0.088581314878892731,0.15086505190311419,1
F1 m=3 r=20%,surface_wape,30,21,315,5,not lit,26,190,0.1368421052631579,0.86315789473684201,0.55000000000000004,0.55000000000000004,0.55000000000000004,1
F1 m=3 r=20%,surface_wape,30,22,330,0,0–5%,114,442,0.25791855203619912,0,0.047981545559400242,0.49642445213379471,0.26182237600922725,1
F1 m=3 r=20%,surface_wape,30,22,330,1,5–10%,56,442,0.12669683257918551,0.25791855203619912,0.5870049980776626,0.82299115724721261,0.40868896578239144,1
F1 m=3 r=20%,surface_wape,30,22,330,2,10–15%,38,442,0.085972850678733032,0.38461538461538464,0.99707804690503654,0.99876970396001541,0.74502114571318723,1
F1 m=3 r=20%,surface_wape,30,22,330,3,15–20%,24,442,0.054298642533936653,0.47058823529411764,0.9831603229527105,0.61737793156478282,0.35040369088811996,1
F1 m=3 r=20%,surface_wape,30,22,330,4,≥20%,110,442,0.24886877828054299,0.52488687782805432,0.73933102652825844,0.088581314878892731,0.15086505190311419,1
F1 m=3 r=20%,surface_wape,30,22,330,5,not lit,100,442,0.22624434389140272,0.77375565610859731,0.55000000000000004,0.55000000000000004,0.55000000000000004,1
F1 m=3 r=20%,surface_wape,30,23,345,0,0–5%,233,924,0.25216450216450215,0,0.047981545559400242,0.49642445213379471,0.26182237600922725,1
F1 m=3 r=20%,surface_wape,30,23,345,1,5–10%,120,924,0.12987012987012986,0.25216450216450215,0.5870049980776626,0.82299115724721261,0.40868896578239144,1
F1 m=3 r=20%,surface_wape,30,23,345,2,10–15%,84,924,0.090909090909090912,0.382034632034632,0.99707804690503654,0.99876970396001541,0.74502114571318723,1
F1 m=3 r=20%,surface_wape,30,23,345,3,15–20%,42,924,0.045454545454545456,0.47294372294372289,0.9831603229527105,0.61737793156478282,0.35040369088811996,1
F1 m=3 r=20%,surface_wape,30,23,345,4,≥20%,219,924,0.23701298701298701,0.5183982683982683,0.73933102652825844,0.088581314878892731,0.15086505190311419,1
F1 m=3 r=20%,surface_wape,30,23,345,5,not lit,226,924,0.24458874458874458,0.75541125541125531,0.55000000000000004,0.55000000000000004,0.55000000000000004,1
F1 m=3 r=20%,surface_wape,45,0,0,0,0–5%,59,290,0.20344827586206896,0,0.047981545559400242,0.49642445213379471,0.26182237600922725,1
F1 m=3 r=20%,surface_wape,45,0,0,1,5–10%,30,290,0.10344827586206896,0.20344827586206896,0.5870049980776626,0.82299115724721261,0.40868896578239144,1
F1 m=3 r=20%,surface_wape,45,0,0,2,10–15%,24,290,0.082758620689655171,0.30689655172413793,0.99707804690503654,0.99876970396001541,0.74502114571318723,1
F1 m=3 r=20%,surface_wape,45,0,0,3,15–20%,6,290,0.020689655172413793,0.3896551724137931,0.9831603229527105,0.61737793156478282,0.35040369088811996,1
F1 m=3 r=20%,surface_wape,45,0,0,4,≥20%,91,290,0.31379310344827588,0.41034482758620688,0.73933102652825844,0.088581314878892731,0.15086505190311419,1
F1 m=3 r=20%,surface_wape,45,0,0,5,not lit,80,290,0.27586206896551724,0.72413793103448276,0.55000000000000004,0.55000000000000004,0.55000000000000004,1
F1 m=3 r=20%,surface_wape,45,1,15,0,0–5%,160,637,0.25117739403453687,0,0.047981545559400242,0.49642445213379471,0.26182237600922725,1
F1 m=3 r=20%,surface_wape,45,1,15,1,5–10%,79,637,0.12401883830455258,0.25117739403453687,0.5870049980776626,0.82299115724721261,0.40868896578239144,1
F1 m=3 r=20%,surface_wape,45,1,15,2,10–15%,56,637,0.087912087912087919,0.37519623233908944,0.99707804690503654,0.99876970396001541,0.74502114571318723,1
F1 m=3 r=20%,surface_wape,45,1,15,3,15–20%,31,637,0.048665620094191522,0.46310832025117737,0.9831603229527105,0.61737793156478282,0.35040369088811996,1
F1 m=3 r=20%,surface_wape,45,1,15,4,≥20%,185,637,0.2904238618524333,0.51177394034536894,0.73933102652825844,0.088581314878892731,0.15086505190311419,1
F1 m=3 r=20%,surface_wape,45,1,15,5,not lit,126,637,0.19780219780219779,0.80219780219780223,0.55000000000000004,0.55000000000000004,0.55000000000000004,1
F1 m=3 r=20%,surface_wape,45,2,30,0,0–5%,496,1703,0.29125073399882562,0,0.047981545559400242,0.49642445213379471,0.26182237600922725,1
F1 m=3 r=20%,surface_wape,45,2,30,1,5–10%,289,1703,0.16970052847915443,0.29125073399882562,0.5870049980776626,0.82299115724721261,0.40868896578239144,1
F1 m=3 r=20%,surface_wape,45,2,30,2,10–15%,121,1703,0.071051086318261888,0.46095126247798002,0.99707804690503654,0.99876970396001541,0.74502114571318723,1
F1 m=3 r=20%,surface_wape,45,2,30,3,15–20%,94,1703,0.055196711685261302,0.53200234879624186,0.9831603229527105,0.61737793156478282,0.35040369088811996,1
F1 m=3 r=20%,surface_wape,45,2,30,4,≥20%,337,1703,0.1978860833822666,0.58719906048150317,0.73933102652825844,0.088581314878892731,0.15086505190311419,1
F1 m=3 r=20%,surface_wape,45,2,30,5,not lit,366,1703,0.21491485613623018,0.78508514386376982,0.55000000000000004,0.55000000000000004,0.55000000000000004,1
F1 m=3 r=20%,surface_wape,45,3,45,0,0–5%,58,187,0.31016042780748665,0,0.047981545559400242,0.49642445213379471,0.26182237600922725,1
F1 m=3 r=20%,surface_wape,45,3,45,1,5–10%,34,187,0.18181818181818182,0.31016042780748665,0.5870049980776626,0.82299115724721261,0.40868896578239144,1
F1 m=3 r=20%,surface_wape,45,3,45,2,10–15%,19,187,0.10160427807486631,0.49197860962566847,0.99707804690503654,0.99876970396001541,0.74502114571318723,1
F1 m=3 r=20%,surface_wape,45,3,45,3,15–20%,10,187,0.053475935828877004,0.5935828877005348,0.9831603229527105,0.61737793156478282,0.35040369088811996,1
F1 m=3 r=20%,surface_wape,45,3,45,4,≥20%,36,187,0.19251336898395721,0.6470588235294118,0.73933102652825844,0.088581314878892731,0.15086505190311419,1
F1 m=3 r=20%,surface_wape,45,3,45,5,not lit,30,187,0.16042780748663102,0.83957219251336901,0.55000000000000004,0.55000000000000004,0.55000000000000004,1
F1 m=3 r=20%,surface_wape,45,4,60,0,0–5%,166,412,0.40291262135922329,0,0.047981545559400242,0.49642445213379471,0.26182237600922725,1
F1 m=3 r=20%,surface_wape,45,4,60,1,5–10%,55,412,0.13349514563106796,0.40291262135922329,0.5870049980776626,0.82299115724721261,0.40868896578239144,1
F1 m=3 r=20%,surface_wape,45,4,60,2,10–15%,26,412,0.063106796116504854,0.53640776699029125,0.99707804690503654,0.99876970396001541,0.74502114571318723,1
F1 m=3 r=20%,surface_wape,45,4,60,3,15–20%,18,412,0.043689320388349516,0.59951456310679607,0.9831603229527105,0.61737793156478282,0.35040369088811996,1
F1 m=3 r=20%,surface_wape,45,4,60,4,≥20%,84,412,0.20388349514563106,0.64320388349514557,0.73933102652825844,0.088581314878892731,0.15086505190311419,1
F1 m=3 r=20%,surface_wape,45,4,60,5,not lit,63,412,0.15291262135922329,0.84708737864077666,0.55000000000000004,0.55000000000000004,0.55000000000000004,1
F1 m=3 r=20%,surface_wape,45,5,75,0,0–5%,348,826,0.42130750605326878,0,0.047981545559400242,0.49642445213379471,0.26182237600922725,1
F1 m=3 r=20%,surface_wape,45,5,75,1,5–10%,109,826,0.13196125907990314,0.42130750605326878,0.5870049980776626,0.82299115724721261,0.40868896578239144,1
F1 m=3 r=20%,surface_wape,45,5,75,2,10–15%,70,826,0.084745762711864403,0.55326876513317191,0.99707804690503654,0.99876970396001541,0.74502114571318723,1
F1 m=3 r=20%,surface_wape,45,5,75,3,15–20%,29,826,0.035108958837772396,0.63801452784503632,0.9831603229527105,0.61737793156478282,0.35040369088811996,1
F1 m=3 r=20%,surface_wape,45,5,75,4,≥20%,179,826,0.21670702179176757,0.67312348668280875,0.73933102652825844,0.088581314878892731,0.15086505190311419,1
F1 m=3 r=20%,surface_wape,45,5,75,5,not lit,91,826,0.11016949152542373,0.88983050847457634,0.55000000000000004,0.55000000000000004,0.55000000000000004,1
F1 m=3 r=20%,surface_wape,45,6,90,0,0–5%,92,286,0.32167832167832167,0,0.047981545559400242,0.49642445213379471,0.26182237600922725,1
F1 m=3 r=20%,surface_wape,45,6,90,1,5–10%,55,286,0.19230769230769232,0.32167832167832167,0.5870049980776626,0.82299115724721261,0.40868896578239144,1
F1 m=3 r=20%,surface_wape,45,6,90,2,10–15%,28,286,0.097902097902097904,0.51398601398601396,0.99707804690503654,0.99876970396001541,0.74502114571318723,1
F1 m=3 r=20%,surface_wape,45,6,90,3,15–20%,8,286,0.027972027972027972,0.61188811188811187,0.9831603229527105,0.61737793156478282,0.35040369088811996,1
F1 m=3 r=20%,surface_wape,45,6,90,4,≥20%,67,286,0.23426573426573427,0.6398601398601399,0.73933102652825844,0.088581314878892731,0.15086505190311419,1
F1 m=3 r=20%,surface_wape,45,6,90,5,not lit,36,286,0.12587412587412589,0.87412587412587417,0.55000000000000004,0.55000000000000004,0.55000000000000004,1
F1 m=3 r=20%,surface_wape,45,7,105,0,0–5%,235,611,0.38461538461538464,0,0.047981545559400242,0.49642445213379471,0.26182237600922725,1
F1 m=3 r=20%,surface_wape,45,7,105,1,5–10%,85,611,0.13911620294599017,0.38461538461538464,0.5870049980776626,0.82299115724721261,0.40868896578239144,1
F1 m=3 r=20%,surface_wape,45,7,105,2,10–15%,51,611,0.08346972176759411,0.52373158756137483,0.99707804690503654,0.99876970396001541,0.74502114571318723,1
F1 m=3 r=20%,surface_wape,45,7,105,3,15–20%,24,611,0.03927986906710311,0.60720130932896899,0.9831603229527105,0.61737793156478282,0.35040369088811996,1
F1 m=3 r=20%,surface_wape,45,7,105,4,≥20%,91,611,0.14893617021276595,0.64648117839607211,0.73933102652825844,0.088581314878892731,0.15086505190311419,1
F1 m=3 r=20%,surface_wape,45,7,105,5,not lit,125,611,0.20458265139116202,0.79541734860883806,0.55000000000000004,0.55000000000000004,0.55000000000000004,1
F1 m=3 r=20%,surface_wape,45,8,120,0,0–5%,697,1778,0.39201349831271093,0,0.047981545559400242,0.49642445213379471,0.26182237600922725,1
F1 m=3 r=20%,surface_wape,45,8,120,1,5–10%,231,1778,0.12992125984251968,0.39201349831271093,0.5870049980776626,0.82299115724721261,0.40868896578239144,1
F1 m=3 r=20%,surface_wape,45,8,120,2,10–15%,77,1778,0.043307086614173228,0.5219347581552306,0.99707804690503654,0.99876970396001541,0.74502114571318723,1
F1 m=3 r=20%,surface_wape,45,8,120,3,15–20%,56,1778,0.031496062992125984,0.56524184476940387,0.9831603229527105,0.61737793156478282,0.35040369088811996,1
F1 m=3 r=20%,surface_wape,45,8,120,4,≥20%,233,1778,0.13104611923509563,0.5967379077615298,0.73933102652825844,0.088581314878892731,0.15086505190311419,1
F1 m=3 r=20%,surface_wape,45,8,120,5,not lit,484,1778,0.27221597300337458,0.72778402699662537,0.55000000000000004,0.55000000000000004,0.55000000000000004,1
F1 m=3 r=20%,surface_wape,45,9,135,0,0–5%,84,188,0.44680851063829785,0,0.047981545559400242,0.49642445213379471,0.26182237600922725,1
F1 m=3 r=20%,surface_wape,45,9,135,1,5–10%,27,188,0.14361702127659576,0.44680851063829785,0.5870049980776626,0.82299115724721261,0.40868896578239144,1
F1 m=3 r=20%,surface_wape,45,9,135,2,10–15%,7,188,0.037234042553191488,0.59042553191489366,0.99707804690503654,0.99876970396001541,0.74502114571318723,1
F1 m=3 r=20%,surface_wape,45,9,135,3,15–20%,5,188,0.026595744680851064,0.62765957446808518,0.9831603229527105,0.61737793156478282,0.35040369088811996,1
F1 m=3 r=20%,surface_wape,45,9,135,4,≥20%,26,188,0.13829787234042554,0.6542553191489362,0.73933102652825844,0.088581314878892731,0.15086505190311419,1
F1 m=3 r=20%,surface_wape,45,9,135,5,not lit,39,188,0.20744680851063829,0.79255319148936176,0.55000000000000004,0.55000000000000004,0.55000000000000004,1
F1 m=3 r=20%,surface_wape,45,10,150,0,0–5%,176,456,0.38596491228070173,0,0.047981545559400242,0.49642445213379471,0.26182237600922725,1
F1 m=3 r=20%,surface_wape,45,10,150,1,5–10%,67,456,0.14692982456140352,0.38596491228070173,0.5870049980776626,0.82299115724721261,0.40868896578239144,1
F1 m=3 r=20%,surface_wape,45,10,150,2,10–15%,34,456,0.074561403508771926,0.53289473684210531,0.99707804690503654,0.99876970396001541,0.74502114571318723,1
F1 m=3 r=20%,surface_wape,45,10,150,3,15–20%,20,456,0.043859649122807015,0.60745614035087725,0.9831603229527105,0.61737793156478282,0.35040369088811996,1
F1 m=3 r=20%,surface_wape,45,10,150,4,≥20%,63,456,0.13815789473684212,0.65131578947368429,0.73933102652825844,0.088581314878892731,0.15086505190311419,1
F1 m=3 r=20%,surface_wape,45,10,150,5,not lit,96,456,0.21052631578947367,0.78947368421052644,0.55000000000000004,0.55000000000000004,0.55000000000000004,1
F1 m=3 r=20%,surface_wape,45,11,165,0,0–5%,370,907,0.40793825799338479,0,0.047981545559400242,0.49642445213379471,0.26182237600922725,1
F1 m=3 r=20%,surface_wape,45,11,165,1,5–10%,109,907,0.12017640573318633,0.40793825799338479,0.5870049980776626,0.82299115724721261,0.40868896578239144,1
F1 m=3 r=20%,surface_wape,45,11,165,2,10–15%,62,907,0.068357221609702312,0.52811466372657112,0.99707804690503654,0.99876970396001541,0.74502114571318723,1
F1 m=3 r=20%,surface_wape,45,11,165,3,15–20%,31,907,0.034178610804851156,0.59647188533627338,0.9831603229527105,0.61737793156478282,0.35040369088811996,1
F1 m=3 r=20%,surface_wape,45,11,165,4,≥20%,125,907,0.13781697905181919,0.63065049614112456,0.73933102652825844,0.088581314878892731,0.15086505190311419,1
F1 m=3 r=20%,surface_wape,45,11,165,5,not lit,210,907,0.23153252480705622,0.76846747519294378,0.55000000000000004,0.55000000000000004,0.55000000000000004,1
F1 m=3 r=20%,surface_wape,45,12,180,0,0–5%,98,276,0.35507246376811596,0,0.047981545559400242,0.49642445213379471,0.26182237600922725,1
F1 m=3 r=20%,surface_wape,45,12,180,1,5–10%,36,276,0.13043478260869565,0.35507246376811596,0.5870049980776626,0.82299115724721261,0.40868896578239144,1
F1 m=3 r=20%,surface_wape,45,12,180,2,10–15%,16,276,0.057971014492753624,0.48550724637681164,0.99707804690503654,0.99876970396001541,0.74502114571318723,1
F1 m=3 r=20%,surface_wape,45,12,180,3,15–20%,11,276,0.039855072463768113,0.5434782608695653,0.9831603229527105,0.61737793156478282,0.35040369088811996,1
F1 m=3 r=20%,surface_wape,45,12,180,4,≥20%,62,276,0.22463768115942029,0.58333333333333337,0.73933102652825844,0.088581314878892731,0.15086505190311419,1
F1 m=3 r=20%,surface_wape,45,12,180,5,not lit,53,276,0.19202898550724637,0.80797101449275366,0.55000000000000004,0.55000000000000004,0.55000000000000004,1
F1 m=3 r=20%,surface_wape,45,13,195,0,0–5%,306,610,0.50163934426229506,0,0.047981545559400242,0.49642445213379471,0.26182237600922725,1
F1 m=3 r=20%,surface_wape,45,13,195,1,5–10%,84,610,0.13770491803278689,0.50163934426229506,0.5870049980776626,0.82299115724721261,0.40868896578239144,1
F1 m=3 r=20%,surface_wape,45,13,195,2,10–15%,33,610,0.054098360655737705,0.63934426229508201,0.99707804690503654,0.99876970396001541,0.74502114571318723,1
F1 m=3 r=20%,surface_wape,45,13,195,3,15–20%,15,610,0.024590163934426229,0.69344262295081971,0.9831603229527105,0.61737793156478282,0.35040369088811996,1
F1 m=3 r=20%,surface_wape,45,13,195,4,≥20%,70,610,0.11475409836065574,0.71803278688524597,0.73933102652825844,0.088581314878892731,0.15086505190311419,1
F1 m=3 r=20%,surface_wape,45,13,195,5,not lit,102,610,0.16721311475409836,0.83278688524590172,0.55000000000000004,0.55000000000000004,0.55000000000000004,1
F1 m=3 r=20%,surface_wape,45,14,210,0,0–5%,846,1679,0.50387135199523525,0,0.047981545559400242,0.49642445213379471,0.26182237600922725,1
F1 m=3 r=20%,surface_wape,45,14,210,1,5–10%,238,1679,0.14175104228707563,0.50387135199523525,0.5870049980776626,0.82299115724721261,0.40868896578239144,1
F1 m=3 r=20%,surface_wape,45,14,210,2,10–15%,98,1679,0.058368076235854674,0.64562239428231094,0.99707804690503654,0.99876970396001541,0.74502114571318723,1
F1 m=3 r=20%,surface_wape,45,14,210,3,15–20%,38,1679,0.022632519356759976,0.70399047051816566,0.9831603229527105,0.61737793156478282,0.35040369088811996,1
F1 m=3 r=20%,surface_wape,45,14,210,4,≥20%,160,1679,0.095294818344252533,0.72662298987492568,0.73933102652825844,0.088581314878892731,0.15086505190311419,1
F1 m=3 r=20%,surface_wape,45,14,210,5,not lit,299,1679,0.17808219178082191,0.82191780821917826,0.55000000000000004,0.55000000000000004,0.55000000000000004,1
F1 m=3 r=20%,surface_wape,45,15,225,0,0–5%,98,197,0.49746192893401014,0,0.047981545559400242,0.49642445213379471,0.26182237600922725,1
F1 m=3 r=20%,surface_wape,45,15,225,1,5–10%,27,197,0.13705583756345177,0.49746192893401014,0.5870049980776626,0.82299115724721261,0.40868896578239144,1
F1 m=3 r=20%,surface_wape,45,15,225,2,10–15%,18,197,0.091370558375634514,0.63451776649746194,0.99707804690503654,0.99876970396001541,0.74502114571318723,1
F1 m=3 r=20%,surface_wape,45,15,225,3,15–20%,11,197,0.055837563451776651,0.72588832487309651,0.9831603229527105,0.61737793156478282,0.35040369088811996,1
F1 m=3 r=20%,surface_wape,45,15,225,4,≥20%,24,197,0.12182741116751269,0.78172588832487322,0.73933102652825844,0.088581314878892731,0.15086505190311419,1
F1 m=3 r=20%,surface_wape,45,15,225,5,not lit,19,197,0.096446700507614211,0.90355329949238594,0.55000000000000004,0.55000000000000004,0.55000000000000004,1
F1 m=3 r=20%,surface_wape,45,16,240,0,0–5%,170,407,0.4176904176904177,0,0.047981545559400242,0.49642445213379471,0.26182237600922725,1
F1 m=3 r=20%,surface_wape,45,16,240,1,5–10%,52,407,0.12776412776412777,0.4176904176904177,0.5870049980776626,0.82299115724721261,0.40868896578239144,1
F1 m=3 r=20%,surface_wape,45,16,240,2,10–15%,32,407,0.078624078624078622,0.54545454545454541,0.99707804690503654,0.99876970396001541,0.74502114571318723,1
F1 m=3 r=20%,surface_wape,45,16,240,3,15–20%,18,407,0.044226044226044224,0.62407862407862402,0.9831603229527105,0.61737793156478282,0.35040369088811996,1
F1 m=3 r=20%,surface_wape,45,16,240,4,≥20%,87,407,0.21375921375921375,0.66830466830466828,0.73933102652825844,0.088581314878892731,0.15086505190311419,1
F1 m=3 r=20%,surface_wape,45,16,240,5,not lit,48,407,0.11793611793611794,0.88206388206388198,0.55000000000000004,0.55000000000000004,0.55000000000000004,1
F1 m=3 r=20%,surface_wape,45,17,255,0,0–5%,368,815,0.45153374233128835,0,0.047981545559400242,0.49642445213379471,0.26182237600922725,1
F1 m=3 r=20%,surface_wape,45,17,255,1,5–10%,113,815,0.13865030674846626,0.45153374233128835,0.5870049980776626,0.82299115724721261,0.40868896578239144,1
F1 m=3 r=20%,surface_wape,45,17,255,2,10–15%,68,815,0.083435582822085894,0.59018404907975464,0.99707804690503654,0.99876970396001541,0.74502114571318723,1
F1 m=3 r=20%,surface_wape,45,17,255,3,15–20%,36,815,0.044171779141104296,0.67361963190184049,0.9831603229527105,0.61737793156478282,0.35040369088811996,1
F1 m=3 r=20%,surface_wape,45,17,255,4,≥20%,137,815,0.16809815950920245,0.71779141104294475,0.73933102652825844,0.088581314878892731,0.15086505190311419,1
F1 m=3 r=20%,surface_wape,45,17,255,5,not lit,93,815,0.11411042944785275,0.88588957055214723,0.55000000000000004,0.55000000000000004,0.55000000000000004,1
F1 m=3 r=20%,surface_wape,45,18,270,0,0–5%,83,265,0.31320754716981131,0,0.047981545559400242,0.49642445213379471,0.26182237600922725,1
F1 m=3 r=20%,surface_wape,45,18,270,1,5–10%,35,265,0.13207547169811321,0.31320754716981131,0.5870049980776626,0.82299115724721261,0.40868896578239144,1
F1 m=3 r=20%,surface_wape,45,18,270,2,10–15%,27,265,0.10188679245283019,0.44528301886792454,0.99707804690503654,0.99876970396001541,0.74502114571318723,1
F1 m=3 r=20%,surface_wape,45,18,270,3,15–20%,13,265,0.049056603773584909,0.54716981132075471,0.9831603229527105,0.61737793156478282,0.35040369088811996,1
F1 m=3 r=20%,surface_wape,45,18,270,4,≥20%,72,265,0.27169811320754716,0.5962264150943396,0.73933102652825844,0.088581314878892731,0.15086505190311419,1
F1 m=3 r=20%,surface_wape,45,18,270,5,not lit,35,265,0.13207547169811321,0.86792452830188682,0.55000000000000004,0.55000000000000004,0.55000000000000004,1
F1 m=3 r=20%,surface_wape,45,19,285,0,0–5%,233,609,0.38259441707717567,0,0.047981545559400242,0.49642445213379471,0.26182237600922725,1
F1 m=3 r=20%,surface_wape,45,19,285,1,5–10%,89,609,0.14614121510673234,0.38259441707717567,0.5870049980776626,0.82299115724721261,0.40868896578239144,1
F1 m=3 r=20%,surface_wape,45,19,285,2,10–15%,48,609,0.078817733990147784,0.52873563218390807,0.99707804690503654,0.99876970396001541,0.74502114571318723,1
F1 m=3 r=20%,surface_wape,45,19,285,3,15–20%,15,609,0.024630541871921183,0.60755336617405586,0.9831603229527105,0.61737793156478282,0.35040369088811996,1
F1 m=3 r=20%,surface_wape,45,19,285,4,≥20%,118,609,0.19376026272577998,0.63218390804597702,0.73933102652825844,0.088581314878892731,0.15086505190311419,1
F1 m=3 r=20%,surface_wape,45,19,285,5,not lit,106,609,0.17405582922824303,0.82594417077175697,0.55000000000000004,0.55000000000000004,0.55000000000000004,1
F1 m=3 r=20%,surface_wape,45,20,300,0,0–5%,557,1781,0.31274564851207187,0,0.047981545559400242,0.49642445213379471,0.26182237600922725,1
F1 m=3 r=20%,surface_wape,45,20,300,1,5–10%,232,1781,0.13026389668725435,0.31274564851207187,0.5870049980776626,0.82299115724721261,0.40868896578239144,1
F1 m=3 r=20%,surface_wape,45,20,300,2,10–15%,116,1781,0.065131948343627177,0.44300954519932623,0.99707804690503654,0.99876970396001541,0.74502114571318723,1
F1 m=3 r=20%,surface_wape,45,20,300,3,15–20%,61,1781,0.034250421111734979,0.50814149354295335,0.9831603229527105,0.61737793156478282,0.35040369088811996,1
F1 m=3 r=20%,surface_wape,45,20,300,4,≥20%,256,1781,0.1437394722066255,0.54239191465468828,0.73933102652825844,0.088581314878892731,0.15086505190311419,1
F1 m=3 r=20%,surface_wape,45,20,300,5,not lit,559,1781,0.31386861313868614,0.68613138686131381,0.55000000000000004,0.55000000000000004,0.55000000000000004,1
F1 m=3 r=20%,surface_wape,45,21,315,0,0–5%,52,190,0.27368421052631581,0,0.047981545559400242,0.49642445213379471,0.26182237600922725,1
F1 m=3 r=20%,surface_wape,45,21,315,1,5–10%,26,190,0.1368421052631579,0.27368421052631581,0.5870049980776626,0.82299115724721261,0.40868896578239144,1
F1 m=3 r=20%,surface_wape,45,21,315,2,10–15%,19,190,0.10000000000000001,0.41052631578947374,0.99707804690503654,0.99876970396001541,0.74502114571318723,1
F1 m=3 r=20%,surface_wape,45,21,315,3,15–20%,12,190,0.063157894736842107,0.51052631578947372,0.9831603229527105,0.61737793156478282,0.35040369088811996,1
F1 m=3 r=20%,surface_wape,45,21,315,4,≥20%,50,190,0.26315789473684209,0.5736842105263158,0.73933102652825844,0.088581314878892731,0.15086505190311419,1
F1 m=3 r=20%,surface_wape,45,21,315,5,not lit,31,190,0.16315789473684211,0.83684210526315783,0.55000000000000004,0.55000000000000004,0.55000000000000004,1
F1 m=3 r=20%,surface_wape,45,22,330,0,0–5%,77,442,0.17420814479638008,0,0.047981545559400242,0.49642445213379471,0.26182237600922725,1
F1 m=3 r=20%,surface_wape,45,22,330,1,5–10%,45,442,0.10180995475113122,0.17420814479638008,0.5870049980776626,0.82299115724721261,0.40868896578239144,1
F1 m=3 r=20%,surface_wape,45,22,330,2,10–15%,37,442,0.083710407239818999,0.27601809954751133,0.99707804690503654,0.99876970396001541,0.74502114571318723,1
F1 m=3 r=20%,surface_wape,45,22,330,3,15–20%,24,442,0.054298642533936653,0.35972850678733032,0.9831603229527105,0.61737793156478282,0.35040369088811996,1
F1 m=3 r=20%,surface_wape,45,22,330,4,≥20%,141,442,0.3190045248868778,0.41402714932126694,0.73933102652825844,0.088581314878892731,0.15086505190311419,1
F1 m=3 r=20%,surface_wape,45,22,330,5,not lit,118,442,0.2669683257918552,0.73303167420814475,0.55000000000000004,0.55000000000000004,0.55000000000000004,1
F1 m=3 r=20%,surface_wape,45,23,345,0,0–5%,178,924,0.19264069264069264,0,0.047981545559400242,0.49642445213379471,0.26182237600922725,1
F1 m=3 r=20%,surface_wape,45,23,345,1,5–10%,79,924,0.085497835497835503,0.19264069264069264,0.5870049980776626,0.82299115724721261,0.40868896578239144,1
F1 m=3 r=20%,surface_wape,45,23,345,2,10–15%,60,924,0.064935064935064929,0.27813852813852813,0.99707804690503654,0.99876970396001541,0.74502114571318723,1
F1 m=3 r=20%,surface_wape,45,23,345,3,15–20%,48,924,0.051948051948051951,0.34307359307359309,0.9831603229527105,0.61737793156478282,0.35040369088811996,1
F1 m=3 r=20%,surface_wape,45,23,345,4,≥20%,283,924,0.30627705627705626,0.39502164502164505,0.73933102652825844,0.088581314878892731,0.15086505190311419,1
F1 m=3 r=20%,surface_wape,45,23,345,5,not lit,276,924,0.29870129870129869,0.70129870129870131,0.55000000000000004,0.55000000000000004,0.55000000000000004,1
F1 m=3 r=20%,surface_wape,60,0,0,0,0–5%,40,290,0.13793103448275862,0,0.047981545559400242,0.49642445213379471,0.26182237600922725,1
F1 m=3 r=20%,surface_wape,60,0,0,1,5–10%,27,290,0.093103448275862075,0.13793103448275862,0.5870049980776626,0.82299115724721261,0.40868896578239144,1
F1 m=3 r=20%,surface_wape,60,0,0,2,10–15%,29,290,0.10000000000000001,0.23103448275862071,0.99707804690503654,0.99876970396001541,0.74502114571318723,1
F1 m=3 r=20%,surface_wape,60,0,0,3,15–20%,16,290,0.055172413793103448,0.33103448275862069,0.9831603229527105,0.61737793156478282,0.35040369088811996,1
F1 m=3 r=20%,surface_wape,60,0,0,4,≥20%,93,290,0.32068965517241377,0.38620689655172413,0.73933102652825844,0.088581314878892731,0.15086505190311419,1
F1 m=3 r=20%,surface_wape,60,0,0,5,not lit,85,290,0.29310344827586204,0.7068965517241379,0.55000000000000004,0.55000000000000004,0.55000000000000004,1
F1 m=3 r=20%,surface_wape,60,1,15,0,0–5%,114,637,0.17896389324960754,0,0.047981545559400242,0.49642445213379471,0.26182237600922725,1
F1 m=3 r=20%,surface_wape,60,1,15,1,5–10%,80,637,0.12558869701726844,0.17896389324960754,0.5870049980776626,0.82299115724721261,0.40868896578239144,1
F1 m=3 r=20%,surface_wape,60,1,15,2,10–15%,48,637,0.075353218210361061,0.30455259026687598,0.99707804690503654,0.99876970396001541,0.74502114571318723,1
F1 m=3 r=20%,surface_wape,60,1,15,3,15–20%,41,637,0.064364207221350084,0.37990580847723704,0.9831603229527105,0.61737793156478282,0.35040369088811996,1
F1 m=3 r=20%,surface_wape,60,1,15,4,≥20%,213,637,0.33437990580847726,0.44427001569858715,0.73933102652825844,0.088581314878892731,0.15086505190311419,1
F1 m=3 r=20%,surface_wape,60,1,15,5,not lit,141,637,0.22135007849293564,0.77864992150706436,0.55000000000000004,0.55000000000000004,0.55000000000000004,1
F1 m=3 r=20%,surface_wape,60,2,30,0,0–5%,362,1703,0.21256605989430416,0,0.047981545559400242,0.49642445213379471,0.26182237600922725,1
F1 m=3 r=20%,surface_wape,60,2,30,1,5–10%,294,1703,0.17263652378156194,0.21256605989430416,0.5870049980776626,0.82299115724721261,0.40868896578239144,1
F1 m=3 r=20%,surface_wape,60,2,30,2,10–15%,158,1703,0.092777451556077514,0.38520258367586613,0.99707804690503654,0.99876970396001541,0.74502114571318723,1
F1 m=3 r=20%,surface_wape,60,2,30,3,15–20%,101,1703,0.059307105108631825,0.47798003523194366,0.9831603229527105,0.61737793156478282,0.35040369088811996,1
F1 m=3 r=20%,surface_wape,60,2,30,4,≥20%,360,1703,0.21139166177334115,0.53728714034057545,0.73933102652825844,0.088581314878892731,0.15086505190311419,1
F1 m=3 r=20%,surface_wape,60,2,30,5,not lit,428,1703,0.25132119788608337,0.74867880211391657,0.55000000000000004,0.55000000000000004,0.55000000000000004,1
F1 m=3 r=20%,surface_wape,60,3,45,0,0–5%,46,187,0.24598930481283424,0,0.047981545559400242,0.49642445213379471,0.26182237600922725,1
F1 m=3 r=20%,surface_wape,60,3,45,1,5–10%,30,187,0.16042780748663102,0.24598930481283424,0.5870049980776626,0.82299115724721261,0.40868896578239144,1
F1 m=3 r=20%,surface_wape,60,3,45,2,10–15%,16,187,0.085561497326203204,0.40641711229946526,0.99707804690503654,0.99876970396001541,0.74502114571318723,1
F1 m=3 r=20%,surface_wape,60,3,45,3,15–20%,14,187,0.074866310160427801,0.49197860962566847,0.9831603229527105,0.61737793156478282,0.35040369088811996,1
F1 m=3 r=20%,surface_wape,60,3,45,4,≥20%,44,187,0.23529411764705882,0.5668449197860963,0.73933102652825844,0.088581314878892731,0.15086505190311419,1
F1 m=3 r=20%,surface_wape,60,3,45,5,not lit,37,187,0.19786096256684493,0.80213903743315518,0.55000000000000004,0.55000000000000004,0.55000000000000004,1
F1 m=3 r=20%,surface_wape,60,4,60,0,0–5%,149,412,0.36165048543689321,0,0.047981545559400242,0.49642445213379471,0.26182237600922725,1
F1 m=3 r=20%,surface_wape,60,4,60,1,5–10%,47,412,0.11407766990291263,0.36165048543689321,0.5870049980776626,0.82299115724721261,0.40868896578239144,1
F1 m=3 r=20%,surface_wape,60,4,60,2,10–15%,30,412,0.07281553398058252,0.47572815533980584,0.99707804690503654,0.99876970396001541,0.74502114571318723,1
F1 m=3 r=20%,surface_wape,60,4,60,3,15–20%,18,412,0.043689320388349516,0.54854368932038833,0.9831603229527105,0.61737793156478282,0.35040369088811996,1
F1 m=3 r=20%,surface_wape,60,4,60,4,≥20%,102,412,0.24757281553398058,0.59223300970873782,0.73933102652825844,0.088581314878892731,0.15086505190311419,1
F1 m=3 r=20%,surface_wape,60,4,60,5,not lit,66,412,0.16019417475728157,0.83980582524271841,0.55000000000000004,0.55000000000000004,0.55000000000000004,1
F1 m=3 r=20%,surface_wape,60,5,75,0,0–5%,267,826,0.32324455205811137,0,0.047981545559400242,0.49642445213379471,0.26182237600922725,1
F1 m=3 r=20%,surface_wape,60,5,75,1,5–10%,130,826,0.15738498789346247,0.32324455205811137,0.5870049980776626,0.82299115724721261,0.40868896578239144,1
F1 m=3 r=20%,surface_wape,60,5,75,2,10–15%,67,826,0.081113801452784504,0.48062953995157387,0.99707804690503654,0.99876970396001541,0.74502114571318723,1
F1 m=3 r=20%,surface_wape,60,5,75,3,15–20%,40,826,0.048426150121065374,0.56174334140435833,0.9831603229527105,0.61737793156478282,0.35040369088811996,1
F1 m=3 r=20%,surface_wape,60,5,75,4,≥20%,216,826,0.26150121065375304,0.61016949152542366,0.73933102652825844,0.088581314878892731,0.15086505190311419,1
F1 m=3 r=20%,surface_wape,60,5,75,5,not lit,106,826,0.12832929782082325,0.87167070217917675,0.55000000000000004,0.55000000000000004,0.55000000000000004,1
F1 m=3 r=20%,surface_wape,60,6,90,0,0–5%,71,286,0.24825174825174826,0,0.047981545559400242,0.49642445213379471,0.26182237600922725,1
F1 m=3 r=20%,surface_wape,60,6,90,1,5–10%,48,286,0.16783216783216784,0.24825174825174826,0.5870049980776626,0.82299115724721261,0.40868896578239144,1
F1 m=3 r=20%,surface_wape,60,6,90,2,10–15%,31,286,0.10839160839160839,0.41608391608391609,0.99707804690503654,0.99876970396001541,0.74502114571318723,1
F1 m=3 r=20%,surface_wape,60,6,90,3,15–20%,20,286,0.069930069930069935,0.52447552447552448,0.9831603229527105,0.61737793156478282,0.35040369088811996,1
F1 m=3 r=20%,surface_wape,60,6,90,4,≥20%,79,286,0.2762237762237762,0.59440559440559437,0.73933102652825844,0.088581314878892731,0.15086505190311419,1
F1 m=3 r=20%,surface_wape,60,6,90,5,not lit,37,286,0.12937062937062938,0.87062937062937062,0.55000000000000004,0.55000000000000004,0.55000000000000004,1
F1 m=3 r=20%,surface_wape,60,7,105,0,0–5%,216,611,0.353518821603928,0,0.047981545559400242,0.49642445213379471,0.26182237600922725,1
F1 m=3 r=20%,surface_wape,60,7,105,1,5–10%,84,611,0.13747954173486088,0.353518821603928,0.5870049980776626,0.82299115724721261,0.40868896578239144,1
F1 m=3 r=20%,surface_wape,60,7,105,2,10–15%,50,611,0.081833060556464818,0.49099836333878888,0.99707804690503654,0.99876970396001541,0.74502114571318723,1
F1 m=3 r=20%,surface_wape,60,7,105,3,15–20%,24,611,0.03927986906710311,0.57283142389525366,0.9831603229527105,0.61737793156478282,0.35040369088811996,1
F1 m=3 r=20%,surface_wape,60,7,105,4,≥20%,103,611,0.16857610474631751,0.61211129296235678,0.73933102652825844,0.088581314878892731,0.15086505190311419,1
F1 m=3 r=20%,surface_wape,60,7,105,5,not lit,134,611,0.21931260229132571,0.78068739770867435,0.55000000000000004,0.55000000000000004,0.55000000000000004,1
F1 m=3 r=20%,surface_wape,60,8,120,0,0–5%,626,1778,0.35208098987626546,0,0.047981545559400242,0.49642445213379471,0.26182237600922725,1
F1 m=3 r=20%,surface_wape,60,8,120,1,5–10%,227,1778,0.12767154105736783,0.35208098987626546,0.5870049980776626,0.82299115724721261,0.40868896578239144,1
F1 m=3 r=20%,surface_wape,60,8,120,2,10–15%,97,1778,0.054555680539932511,0.47975253093363329,0.99707804690503654,0.99876970396001541,0.74502114571318723,1
F1 m=3 r=20%,surface_wape,60,8,120,3,15–20%,44,1778,0.024746906636670417,0.53430821147356578,0.9831603229527105,0.61737793156478282,0.35040369088811996,1
F1 m=3 r=20%,surface_wape,60,8,120,4,≥20%,251,1778,0.14116985376827895,0.55905511811023623,0.73933102652825844,0.088581314878892731,0.15086505190311419,1
F1 m=3 r=20%,surface_wape,60,8,120,5,not lit,533,1778,0.29977502812148482,0.70022497187851518,0.55000000000000004,0.55000000000000004,0.55000000000000004,1
F1 m=3 r=20%,surface_wape,60,9,135,0,0–5%,81,188,0.43085106382978722,0,0.047981545559400242,0.49642445213379471,0.26182237600922725,1
F1 m=3 r=20%,surface_wape,60,9,135,1,5–10%,29,188,0.15425531914893617,0.43085106382978722,0.5870049980776626,0.82299115724721261,0.40868896578239144,1
F1 m=3 r=20%,surface_wape,60,9,135,2,10–15%,7,188,0.037234042553191488,0.58510638297872342,0.99707804690503654,0.99876970396001541,0.74502114571318723,1
F1 m=3 r=20%,surface_wape,60,9,135,3,15–20%,7,188,0.037234042553191488,0.62234042553191493,0.9831603229527105,0.61737793156478282,0.35040369088811996,1
F1 m=3 r=20%,surface_wape,60,9,135,4,≥20%,25,188,0.13297872340425532,0.65957446808510645,0.73933102652825844,0.088581314878892731,0.15086505190311419,1
F1 m=3 r=20%,surface_wape,60,9,135,5,not lit,39,188,0.20744680851063829,0.79255319148936176,0.55000000000000004,0.55000000000000004,0.55000000000000004,1
F1 m=3 r=20%,surface_wape,60,10,150,0,0–5%,168,456,0.36842105263157893,0,0.047981545559400242,0.49642445213379471,0.26182237600922725,1
F1 m=3 r=20%,surface_wape,60,10,150,1,5–10%,58,456,0.12719298245614036,0.36842105263157893,0.5870049980776626,0.82299115724721261,0.40868896578239144,1
F1 m=3 r=20%,surface_wape,60,10,150,2,10–15%,26,456,0.05701754385964912,0.49561403508771928,0.99707804690503654,0.99876970396001541,0.74502114571318723,1
F1 m=3 r=20%,surface_wape,60,10,150,3,15–20%,12,456,0.026315789473684209,0.55263157894736836,0.9831603229527105,0.61737793156478282,0.35040369088811996,1
F1 m=3 r=20%,surface_wape,60,10,150,4,≥20%,86,456,0.18859649122807018,0.57894736842105254,0.73933102652825844,0.088581314878892731,0.15086505190311419,1
F1 m=3 r=20%,surface_wape,60,10,150,5,not lit,106,456,0.23245614035087719,0.76754385964912275,0.55000000000000004,0.55000000000000004,0.55000000000000004,1
F1 m=3 r=20%,surface_wape,60,11,165,0,0–5%,327,907,0.36052921719955899,0,0.047981545559400242,0.49642445213379471,0.26182237600922725,1
F1 m=3 r=20%,surface_wape,60,11,165,1,5–10%,121,907,0.13340683572216097,0.36052921719955899,0.5870049980776626,0.82299115724721261,0.40868896578239144,1
F1 m=3 r=20%,surface_wape,60,11,165,2,10–15%,60,907,0.066152149944873215,0.49393605292171994,0.99707804690503654,0.99876970396001541,0.74502114571318723,1
F1 m=3 r=20%,surface_wape,60,11,165,3,15–20%,26,907,0.028665931642778392,0.56008820286659311,0.9831603229527105,0.61737793156478282,0.35040369088811996,1
F1 m=3 r=20%,surface_wape,60,11,165,4,≥20%,158,907,0.17420066152149946,0.58875413450937153,0.73933102652825844,0.088581314878892731,0.15086505190311419,1
F1 m=3 r=20%,surface_wape,60,11,165,5,not lit,215,907,0.23704520396912901,0.76295479603087102,0.55000000000000004,0.55000000000000004,0.55000000000000004,1
F1 m=3 r=20%,surface_wape,60,12,180,0,0–5%,80,276,0.28985507246376813,0,0.047981545559400242,0.49642445213379471,0.26182237600922725,1
F1 m=3 r=20%,surface_wape,60,12,180,1,5–10%,46,276,0.16666666666666666,0.28985507246376813,0.5870049980776626,0.82299115724721261,0.40868896578239144,1
F1 m=3 r=20%,surface_wape,60,12,180,2,10–15%,17,276,0.061594202898550728,0.45652173913043481,0.99707804690503654,0.99876970396001541,0.74502114571318723,1
F1 m=3 r=20%,surface_wape,60,12,180,3,15–20%,15,276,0.05434782608695652,0.51811594202898559,0.9831603229527105,0.61737793156478282,0.35040369088811996,1
F1 m=3 r=20%,surface_wape,60,12,180,4,≥20%,63,276,0.22826086956521738,0.57246376811594213,0.73933102652825844,0.088581314878892731,0.15086505190311419,1
F1 m=3 r=20%,surface_wape,60,12,180,5,not lit,55,276,0.19927536231884058,0.80072463768115953,0.55000000000000004,0.55000000000000004,0.55000000000000004,1
F1 m=3 r=20%,surface_wape,60,13,195,0,0–5%,281,610,0.46065573770491802,0,0.047981545559400242,0.49642445213379471,0.26182237600922725,1
F1 m=3 r=20%,surface_wape,60,13,195,1,5–10%,92,610,0.15081967213114755,0.46065573770491802,0.5870049980776626,0.82299115724721261,0.40868896578239144,1
F1 m=3 r=20%,surface_wape,60,13,195,2,10–15%,24,610,0.039344262295081971,0.61147540983606552,0.99707804690503654,0.99876970396001541,0.74502114571318723,1
F1 m=3 r=20%,surface_wape,60,13,195,3,15–20%,27,610,0.044262295081967211,0.65081967213114744,0.9831603229527105,0.61737793156478282,0.35040369088811996,1
F1 m=3 r=20%,surface_wape,60,13,195,4,≥20%,82,610,0.13442622950819672,0.69508196721311466,0.73933102652825844,0.088581314878892731,0.15086505190311419,1
F1 m=3 r=20%,surface_wape,60,13,195,5,not lit,104,610,0.17049180327868851,0.82950819672131137,0.55000000000000004,0.55000000000000004,0.55000000000000004,1
F1 m=3 r=20%,surface_wape,60,14,210,0,0–5%,756,1679,0.45026801667659322,0,0.047981545559400242,0.49642445213379471,0.26182237600922725,1
F1 m=3 r=20%,surface_wape,60,14,210,1,5–10%,262,1679,0.15604526503871352,0.45026801667659322,0.5870049980776626,0.82299115724721261,0.40868896578239144,1
F1 m=3 r=20%,surface_wape,60,14,210,2,10–15%,86,1679,0.051220964860035738,0.60631328171530674,0.99707804690503654,0.99876970396001541,0.74502114571318723,1
F1 m=3 r=20%,surface_wape,60,14,210,3,15–20%,67,1679,0.039904705181655745,0.65753424657534243,0.9831603229527105,0.61737793156478282,0.35040369088811996,1
F1 m=3 r=20%,surface_wape,60,14,210,4,≥20%,208,1679,0.12388326384752829,0.69743895175699822,0.73933102652825844,0.088581314878892731,0.15086505190311419,1
F1 m=3 r=20%,surface_wape,60,14,210,5,not lit,300,1679,0.17867778439547349,0.82132221560452656,0.55000000000000004,0.55000000000000004,0.55000000000000004,1
F1 m=3 r=20%,surface_wape,60,15,225,0,0–5%,88,197,0.4467005076142132,0,0.047981545559400242,0.49642445213379471,0.26182237600922725,1
F1 m=3 r=20%,surface_wape,60,15,225,1,5–10%,26,197,0.13197969543147209,0.4467005076142132,0.5870049980776626,0.82299115724721261,0.40868896578239144,1
F1 m=3 r=20%,surface_wape,60,15,225,2,10–15%,17,197,0.086294416243654817,0.57868020304568524,0.99707804690503654,0.99876970396001541,0.74502114571318723,1
F1 m=3 r=20%,surface_wape,60,15,225,3,15–20%,12,197,0.060913705583756347,0.6649746192893401,0.9831603229527105,0.61737793156478282,0.35040369088811996,1
F1 m=3 r=20%,surface_wape,60,15,225,4,≥20%,31,197,0.15736040609137056,0.7258883248730964,0.73933102652825844,0.088581314878892731,0.15086505190311419,1
F1 m=3 r=20%,surface_wape,60,15,225,5,not lit,23,197,0.116751269035533,0.88324873096446699,0.55000000000000004,0.55000000000000004,0.55000000000000004,1
F1 m=3 r=20%,surface_wape,60,16,240,0,0–5%,165,407,0.40540540540540543,0,0.047981545559400242,0.49642445213379471,0.26182237600922725,1
F1 m=3 r=20%,surface_wape,60,16,240,1,5–10%,55,407,0.13513513513513514,0.40540540540540543,0.5870049980776626,0.82299115724721261,0.40868896578239144,1
F1 m=3 r=20%,surface_wape,60,16,240,2,10–15%,24,407,0.05896805896805897,0.54054054054054057,0.99707804690503654,0.99876970396001541,0.74502114571318723,1
F1 m=3 r=20%,surface_wape,60,16,240,3,15–20%,15,407,0.036855036855036855,0.59950859950859958,0.9831603229527105,0.61737793156478282,0.35040369088811996,1
F1 m=3 r=20%,surface_wape,60,16,240,4,≥20%,97,407,0.23832923832923833,0.63636363636363646,0.73933102652825844,0.088581314878892731,0.15086505190311419,1
F1 m=3 r=20%,surface_wape,60,16,240,5,not lit,51,407,0.12530712530712532,0.87469287469287482,0.55000000000000004,0.55000000000000004,0.55000000000000004,1
F1 m=3 r=20%,surface_wape,60,17,255,0,0–5%,324,815,0.39754601226993863,0,0.047981545559400242,0.49642445213379471,0.26182237600922725,1
F1 m=3 r=20%,surface_wape,60,17,255,1,5–10%,114,815,0.13987730061349693,0.39754601226993863,0.5870049980776626,0.82299115724721261,0.40868896578239144,1
F1 m=3 r=20%,surface_wape,60,17,255,2,10–15%,75,815,0.09202453987730061,0.53742331288343559,0.99707804690503654,0.99876970396001541,0.74502114571318723,1
F1 m=3 r=20%,surface_wape,60,17,255,3,15–20%,37,815,0.045398773006134971,0.62944785276073623,0.9831603229527105,0.61737793156478282,0.35040369088811996,1
F1 m=3 r=20%,surface_wape,60,17,255,4,≥20%,173,815,0.21226993865030674,0.67484662576687116,0.73933102652825844,0.088581314878892731,0.15086505190311419,1
F1 m=3 r=20%,surface_wape,60,17,255,5,not lit,92,815,0.11288343558282209,0.8871165644171779,0.55000000000000004,0.55000000000000004,0.55000000000000004,1
F1 m=3 r=20%,surface_wape,60,18,270,0,0–5%,67,265,0.25283018867924528,0,0.047981545559400242,0.49642445213379471,0.26182237600922725,1
F1 m=3 r=20%,surface_wape,60,18,270,1,5–10%,37,265,0.13962264150943396,0.25283018867924528,0.5870049980776626,0.82299115724721261,0.40868896578239144,1
F1 m=3 r=20%,surface_wape,60,18,270,2,10–15%,18,265,0.067924528301886791,0.39245283018867927,0.99707804690503654,0.99876970396001541,0.74502114571318723,1
F1 m=3 r=20%,surface_wape,60,18,270,3,15–20%,19,265,0.071698113207547168,0.46037735849056605,0.9831603229527105,0.61737793156478282,0.35040369088811996,1
F1 m=3 r=20%,surface_wape,60,18,270,4,≥20%,86,265,0.32452830188679244,0.5320754716981132,0.73933102652825844,0.088581314878892731,0.15086505190311419,1
F1 m=3 r=20%,surface_wape,60,18,270,5,not lit,38,265,0.14339622641509434,0.85660377358490569,0.55000000000000004,0.55000000000000004,0.55000000000000004,1
F1 m=3 r=20%,surface_wape,60,19,285,0,0–5%,220,609,0.36124794745484401,0,0.047981545559400242,0.49642445213379471,0.26182237600922725,1
F1 m=3 r=20%,surface_wape,60,19,285,1,5–10%,86,609,0.14121510673234811,0.36124794745484401,0.5870049980776626,0.82299115724721261,0.40868896578239144,1
F1 m=3 r=20%,surface_wape,60,19,285,2,10–15%,49,609,0.080459770114942528,0.50246305418719217,0.99707804690503654,0.99876970396001541,0.74502114571318723,1
F1 m=3 r=20%,surface_wape,60,19,285,3,15–20%,15,609,0.024630541871921183,0.58292282430213471,0.9831603229527105,0.61737793156478282,0.35040369088811996,1
F1 m=3 r=20%,surface_wape,60,19,285,4,≥20%,127,609,0.20853858784893267,0.60755336617405586,0.73933102652825844,0.088581314878892731,0.15086505190311419,1
F1 m=3 r=20%,surface_wape,60,19,285,5,not lit,112,609,0.18390804597701149,0.81609195402298851,0.55000000000000004,0.55000000000000004,0.55000000000000004,1
F1 m=3 r=20%,surface_wape,60,20,300,0,0–5%,474,1781,0.26614261650758003,0,0.047981545559400242,0.49642445213379471,0.26182237600922725,1
F1 m=3 r=20%,surface_wape,60,20,300,1,5–10%,231,1781,0.12970241437394722,0.26614261650758003,0.5870049980776626,0.82299115724721261,0.40868896578239144,1
F1 m=3 r=20%,surface_wape,60,20,300,2,10–15%,119,1781,0.066816395283548574,0.39584503088152723,0.99707804690503654,0.99876970396001541,0.74502114571318723,1
F1 m=3 r=20%,surface_wape,60,20,300,3,15–20%,71,1781,0.039865244244806287,0.46266142616507577,0.9831603229527105,0.61737793156478282,0.35040369088811996,1
F1 m=3 r=20%,surface_wape,60,20,300,4,≥20%,297,1781,0.16676024705221784,0.50252667040988208,0.73933102652825844,0.088581314878892731,0.15086505190311419,1
F1 m=3 r=20%,surface_wape,60,20,300,5,not lit,589,1781,0.33071308253790005,0.6692869174620999,0.55000000000000004,0.55000000000000004,0.55000000000000004,1
F1 m=3 r=20%,surface_wape,60,21,315,0,0–5%,42,190,0.22105263157894736,0,0.047981545559400242,0.49642445213379471,0.26182237600922725,1
F1 m=3 r=20%,surface_wape,60,21,315,1,5–10%,22,190,0.11578947368421053,0.22105263157894736,0.5870049980776626,0.82299115724721261,0.40868896578239144,1
F1 m=3 r=20%,surface_wape,60,21,315,2,10–15%,18,190,0.094736842105263161,0.33684210526315789,0.99707804690503654,0.99876970396001541,0.74502114571318723,1
F1 m=3 r=20%,surface_wape,60,21,315,3,15–20%,10,190,0.052631578947368418,0.43157894736842106,0.9831603229527105,0.61737793156478282,0.35040369088811996,1
F1 m=3 r=20%,surface_wape,60,21,315,4,≥20%,60,190,0.31578947368421051,0.48421052631578948,0.73933102652825844,0.088581314878892731,0.15086505190311419,1
F1 m=3 r=20%,surface_wape,60,21,315,5,not lit,38,190,0.20000000000000001,0.80000000000000004,0.55000000000000004,0.55000000000000004,0.55000000000000004,1
F1 m=3 r=20%,surface_wape,60,22,330,0,0–5%,53,442,0.11990950226244344,0,0.047981545559400242,0.49642445213379471,0.26182237600922725,1
F1 m=3 r=20%,surface_wape,60,22,330,1,5–10%,39,442,0.088235294117647065,0.11990950226244344,0.5870049980776626,0.82299115724721261,0.40868896578239144,1
F1 m=3 r=20%,surface_wape,60,22,330,2,10–15%,29,442,0.06561085972850679,0.20814479638009051,0.99707804690503654,0.99876970396001541,0.74502114571318723,1
F1 m=3 r=20%,surface_wape,60,22,330,3,15–20%,22,442,0.049773755656108594,0.27375565610859731,0.9831603229527105,0.61737793156478282,0.35040369088811996,1
F1 m=3 r=20%,surface_wape,60,22,330,4,≥20%,173,442,0.39140271493212669,0.3235294117647059,0.73933102652825844,0.088581314878892731,0.15086505190311419,1
F1 m=3 r=20%,surface_wape,60,22,330,5,not lit,126,442,0.28506787330316741,0.71493212669683259,0.55000000000000004,0.55000000000000004,0.55000000000000004,1
F1 m=3 r=20%,surface_wape,60,23,345,0,0–5%,140,924,0.15151515151515152,0,0.047981545559400242,0.49642445213379471,0.26182237600922725,1
F1 m=3 r=20%,surface_wape,60,23,345,1,5–10%,78,924,0.084415584415584416,0.15151515151515152,0.5870049980776626,0.82299115724721261,0.40868896578239144,1
F1 m=3 r=20%,surface_wape,60,23,345,2,10–15%,58,924,0.062770562770562768,0.23593073593073594,0.99707804690503654,0.99876970396001541,0.74502114571318723,1
F1 m=3 r=20%,surface_wape,60,23,345,3,15–20%,49,924,0.053030303030303032,0.29870129870129869,0.9831603229527105,0.61737793156478282,0.35040369088811996,1
F1 m=3 r=20%,surface_wape,60,23,345,4,≥20%,307,924,0.33225108225108224,0.35173160173160173,0.73933102652825844,0.088581314878892731,0.15086505190311419,1
F1 m=3 r=20%,surface_wape,60,23,345,5,not lit,292,924,0.31601731601731603,0.68398268398268391,0.55000000000000004,0.55000000000000004,0.55000000000000004,1
F1 m=3 r=35%,surface_sensor_wmape,0,0,0,0,0–5%,175,290,0.60344827586206895,0,0.047981545559400242,0.49642445213379471,0.26182237600922725,1
F1 m=3 r=35%,surface_sensor_wmape,0,0,0,1,5–10%,15,290,0.051724137931034482,0.60344827586206895,0.5870049980776626,0.82299115724721261,0.40868896578239144,1
F1 m=3 r=35%,surface_sensor_wmape,0,0,0,2,10–15%,10,290,0.034482758620689655,0.65517241379310343,0.99707804690503654,0.99876970396001541,0.74502114571318723,1
F1 m=3 r=35%,surface_sensor_wmape,0,0,0,3,15–20%,14,290,0.048275862068965517,0.68965517241379304,0.9831603229527105,0.61737793156478282,0.35040369088811996,1
F1 m=3 r=35%,surface_sensor_wmape,0,0,0,4,≥20%,30,290,0.10344827586206896,0.73793103448275854,0.73933102652825844,0.088581314878892731,0.15086505190311419,1
F1 m=3 r=35%,surface_sensor_wmape,0,0,0,5,not lit,46,290,0.15862068965517243,0.84137931034482749,0.55000000000000004,0.55000000000000004,0.55000000000000004,1
F1 m=3 r=35%,surface_sensor_wmape,0,1,15,0,0–5%,425,637,0.66718995290423866,0,0.047981545559400242,0.49642445213379471,0.26182237600922725,1
F1 m=3 r=35%,surface_sensor_wmape,0,1,15,1,5–10%,37,637,0.058084772370486655,0.66718995290423866,0.5870049980776626,0.82299115724721261,0.40868896578239144,1
F1 m=3 r=35%,surface_sensor_wmape,0,1,15,2,10–15%,19,637,0.029827315541601257,0.72527472527472536,0.99707804690503654,0.99876970396001541,0.74502114571318723,1
F1 m=3 r=35%,surface_sensor_wmape,0,1,15,3,15–20%,9,637,0.014128728414442701,0.75510204081632659,0.9831603229527105,0.61737793156478282,0.35040369088811996,1
F1 m=3 r=35%,surface_sensor_wmape,0,1,15,4,≥20%,68,637,0.10675039246467818,0.76923076923076927,0.73933102652825844,0.088581314878892731,0.15086505190311419,1
F1 m=3 r=35%,surface_sensor_wmape,0,1,15,5,not lit,79,637,0.12401883830455258,0.87598116169544749,0.55000000000000004,0.55000000000000004,0.55000000000000004,1
F1 m=3 r=35%,surface_sensor_wmape,0,2,30,0,0–5%,1011,1703,0.59365825014679974,0,0.047981545559400242,0.49642445213379471,0.26182237600922725,1
F1 m=3 r=35%,surface_sensor_wmape,0,2,30,1,5–10%,197,1703,0.11567821491485614,0.59365825014679974,0.5870049980776626,0.82299115724721261,0.40868896578239144,1
F1 m=3 r=35%,surface_sensor_wmape,0,2,30,2,10–15%,72,1703,0.042278332354668234,0.70933646506165582,0.99707804690503654,0.99876970396001541,0.74502114571318723,1
F1 m=3 r=35%,surface_sensor_wmape,0,2,30,3,15–20%,35,1703,0.020551967116852612,0.75161479741632409,0.9831603229527105,0.61737793156478282,0.35040369088811996,1
F1 m=3 r=35%,surface_sensor_wmape,0,2,30,4,≥20%,97,1703,0.05695830886670581,0.77216676453317667,0.73933102652825844,0.088581314878892731,0.15086505190311419,1
F1 m=3 r=35%,surface_sensor_wmape,0,2,30,5,not lit,291,1703,0.17087492660011744,0.82912507339988251,0.55000000000000004,0.55000000000000004,0.55000000000000004,1
F1 m=3 r=35%,surface_sensor_wmape,0,3,45,0,0–5%,127,187,0.67914438502673802,0,0.047981545559400242,0.49642445213379471,0.26182237600922725,1
F1 m=3 r=35%,surface_sensor_wmape,0,3,45,1,5–10%,12,187,0.064171122994652413,0.67914438502673802,0.5870049980776626,0.82299115724721261,0.40868896578239144,1
F1 m=3 r=35%,surface_sensor_wmape,0,3,45,2,10–15%,6,187,0.032085561497326207,0.74331550802139046,0.99707804690503654,0.99876970396001541,0.74502114571318723,1
F1 m=3 r=35%,surface_sensor_wmape,0,3,45,3,15–20%,4,187,0.021390374331550801,0.77540106951871668,0.9831603229527105,0.61737793156478282,0.35040369088811996,1
F1 m=3 r=35%,surface_sensor_wmape,0,3,45,4,≥20%,16,187,0.085561497326203204,0.79679144385026746,0.73933102652825844,0.088581314878892731,0.15086505190311419,1
F1 m=3 r=35%,surface_sensor_wmape,0,3,45,5,not lit,22,187,0.11764705882352941,0.88235294117647067,0.55000000000000004,0.55000000000000004,0.55000000000000004,1
F1 m=3 r=35%,surface_sensor_wmape,0,4,60,0,0–5%,273,412,0.66262135922330101,0,0.047981545559400242,0.49642445213379471,0.26182237600922725,1
F1 m=3 r=35%,surface_sensor_wmape,0,4,60,1,5–10%,29,412,0.070388349514563103,0.66262135922330101,0.5870049980776626,0.82299115724721261,0.40868896578239144,1
F1 m=3 r=35%,surface_sensor_wmape,0,4,60,2,10–15%,11,412,0.026699029126213591,0.73300970873786409,0.99707804690503654,0.99876970396001541,0.74502114571318723,1
F1 m=3 r=35%,surface_sensor_wmape,0,4,60,3,15–20%,7,412,0.016990291262135922,0.75970873786407767,0.9831603229527105,0.61737793156478282,0.35040369088811996,1
F1 m=3 r=35%,surface_sensor_wmape,0,4,60,4,≥20%,34,412,0.082524271844660199,0.77669902912621358,0.73933102652825844,0.088581314878892731,0.15086505190311419,1
F1 m=3 r=35%,surface_sensor_wmape,0,4,60,5,not lit,58,412,0.14077669902912621,0.85922330097087374,0.55000000000000004,0.55000000000000004,0.55000000000000004,1
F1 m=3 r=35%,surface_sensor_wmape,0,5,75,0,0–5%,569,826,0.68886198547215494,0,0.047981545559400242,0.49642445213379471,0.26182237600922725,1
F1 m=3 r=35%,surface_sensor_wmape,0,5,75,1,5–10%,61,826,0.073849878934624691,0.68886198547215494,0.5870049980776626,0.82299115724721261,0.40868896578239144,1
F1 m=3 r=35%,surface_sensor_wmape,0,5,75,2,10–15%,21,826,0.025423728813559324,0.76271186440677963,0.99707804690503654,0.99876970396001541,0.74502114571318723,1
F1 m=3 r=35%,surface_sensor_wmape,0,5,75,3,15–20%,20,826,0.024213075060532687,0.78813559322033899,0.9831603229527105,0.61737793156478282,0.35040369088811996,1
F1 m=3 r=35%,surface_sensor_wmape,0,5,75,4,≥20%,72,826,0.087167070217917669,0.81234866828087171,0.73933102652825844,0.088581314878892731,0.15086505190311419,1
F1 m=3 r=35%,surface_sensor_wmape,0,5,75,5,not lit,83,826,0.10048426150121065,0.89951573849878941,0.55000000000000004,0.55000000000000004,0.55000000000000004,1
F1 m=3 r=35%,surface_sensor_wmape,0,6,90,0,0–5%,144,286,0.50349650349650354,0,0.047981545559400242,0.49642445213379471,0.26182237600922725,1
F1 m=3 r=35%,surface_sensor_wmape,0,6,90,1,5–10%,35,286,0.12237762237762238,0.50349650349650354,0.5870049980776626,0.82299115724721261,0.40868896578239144,1
F1 m=3 r=35%,surface_sensor_wmape,0,6,90,2,10–15%,20,286,0.069930069930069935,0.62587412587412594,0.99707804690503654,0.99876970396001541,0.74502114571318723,1
F1 m=3 r=35%,surface_sensor_wmape,0,6,90,3,15–20%,10,286,0.034965034965034968,0.69580419580419584,0.9831603229527105,0.61737793156478282,0.35040369088811996,1
F1 m=3 r=35%,surface_sensor_wmape,0,6,90,4,≥20%,42,286,0.14685314685314685,0.73076923076923084,0.73933102652825844,0.088581314878892731,0.15086505190311419,1
F1 m=3 r=35%,surface_sensor_wmape,0,6,90,5,not lit,35,286,0.12237762237762238,0.87762237762237771,0.55000000000000004,0.55000000000000004,0.55000000000000004,1
F1 m=3 r=35%,surface_sensor_wmape,0,7,105,0,0–5%,332,611,0.54337152209492634,0,0.047981545559400242,0.49642445213379471,0.26182237600922725,1
F1 m=3 r=35%,surface_sensor_wmape,0,7,105,1,5–10%,52,611,0.085106382978723402,0.54337152209492634,0.5870049980776626,0.82299115724721261,0.40868896578239144,1
F1 m=3 r=35%,surface_sensor_wmape,0,7,105,2,10–15%,23,611,0.037643207855973811,0.62847790507364976,0.99707804690503654,0.99876970396001541,0.74502114571318723,1
F1 m=3 r=35%,surface_sensor_wmape,0,7,105,3,15–20%,13,611,0.021276595744680851,0.66612111292962362,0.9831603229527105,0.61737793156478282,0.35040369088811996,1
F1 m=3 r=35%,surface_sensor_wmape,0,7,105,4,≥20%,66,611,0.10801963993453355,0.6873977086743045,0.73933102652825844,0.088581314878892731,0.15086505190311419,1
F1 m=3 r=35%,surface_sensor_wmape,0,7,105,5,not lit,125,611,0.20458265139116202,0.79541734860883806,0.55000000000000004,0.55000000000000004,0.55000000000000004,1
F1 m=3 r=35%,surface_sensor_wmape,0,8,120,0,0–5%,853,1778,0.47975253093363329,0,0.047981545559400242,0.49642445213379471,0.26182237600922725,1
F1 m=3 r=35%,surface_sensor_wmape,0,8,120,1,5–10%,182,1778,0.10236220472440945,0.47975253093363329,0.5870049980776626,0.82299115724721261,0.40868896578239144,1
F1 m=3 r=35%,surface_sensor_wmape,0,8,120,2,10–15%,70,1778,0.03937007874015748,0.58211473565804273,0.99707804690503654,0.99876970396001541,0.74502114571318723,1
F1 m=3 r=35%,surface_sensor_wmape,0,8,120,3,15–20%,44,1778,0.024746906636670417,0.62148481439820025,0.9831603229527105,0.61737793156478282,0.35040369088811996,1
F1 m=3 r=35%,surface_sensor_wmape,0,8,120,4,≥20%,128,1778,0.0719910011248594,0.6462317210348707,0.73933102652825844,0.088581314878892731,0.15086505190311419,1
F1 m=3 r=35%,surface_sensor_wmape,0,8,120,5,not lit,501,1778,0.28177727784026996,0.71822272215973015,0.55000000000000004,0.55000000000000004,0.55000000000000004,1
F1 m=3 r=35%,surface_sensor_wmape,0,9,135,0,0–5%,108,188,0.57446808510638303,0,0.047981545559400242,0.49642445213379471,0.26182237600922725,1
F1 m=3 r=35%,surface_sensor_wmape,0,9,135,1,5–10%,19,188,0.10106382978723404,0.57446808510638303,0.5870049980776626,0.82299115724721261,0.40868896578239144,1
F1 m=3 r=35%,surface_sensor_wmape,0,9,135,2,10–15%,7,188,0.037234042553191488,0.67553191489361708,0.99707804690503654,0.99876970396001541,0.74502114571318723,1
F1 m=3 r=35%,surface_sensor_wmape,0,9,135,3,15–20%,6,188,0.031914893617021274,0.7127659574468086,0.9831603229527105,0.61737793156478282,0.35040369088811996,1
F1 m=3 r=35%,surface_sensor_wmape,0,9,135,4,≥20%,11,188,0.058510638297872342,0.74468085106382986,0.73933102652825844,0.088581314878892731,0.15086505190311419,1
F1 m=3 r=35%,surface_sensor_wmape,0,9,135,5,not lit,37,188,0.19680851063829788,0.80319148936170226,0.55000000000000004,0.55000000000000004,0.55000000000000004,1
F1 m=3 r=35%,surface_sensor_wmape,0,10,150,0,0–5%,272,456,0.59649122807017541,0,0.047981545559400242,0.49642445213379471,0.26182237600922725,1
F1 m=3 r=35%,surface_sensor_wmape,0,10,150,1,5–10%,30,456,0.065789473684210523,0.59649122807017541,0.5870049980776626,0.82299115724721261,0.40868896578239144,1
F1 m=3 r=35%,surface_sensor_wmape,0,10,150,2,10–15%,19,456,0.041666666666666664,0.66228070175438591,0.99707804690503654,0.99876970396001541,0.74502114571318723,1
F1 m=3 r=35%,surface_sensor_wmape,0,10,150,3,15–20%,6,456,0.013157894736842105,0.70394736842105254,0.9831603229527105,0.61737793156478282,0.35040369088811996,1
F1 m=3 r=35%,surface_sensor_wmape,0,10,150,4,≥20%,37,456,0.081140350877192985,0.71710526315789469,0.73933102652825844,0.088581314878892731,0.15086505190311419,1
F1 m=3 r=35%,surface_sensor_wmape,0,10,150,5,not lit,92,456,0.20175438596491227,0.79824561403508765,0.55000000000000004,0.55000000000000004,0.55000000000000004,1
F1 m=3 r=35%,surface_sensor_wmape,0,11,165,0,0–5%,531,907,0.58544652701212785,0,0.047981545559400242,0.49642445213379471,0.26182237600922725,1
F1 m=3 r=35%,surface_sensor_wmape,0,11,165,1,5–10%,54,907,0.059536934950385888,0.58544652701212785,0.5870049980776626,0.82299115724721261,0.40868896578239144,1
F1 m=3 r=35%,surface_sensor_wmape,0,11,165,2,10–15%,30,907,0.033076074972436607,0.64498346196251377,0.99707804690503654,0.99876970396001541,0.74502114571318723,1
F1 m=3 r=35%,surface_sensor_wmape,0,11,165,3,15–20%,15,907,0.016538037486218304,0.67805953693495036,0.9831603229527105,0.61737793156478282,0.35040369088811996,1
F1 m=3 r=35%,surface_sensor_wmape,0,11,165,4,≥20%,76,907,0.083792723263506064,0.69459757442116865,0.73933102652825844,0.088581314878892731,0.15086505190311419,1
F1 m=3 r=35%,surface_sensor_wmape,0,11,165,5,not lit,201,907,0.22160970231532526,0.77839029768467471,0.55000000000000004,0.55000000000000004,0.55000000000000004,1
F1 m=3 r=35%,surface_sensor_wmape,0,12,180,0,0–5%,111,276,0.40217391304347827,0,0.047981545559400242,0.49642445213379471,0.26182237600922725,1
F1 m=3 r=35%,surface_sensor_wmape,0,12,180,1,5–10%,24,276,0.086956521739130432,0.40217391304347827,0.5870049980776626,0.82299115724721261,0.40868896578239144,1
F1 m=3 r=35%,surface_sensor_wmape,0,12,180,2,10–15%,21,276,0.076086956521739135,0.4891304347826087,0.99707804690503654,0.99876970396001541,0.74502114571318723,1
F1 m=3 r=35%,surface_sensor_wmape,0,12,180,3,15–20%,8,276,0.028985507246376812,0.56521739130434789,0.9831603229527105,0.61737793156478282,0.35040369088811996,1
F1 m=3 r=35%,surface_sensor_wmape,0,12,180,4,≥20%,60,276,0.21739130434782608,0.59420289855072472,0.73933102652825844,0.088581314878892731,0.15086505190311419,1
F1 m=3 r=35%,surface_sensor_wmape,0,12,180,5,not lit,52,276,0.18840579710144928,0.81159420289855078,0.55000000000000004,0.55000000000000004,0.55000000000000004,1
F1 m=3 r=35%,surface_sensor_wmape,0,13,195,0,0–5%,380,610,0.62295081967213117,0,0.047981545559400242,0.49642445213379471,0.26182237600922725,1
F1 m=3 r=35%,surface_sensor_wmape,0,13,195,1,5–10%,45,610,0.073770491803278687,0.62295081967213117,0.5870049980776626,0.82299115724721261,0.40868896578239144,1
F1 m=3 r=35%,surface_sensor_wmape,0,13,195,2,10–15%,17,610,0.027868852459016394,0.69672131147540983,0.99707804690503654,0.99876970396001541,0.74502114571318723,1
F1 m=3 r=35%,surface_sensor_wmape,0,13,195,3,15–20%,12,610,0.019672131147540985,0.72459016393442621,0.9831603229527105,0.61737793156478282,0.35040369088811996,1
F1 m=3 r=35%,surface_sensor_wmape,0,13,195,4,≥20%,52,610,0.085245901639344257,0.74426229508196717,0.73933102652825844,0.088581314878892731,0.15086505190311419,1
F1 m=3 r=35%,surface_sensor_wmape,0,13,195,5,not lit,104,610,0.17049180327868851,0.82950819672131137,0.55000000000000004,0.55000000000000004,0.55000000000000004,1
F1 m=3 r=35%,surface_sensor_wmape,0,14,210,0,0–5%,978,1679,0.58248957712924365,0,0.047981545559400242,0.49642445213379471,0.26182237600922725,1
F1 m=3 r=35%,surface_sensor_wmape,0,14,210,1,5–10%,193,1679,0.11494937462775462,0.58248957712924365,0.5870049980776626,0.82299115724721261,0.40868896578239144,1
F1 m=3 r=35%,surface_sensor_wmape,0,14,210,2,10–15%,72,1679,0.042882668254913638,0.69743895175699833,0.99707804690503654,0.99876970396001541,0.74502114571318723,1
F1 m=3 r=35%,surface_sensor_wmape,0,14,210,3,15–20%,38,1679,0.022632519356759976,0.74032162001191193,0.9831603229527105,0.61737793156478282,0.35040369088811996,1
F1 m=3 r=35%,surface_sensor_wmape,0,14,210,4,≥20%,112,1679,0.066706372840976774,0.76295413936867196,0.73933102652825844,0.088581314878892731,0.15086505190311419,1
F1 m=3 r=35%,surface_sensor_wmape,0,14,210,5,not lit,286,1679,0.17033948779035141,0.82966051220964876,0.55000000000000004,0.55000000000000004,0.55000000000000004,1
F1 m=3 r=35%,surface_sensor_wmape,0,15,225,0,0–5%,113,197,0.57360406091370564,0,0.047981545559400242,0.49642445213379471,0.26182237600922725,1
F1 m=3 r=35%,surface_sensor_wmape,0,15,225,1,5–10%,28,197,0.14213197969543148,0.57360406091370564,0.5870049980776626,0.82299115724721261,0.40868896578239144,1
F1 m=3 r=35%,surface_sensor_wmape,0,15,225,2,10–15%,17,197,0.086294416243654817,0.71573604060913709,0.99707804690503654,0.99876970396001541,0.74502114571318723,1
F1 m=3 r=35%,surface_sensor_wmape,0,15,225,3,15–20%,3,197,0.015228426395939087,0.80203045685279195,0.9831603229527105,0.61737793156478282,0.35040369088811996,1
F1 m=3 r=35%,surface_sensor_wmape,0,15,225,4,≥20%,18,197,0.091370558375634514,0.81725888324873108,0.73933102652825844,0.088581314878892731,0.15086505190311419,1
F1 m=3 r=35%,surface_sensor_wmape,0,15,225,5,not lit,18,197,0.091370558375634514,0.90862944162436565,0.55000000000000004,0.55000000000000004,0.55000000000000004,1
F1 m=3 r=35%,surface_sensor_wmape,0,16,240,0,0–5%,259,407,0.63636363636363635,0,0.047981545559400242,0.49642445213379471,0.26182237600922725,1
F1 m=3 r=35%,surface_sensor_wmape,0,16,240,1,5–10%,35,407,0.085995085995085999,0.63636363636363635,0.5870049980776626,0.82299115724721261,0.40868896578239144,1
F1 m=3 r=35%,surface_sensor_wmape,0,16,240,2,10–15%,20,407,0.049140049140049137,0.72235872235872234,0.99707804690503654,0.99876970396001541,0.74502114571318723,1
F1 m=3 r=35%,surface_sensor_wmape,0,16,240,3,15–20%,13,407,0.031941031941031942,0.77149877149877144,0.9831603229527105,0.61737793156478282,0.35040369088811996,1
F1 m=3 r=35%,surface_sensor_wmape,0,16,240,4,≥20%,37,407,0.090909090909090912,0.80343980343980337,0.73933102652825844,0.088581314878892731,0.15086505190311419,1
F1 m=3 r=35%,surface_sensor_wmape,0,16,240,5,not lit,43,407,0.10565110565110565,0.89434889434889431,0.55000000000000004,0.55000000000000004,0.55000000000000004,1
F1 m=3 r=35%,surface_sensor_wmape,0,17,255,0,0–5%,563,815,0.69079754601226995,0,0.047981545559400242,0.49642445213379471,0.26182237600922725,1
F1 m=3 r=35%,surface_sensor_wmape,0,17,255,1,5–10%,60,815,0.073619631901840496,0.69079754601226995,0.5870049980776626,0.82299115724721261,0.40868896578239144,1
F1 m=3 r=35%,surface_sensor_wmape,0,17,255,2,10–15%,24,815,0.029447852760736196,0.76441717791411046,0.99707804690503654,0.99876970396001541,0.74502114571318723,1
F1 m=3 r=35%,surface_sensor_wmape,0,17,255,3,15–20%,18,815,0.022085889570552148,0.79386503067484671,0.9831603229527105,0.61737793156478282,0.35040369088811996,1
F1 m=3 r=35%,surface_sensor_wmape,0,17,255,4,≥20%,63,815,0.077300613496932513,0.81595092024539884,0.73933102652825844,0.088581314878892731,0.15086505190311419,1
F1 m=3 r=35%,surface_sensor_wmape,0,17,255,5,not lit,87,815,0.10674846625766871,0.89325153374233135,0.55000000000000004,0.55000000000000004,0.55000000000000004,1
F1 m=3 r=35%,surface_sensor_wmape,0,18,270,0,0–5%,129,265,0.48679245283018868,0,0.047981545559400242,0.49642445213379471,0.26182237600922725,1
F1 m=3 r=35%,surface_sensor_wmape,0,18,270,1,5–10%,39,265,0.14716981132075471,0.48679245283018868,0.5870049980776626,0.82299115724721261,0.40868896578239144,1
F1 m=3 r=35%,surface_sensor_wmape,0,18,270,2,10–15%,9,265,0.033962264150943396,0.63396226415094337,0.99707804690503654,0.99876970396001541,0.74502114571318723,1
F1 m=3 r=35%,surface_sensor_wmape,0,18,270,3,15–20%,13,265,0.049056603773584909,0.66792452830188676,0.9831603229527105,0.61737793156478282,0.35040369088811996,1
F1 m=3 r=35%,surface_sensor_wmape,0,18,270,4,≥20%,42,265,0.15849056603773584,0.71698113207547165,0.73933102652825844,0.088581314878892731,0.15086505190311419,1
F1 m=3 r=35%,surface_sensor_wmape,0,18,270,5,not lit,33,265,0.12452830188679245,0.87547169811320746,0.55000000000000004,0.55000000000000004,0.55000000000000004,1
F1 m=3 r=35%,surface_sensor_wmape,0,19,285,0,0–5%,367,609,0.60262725779967163,0,0.047981545559400242,0.49642445213379471,0.26182237600922725,1
F1 m=3 r=35%,surface_sensor_wmape,0,19,285,1,5–10%,49,609,0.080459770114942528,0.60262725779967163,0.5870049980776626,0.82299115724721261,0.40868896578239144,1
F1 m=3 r=35%,surface_sensor_wmape,0,19,285,2,10–15%,22,609,0.036124794745484398,0.68308702791461418,0.99707804690503654,0.99876970396001541,0.74502114571318723,1
F1 m=3 r=35%,surface_sensor_wmape,0,19,285,3,15–20%,18,609,0.029556650246305417,0.71921182266009853,0.9831603229527105,0.61737793156478282,0.35040369088811996,1
F1 m=3 r=35%,surface_sensor_wmape,0,19,285,4,≥20%,55,609,0.090311986863711002,0.74876847290640391,0.73933102652825844,0.088581314878892731,0.15086505190311419,1
F1 m=3 r=35%,surface_sensor_wmape,0,19,285,5,not lit,98,609,0.16091954022988506,0.83908045977011492,0.55000000000000004,0.55000000000000004,0.55000000000000004,1
F1 m=3 r=35%,surface_sensor_wmape,0,20,300,0,0–5%,868,1781,0.48736664795058954,0,0.047981545559400242,0.49642445213379471,0.26182237600922725,1
F1 m=3 r=35%,surface_sensor_wmape,0,20,300,1,5–10%,194,1781,0.10892756878158338,0.48736664795058954,0.5870049980776626,0.82299115724721261,0.40868896578239144,1
F1 m=3 r=35%,surface_sensor_wmape,0,20,300,2,10–15%,68,1781,0.038180797304884898,0.59629421673217298,0.99707804690503654,0.99876970396001541,0.74502114571318723,1
F1 m=3 r=35%,surface_sensor_wmape,0,20,300,3,15–20%,40,1781,0.022459292532285232,0.63447501403705786,0.9831603229527105,0.61737793156478282,0.35040369088811996,1
F1 m=3 r=35%,surface_sensor_wmape,0,20,300,4,≥20%,126,1781,0.070746771476698486,0.65693430656934304,0.73933102652825844,0.088581314878892731,0.15086505190311419,1
F1 m=3 r=35%,surface_sensor_wmape,0,20,300,5,not lit,485,1781,0.27231892195395846,0.72768107804604154,0.55000000000000004,0.55000000000000004,0.55000000000000004,1
F1 m=3 r=35%,surface_sensor_wmape,0,21,315,0,0–5%,113,190,0.59473684210526312,0,0.047981545559400242,0.49642445213379471,0.26182237600922725,1
F1 m=3 r=35%,surface_sensor_wmape,0,21,315,1,5–10%,25,190,0.13157894736842105,0.59473684210526312,0.5870049980776626,0.82299115724721261,0.40868896578239144,1
F1 m=3 r=35%,surface_sensor_wmape,0,21,315,2,10–15%,8,190,0.042105263157894736,0.72631578947368414,0.99707804690503654,0.99876970396001541,0.74502114571318723,1
F1 m=3 r=35%,surface_sensor_wmape,0,21,315,3,15–20%,6,190,0.031578947368421054,0.76842105263157889,0.9831603229527105,0.61737793156478282,0.35040369088811996,1
F1 m=3 r=35%,surface_sensor_wmape,0,21,315,4,≥20%,13,190,0.068421052631578952,0.79999999999999993,0.73933102652825844,0.088581314878892731,0.15086505190311419,1
F1 m=3 r=35%,surface_sensor_wmape,0,21,315,5,not lit,25,190,0.13157894736842105,0.86842105263157887,0.55000000000000004,0.55000000000000004,0.55000000000000004,1
F1 m=3 r=35%,surface_sensor_wmape,0,22,330,0,0–5%,239,442,0.54072398190045246,0,0.047981545559400242,0.49642445213379471,0.26182237600922725,1
F1 m=3 r=35%,surface_sensor_wmape,0,22,330,1,5–10%,40,442,0.090497737556561084,0.54072398190045246,0.5870049980776626,0.82299115724721261,0.40868896578239144,1
F1 m=3 r=35%,surface_sensor_wmape,0,22,330,2,10–15%,20,442,0.045248868778280542,0.63122171945701355,0.99707804690503654,0.99876970396001541,0.74502114571318723,1
F1 m=3 r=35%,surface_sensor_wmape,0,22,330,3,15–20%,4,442,0.0090497737556561094,0.67647058823529405,0.9831603229527105,0.61737793156478282,0.35040369088811996,1
F1 m=3 r=35%,surface_sensor_wmape,0,22,330,4,≥20%,47,442,0.10633484162895927,0.68552036199095012,0.73933102652825844,0.088581314878892731,0.15086505190311419,1
F1 m=3 r=35%,surface_sensor_wmape,0,22,330,5,not lit,92,442,0.20814479638009051,0.79185520361990935,0.55000000000000004,0.55000000000000004,0.55000000000000004,1
F1 m=3 r=35%,surface_sensor_wmape,0,23,345,0,0–5%,550,924,0.59523809523809523,0,0.047981545559400242,0.49642445213379471,0.26182237600922725,1
F1 m=3 r=35%,surface_sensor_wmape,0,23,345,1,5–10%,64,924,0.069264069264069264,0.59523809523809523,0.5870049980776626,0.82299115724721261,0.40868896578239144,1
F1 m=3 r=35%,surface_sensor_wmape,0,23,345,2,10–15%,23,924,0.024891774891774892,0.66450216450216448,0.99707804690503654,0.99876970396001541,0.74502114571318723,1
F1 m=3 r=35%,surface_sensor_wmape,0,23,345,3,15–20%,13,924,0.01406926406926407,0.68939393939393934,0.9831603229527105,0.61737793156478282,0.35040369088811996,1
F1 m=3 r=35%,surface_sensor_wmape,0,23,345,4,≥20%,72,924,0.07792207792207792,0.70346320346320346,0.73933102652825844,0.088581314878892731,0.15086505190311419,1
F1 m=3 r=35%,surface_sensor_wmape,0,23,345,5,not lit,202,924,0.21861471861471862,0.7813852813852814,0.55000000000000004,0.55000000000000004,0.55000000000000004,1
F1 m=3 r=35%,surface_sensor_wmape,15,0,0,0,0–5%,152,290,0.52413793103448281,0,0.047981545559400242,0.49642445213379471,0.26182237600922725,1
F1 m=3 r=35%,surface_sensor_wmape,15,0,0,1,5–10%,33,290,0.11379310344827587,0.52413793103448281,0.5870049980776626,0.82299115724721261,0.40868896578239144,1
F1 m=3 r=35%,surface_sensor_wmape,15,0,0,2,10–15%,13,290,0.044827586206896551,0.63793103448275867,0.99707804690503654,0.99876970396001541,0.74502114571318723,1
F1 m=3 r=35%,surface_sensor_wmape,15,0,0,3,15–20%,13,290,0.044827586206896551,0.6827586206896552,0.9831603229527105,0.61737793156478282,0.35040369088811996,1
F1 m=3 r=35%,surface_sensor_wmape,15,0,0,4,≥20%,32,290,0.1103448275862069,0.72758620689655173,0.73933102652825844,0.088581314878892731,0.15086505190311419,1
F1 m=3 r=35%,surface_sensor_wmape,15,0,0,5,not lit,47,290,0.16206896551724137,0.83793103448275863,0.55000000000000004,0.55000000000000004,0.55000000000000004,1
F1 m=3 r=35%,surface_sensor_wmape,15,1,15,0,0–5%,395,637,0.62009419152276291,0,0.047981545559400242,0.49642445213379471,0.26182237600922725,1
F1 m=3 r=35%,surface_sensor_wmape,15,1,15,1,5–10%,60,637,0.094191522762951341,0.62009419152276291,0.5870049980776626,0.82299115724721261,0.40868896578239144,1
F1 m=3 r=35%,surface_sensor_wmape,15,1,15,2,10–15%,19,637,0.029827315541601257,0.71428571428571419,0.99707804690503654,0.99876970396001541,0.74502114571318723,1
F1 m=3 r=35%,surface_sensor_wmape,15,1,15,3,15–20%,17,637,0.026687598116169546,0.74411302982731542,0.9831603229527105,0.61737793156478282,0.35040369088811996,1
F1 m=3 r=35%,surface_sensor_wmape,15,1,15,4,≥20%,62,637,0.097331240188383045,0.77080062794348492,0.73933102652825844,0.088581314878892731,0.15086505190311419,1
F1 m=3 r=35%,surface_sensor_wmape,15,1,15,5,not lit,84,637,0.13186813186813187,0.86813186813186793,0.55000000000000004,0.55000000000000004,0.55000000000000004,1
F1 m=3 r=35%,surface_sensor_wmape,15,2,30,0,0–5%,863,1703,0.50675278919553723,0,0.047981545559400242,0.49642445213379471,0.26182237600922725,1
F1 m=3 r=35%,surface_sensor_wmape,15,2,30,1,5–10%,256,1703,0.15032295948326482,0.50675278919553723,0.5870049980776626,0.82299115724721261,0.40868896578239144,1
F1 m=3 r=35%,surface_sensor_wmape,15,2,30,2,10–15%,116,1703,0.068115091015854376,0.65707574867880203,0.99707804690503654,0.99876970396001541,0.74502114571318723,1
F1 m=3 r=35%,surface_sensor_wmape,15,2,30,3,15–20%,59,1703,0.034644744568408693,0.72519083969465636,0.9831603229527105,0.61737793156478282,0.35040369088811996,1
F1 m=3 r=35%,surface_sensor_wmape,15,2,30,4,≥20%,118,1703,0.069289489136817387,0.75983558426306508,0.73933102652825844,0.088581314878892731,0.15086505190311419,1
F1 m=3 r=35%,surface_sensor_wmape,15,2,30,5,not lit,291,1703,0.17087492660011744,0.82912507339988251,0.55000000000000004,0.55000000000000004,0.55000000000000004,1
F1 m=3 r=35%,surface_sensor_wmape,15,3,45,0,0–5%,106,187,0.5668449197860963,0,0.047981545559400242,0.49642445213379471,0.26182237600922725,1
F1 m=3 r=35%,surface_sensor_wmape,15,3,45,1,5–10%,24,187,0.12834224598930483,0.5668449197860963,0.5870049980776626,0.82299115724721261,0.40868896578239144,1
F1 m=3 r=35%,surface_sensor_wmape,15,3,45,2,10–15%,10,187,0.053475935828877004,0.69518716577540118,0.99707804690503654,0.99876970396001541,0.74502114571318723,1
F1 m=3 r=35%,surface_sensor_wmape,15,3,45,3,15–20%,5,187,0.026737967914438502,0.74866310160427818,0.9831603229527105,0.61737793156478282,0.35040369088811996,1
F1 m=3 r=35%,surface_sensor_wmape,15,3,45,4,≥20%,20,187,0.10695187165775401,0.77540106951871668,0.73933102652825844,0.088581314878892731,0.15086505190311419,1
F1 m=3 r=35%,surface_sensor_wmape,15,3,45,5,not lit,22,187,0.11764705882352941,0.88235294117647067,0.55000000000000004,0.55000000000000004,0.55000000000000004,1
F1 m=3 r=35%,surface_sensor_wmape,15,4,60,0,0–5%,266,412,0.64563106796116509,0,0.047981545559400242,0.49642445213379471,0.26182237600922725,1
F1 m=3 r=35%,surface_sensor_wmape,15,4,60,1,5–10%,25,412,0.060679611650485438,0.64563106796116509,0.5870049980776626,0.82299115724721261,0.40868896578239144,1
F1 m=3 r=35%,surface_sensor_wmape,15,4,60,2,10–15%,18,412,0.043689320388349516,0.7063106796116505,0.99707804690503654,0.99876970396001541,0.74502114571318723,1
F1 m=3 r=35%,surface_sensor_wmape,15,4,60,3,15–20%,7,412,0.016990291262135922,0.75,0.9831603229527105,0.61737793156478282,0.35040369088811996,1
F1 m=3 r=35%,surface_sensor_wmape,15,4,60,4,≥20%,44,412,0.10679611650485436,0.76699029126213591,0.73933102652825844,0.088581314878892731,0.15086505190311419,1
F1 m=3 r=35%,surface_sensor_wmape,15,4,60,5,not lit,52,412,0.12621359223300971,0.87378640776699024,0.55000000000000004,0.55000000000000004,0.55000000000000004,1
F1 m=3 r=35%,surface_sensor_wmape,15,5,75,0,0–5%,557,826,0.67433414043583539,0,0.047981545559400242,0.49642445213379471,0.26182237600922725,1
F1 m=3 r=35%,surface_sensor_wmape,15,5,75,1,5–10%,58,826,0.070217917675544791,0.67433414043583539,0.5870049980776626,0.82299115724721261,0.40868896578239144,1
F1 m=3 r=35%,surface_sensor_wmape,15,5,75,2,10–15%,25,826,0.03026634382566586,0.74455205811138014,0.99707804690503654,0.99876970396001541,0.74502114571318723,1
F1 m=3 r=35%,surface_sensor_wmape,15,5,75,3,15–20%,24,826,0.029055690072639227,0.77481840193704599,0.9831603229527105,0.61737793156478282,0.35040369088811996,1
F1 m=3 r=35%,surface_sensor_wmape,15,5,75,4,≥20%,78,826,0.094430992736077482,0.80387409200968518,0.73933102652825844,0.088581314878892731,0.15086505190311419,1
F1 m=3 r=35%,surface_sensor_wmape,15,5,75,5,not lit,84,826,0.10169491525423729,0.89830508474576265,0.55000000000000004,0.55000000000000004,0.55000000000000004,1
F1 m=3 r=35%,surface_sensor_wmape,15,6,90,0,0–5%,149,286,0.52097902097902093,0,0.047981545559400242,0.49642445213379471,0.26182237600922725,1
F1 m=3 r=35%,surface_sensor_wmape,15,6,90,1,5–10%,32,286,0.11188811188811189,0.52097902097902093,0.5870049980776626,0.82299115724721261,0.40868896578239144,1
F1 m=3 r=35%,surface_sensor_wmape,15,6,90,2,10–15%,18,286,0.062937062937062943,0.63286713286713281,0.99707804690503654,0.99876970396001541,0.74502114571318723,1
F1 m=3 r=35%,surface_sensor_wmape,15,6,90,3,15–20%,11,286,0.038461538461538464,0.69580419580419572,0.9831603229527105,0.61737793156478282,0.35040369088811996,1
F1 m=3 r=35%,surface_sensor_wmape,15,6,90,4,≥20%,39,286,0.13636363636363635,0.73426573426573416,0.73933102652825844,0.088581314878892731,0.15086505190311419,1
F1 m=3 r=35%,surface_sensor_wmape,15,6,90,5,not lit,37,286,0.12937062937062938,0.87062937062937051,0.55000000000000004,0.55000000000000004,0.55000000000000004,1
F1 m=3 r=35%,surface_sensor_wmape,15,7,105,0,0–5%,337,611,0.55155482815057288,0,0.047981545559400242,0.49642445213379471,0.26182237600922725,1
F1 m=3 r=35%,surface_sensor_wmape,15,7,105,1,5–10%,57,611,0.093289689034369891,0.55155482815057288,0.5870049980776626,0.82299115724721261,0.40868896578239144,1
F1 m=3 r=35%,surface_sensor_wmape,15,7,105,2,10–15%,20,611,0.032733224222585927,0.64484451718494273,0.99707804690503654,0.99876970396001541,0.74502114571318723,1
F1 m=3 r=35%,surface_sensor_wmape,15,7,105,3,15–20%,19,611,0.031096563011456628,0.67757774140752869,0.9831603229527105,0.61737793156478282,0.35040369088811996,1
F1 m=3 r=35%,surface_sensor_wmape,15,7,105,4,≥20%,54,611,0.088379705400982,0.70867430441898527,0.73933102652825844,0.088581314878892731,0.15086505190311419,1
F1 m=3 r=35%,surface_sensor_wmape,15,7,105,5,not lit,124,611,0.20294599018003273,0.79705400981996721,0.55000000000000004,0.55000000000000004,0.55000000000000004,1
F1 m=3 r=35%,surface_sensor_wmape,15,8,120,0,0–5%,878,1778,0.49381327334083241,0,0.047981545559400242,0.49642445213379471,0.26182237600922725,1
F1 m=3 r=35%,surface_sensor_wmape,15,8,120,1,5–10%,177,1778,0.099550056242969628,0.49381327334083241,0.5870049980776626,0.82299115724721261,0.40868896578239144,1
F1 m=3 r=35%,surface_sensor_wmape,15,8,120,2,10–15%,68,1778,0.038245219347581551,0.593363329583802,0.99707804690503654,0.99876970396001541,0.74502114571318723,1
F1 m=3 r=35%,surface_sensor_wmape,15,8,120,3,15–20%,27,1778,0.015185601799775027,0.63160854893138352,0.9831603229527105,0.61737793156478282,0.35040369088811996,1
F1 m=3 r=35%,surface_sensor_wmape,15,8,120,4,≥20%,128,1778,0.0719910011248594,0.64679415073115853,0.73933102652825844,0.088581314878892731,0.15086505190311419,1
F1 m=3 r=35%,surface_sensor_wmape,15,8,120,5,not lit,500,1778,0.28121484814398201,0.71878515185601799,0.55000000000000004,0.55000000000000004,0.55000000000000004,1
F1 m=3 r=35%,surface_sensor_wmape,15,9,135,0,0–5%,121,188,0.6436170212765957,0,0.047981545559400242,0.49642445213379471,0.26182237600922725,1
F1 m=3 r=35%,surface_sensor_wmape,15,9,135,1,5–10%,11,188,0.058510638297872342,0.6436170212765957,0.5870049980776626,0.82299115724721261,0.40868896578239144,1
F1 m=3 r=35%,surface_sensor_wmape,15,9,135,2,10–15%,4,188,0.021276595744680851,0.7021276595744681,0.99707804690503654,0.99876970396001541,0.74502114571318723,1
F1 m=3 r=35%,surface_sensor_wmape,15,9,135,3,15–20%,4,188,0.021276595744680851,0.72340425531914898,0.9831603229527105,0.61737793156478282,0.35040369088811996,1
F1 m=3 r=35%,surface_sensor_wmape,15,9,135,4,≥20%,11,188,0.058510638297872342,0.74468085106382986,0.73933102652825844,0.088581314878892731,0.15086505190311419,1
F1 m=3 r=35%,surface_sensor_wmape,15,9,135,5,not lit,37,188,0.19680851063829788,0.80319148936170226,0.55000000000000004,0.55000000000000004,0.55000000000000004,1
F1 m=3 r=35%,surface_sensor_wmape,15,10,150,0,0–5%,292,456,0.64035087719298245,0,0.047981545559400242,0.49642445213379471,0.26182237600922725,1
F1 m=3 r=35%,surface_sensor_wmape,15,10,150,1,5–10%,26,456,0.05701754385964912,0.64035087719298245,0.5870049980776626,0.82299115724721261,0.40868896578239144,1
F1 m=3 r=35%,surface_sensor_wmape,15,10,150,2,10–15%,11,456,0.024122807017543858,0.69736842105263153,0.99707804690503654,0.99876970396001541,0.74502114571318723,1
F1 m=3 r=35%,surface_sensor_wmape,15,10,150,3,15–20%,8,456,0.017543859649122806,0.72149122807017541,0.9831603229527105,0.61737793156478282,0.35040369088811996,1
F1 m=3 r=35%,surface_sensor_wmape,15,10,150,4,≥20%,28,456,0.061403508771929821,0.73903508771929816,0.73933102652825844,0.088581314878892731,0.15086505190311419,1
F1 m=3 r=35%,surface_sensor_wmape,15,10,150,5,not lit,91,456,0.19956140350877194,0.80043859649122795,0.55000000000000004,0.55000000000000004,0.55000000000000004,1
F1 m=3 r=35%,surface_sensor_wmape,15,11,165,0,0–5%,549,907,0.60529217199558982,0,0.047981545559400242,0.49642445213379471,0.26182237600922725,1
F1 m=3 r=35%,surface_sensor_wmape,15,11,165,1,5–10%,57,907,0.062844542447629548,0.60529217199558982,0.5870049980776626,0.82299115724721261,0.40868896578239144,1
F1 m=3 r=35%,surface_sensor_wmape,15,11,165,2,10–15%,19,907,0.020948180815876516,0.66813671444321932,0.99707804690503654,0.99876970396001541,0.74502114571318723,1
F1 m=3 r=35%,surface_sensor_wmape,15,11,165,3,15–20%,14,907,0.015435501653803748,0.68908489525909578,0.9831603229527105,0.61737793156478282,0.35040369088811996,1
F1 m=3 r=35%,surface_sensor_wmape,15,11,165,4,≥20%,68,907,0.074972436604189632,0.70452039691289947,0.73933102652825844,0.088581314878892731,0.15086505190311419,1
F1 m=3 r=35%,surface_sensor_wmape,15,11,165,5,not lit,200,907,0.22050716648291069,0.77949283351708909,0.55000000000000004,0.55000000000000004,0.55000000000000004,1
F1 m=3 r=35%,surface_sensor_wmape,15,12,180,0,0–5%,134,276,0.48550724637681159,0,0.047981545559400242,0.49642445213379471,0.26182237600922725,1
F1 m=3 r=35%,surface_sensor_wmape,15,12,180,1,5–10%,26,276,0.09420289855072464,0.48550724637681159,0.5870049980776626,0.82299115724721261,0.40868896578239144,1
F1 m=3 r=35%,surface_sensor_wmape,15,12,180,2,10–15%,16,276,0.057971014492753624,0.57971014492753625,0.99707804690503654,0.99876970396001541,0.74502114571318723,1
F1 m=3 r=35%,surface_sensor_wmape,15,12,180,3,15–20%,10,276,0.036231884057971016,0.63768115942028991,0.9831603229527105,0.61737793156478282,0.35040369088811996,1
F1 m=3 r=35%,surface_sensor_wmape,15,12,180,4,≥20%,40,276,0.14492753623188406,0.67391304347826098,0.73933102652825844,0.088581314878892731,0.15086505190311419,1
F1 m=3 r=35%,surface_sensor_wmape,15,12,180,5,not lit,50,276,0.18115942028985507,0.81884057971014501,0.55000000000000004,0.55000000000000004,0.55000000000000004,1
F1 m=3 r=35%,surface_sensor_wmape,15,13,195,0,0–5%,395,610,0.64754098360655743,0,0.047981545559400242,0.49642445213379471,0.26182237600922725,1
F1 m=3 r=35%,surface_sensor_wmape,15,13,195,1,5–10%,38,610,0.062295081967213117,0.64754098360655743,0.5870049980776626,0.82299115724721261,0.40868896578239144,1
F1 m=3 r=35%,surface_sensor_wmape,15,13,195,2,10–15%,16,610,0.026229508196721311,0.70983606557377055,0.99707804690503654,0.99876970396001541,0.74502114571318723,1
F1 m=3 r=35%,surface_sensor_wmape,15,13,195,3,15–20%,14,610,0.022950819672131147,0.73606557377049187,0.9831603229527105,0.61737793156478282,0.35040369088811996,1
F1 m=3 r=35%,surface_sensor_wmape,15,13,195,4,≥20%,46,610,0.075409836065573776,0.75901639344262306,0.73933102652825844,0.088581314878892731,0.15086505190311419,1
F1 m=3 r=35%,surface_sensor_wmape,15,13,195,5,not lit,101,610,0.16557377049180327,0.83442622950819678,0.55000000000000004,0.55000000000000004,0.55000000000000004,1
F1 m=3 r=35%,surface_sensor_wmape,15,14,210,0,0–5%,1053,1679,0.62715902322811201,0,0.047981545559400242,0.49642445213379471,0.26182237600922725,1
F1 m=3 r=35%,surface_sensor_wmape,15,14,210,1,5–10%,180,1679,0.1072066706372841,0.62715902322811201,0.5870049980776626,0.82299115724721261,0.40868896578239144,1
F1 m=3 r=35%,surface_sensor_wmape,15,14,210,2,10–15%,59,1679,0.035139964264443123,0.73436569386539607,0.99707804690503654,0.99876970396001541,0.74502114571318723,1
F1 m=3 r=35%,surface_sensor_wmape,15,14,210,3,15–20%,28,1679,0.016676593210244194,0.76950565812983918,0.9831603229527105,0.61737793156478282,0.35040369088811996,1
F1 m=3 r=35%,surface_sensor_wmape,15,14,210,4,≥20%,86,1679,0.051220964860035738,0.78618225134008335,0.73933102652825844,0.088581314878892731,0.15086505190311419,1
F1 m=3 r=35%,surface_sensor_wmape,15,14,210,5,not lit,273,1679,0.16259678379988088,0.83740321620011904,0.55000000000000004,0.55000000000000004,0.55000000000000004,1
F1 m=3 r=35%,surface_sensor_wmape,15,15,225,0,0–5%,129,197,0.65482233502538068,0,0.047981545559400242,0.49642445213379471,0.26182237600922725,1
F1 m=3 r=35%,surface_sensor_wmape,15,15,225,1,5–10%,25,197,0.12690355329949238,0.65482233502538068,0.5870049980776626,0.82299115724721261,0.40868896578239144,1
F1 m=3 r=35%,surface_sensor_wmape,15,15,225,2,10–15%,12,197,0.060913705583756347,0.781725888324873,0.99707804690503654,0.99876970396001541,0.74502114571318723,1
F1 m=3 r=35%,surface_sensor_wmape,15,15,225,3,15–20%,2,197,0.01015228426395939,0.8426395939086293,0.9831603229527105,0.61737793156478282,0.35040369088811996,1
F1 m=3 r=35%,surface_sensor_wmape,15,15,225,4,≥20%,11,197,0.055837563451776651,0.85279187817258872,0.73933102652825844,0.088581314878892731,0.15086505190311419,1
F1 m=3 r=35%,surface_sensor_wmape,15,15,225,5,not lit,18,197,0.091370558375634514,0.90862944162436543,0.55000000000000004,0.55000000000000004,0.55000000000000004,1
F1 m=3 r=35%,surface_sensor_wmape,15,16,240,0,0–5%,264,407,0.64864864864864868,0,0.047981545559400242,0.49642445213379471,0.26182237600922725,1
F1 m=3 r=35%,surface_sensor_wmape,15,16,240,1,5–10%,36,407,0.088452088452088448,0.64864864864864868,0.5870049980776626,0.82299115724721261,0.40868896578239144,1
F1 m=3 r=35%,surface_sensor_wmape,15,16,240,2,10–15%,21,407,0.051597051597051594,0.73710073710073709,0.99707804690503654,0.99876970396001541,0.74502114571318723,1
F1 m=3 r=35%,surface_sensor_wmape,15,16,240,3,15–20%,10,407,0.024570024570024569,0.78869778869778873,0.9831603229527105,0.61737793156478282,0.35040369088811996,1
F1 m=3 r=35%,surface_sensor_wmape,15,16,240,4,≥20%,32,407,0.078624078624078622,0.81326781326781328,0.73933102652825844,0.088581314878892731,0.15086505190311419,1
F1 m=3 r=35%,surface_sensor_wmape,15,16,240,5,not lit,44,407,0.10810810810810811,0.89189189189189189,0.55000000000000004,0.55000000000000004,0.55000000000000004,1
F1 m=3 r=35%,surface_sensor_wmape,15,17,255,0,0–5%,570,815,0.69938650306748462,0,0.047981545559400242,0.49642445213379471,0.26182237600922725,1
F1 m=3 r=35%,surface_sensor_wmape,15,17,255,1,5–10%,61,815,0.074846625766871164,0.69938650306748462,0.5870049980776626,0.82299115724721261,0.40868896578239144,1
F1 m=3 r=35%,surface_sensor_wmape,15,17,255,2,10–15%,24,815,0.029447852760736196,0.7742331288343558,0.99707804690503654,0.99876970396001541,0.74502114571318723,1
F1 m=3 r=35%,surface_sensor_wmape,15,17,255,3,15–20%,14,815,0.017177914110429449,0.80368098159509205,0.9831603229527105,0.61737793156478282,0.35040369088811996,1
F1 m=3 r=35%,surface_sensor_wmape,15,17,255,4,≥20%,61,815,0.074846625766871164,0.82085889570552151,0.73933102652825844,0.088581314878892731,0.15086505190311419,1
F1 m=3 r=35%,surface_sensor_wmape,15,17,255,5,not lit,85,815,0.10429447852760736,0.89570552147239269,0.55000000000000004,0.55000000000000004,0.55000000000000004,1
F1 m=3 r=35%,surface_sensor_wmape,15,18,270,0,0–5%,131,265,0.49433962264150944,0,0.047981545559400242,0.49642445213379471,0.26182237600922725,1
F1 m=3 r=35%,surface_sensor_wmape,15,18,270,1,5–10%,34,265,0.12830188679245283,0.49433962264150944,0.5870049980776626,0.82299115724721261,0.40868896578239144,1
F1 m=3 r=35%,surface_sensor_wmape,15,18,270,2,10–15%,17,265,0.064150943396226415,0.62264150943396224,0.99707804690503654,0.99876970396001541,0.74502114571318723,1
F1 m=3 r=35%,surface_sensor_wmape,15,18,270,3,15–20%,9,265,0.033962264150943396,0.68679245283018864,0.9831603229527105,0.61737793156478282,0.35040369088811996,1
F1 m=3 r=35%,surface_sensor_wmape,15,18,270,4,≥20%,41,265,0.15471698113207547,0.72075471698113203,0.73933102652825844,0.088581314878892731,0.15086505190311419,1
F1 m=3 r=35%,surface_sensor_wmape,15,18,270,5,not lit,33,265,0.12452830188679245,0.87547169811320746,0.55000000000000004,0.55000000000000004,0.55000000000000004,1
F1 m=3 r=35%,surface_sensor_wmape,15,19,285,0,0–5%,372,609,0.61083743842364535,0,0.047981545559400242,0.49642445213379471,0.26182237600922725,1
F1 m=3 r=35%,surface_sensor_wmape,15,19,285,1,5–10%,46,609,0.075533661740558297,0.61083743842364535,0.5870049980776626,0.82299115724721261,0.40868896578239144,1
F1 m=3 r=35%,surface_sensor_wmape,15,19,285,2,10–15%,23,609,0.037766830870279149,0.68637110016420366,0.99707804690503654,0.99876970396001541,0.74502114571318723,1
F1 m=3 r=35%,surface_sensor_wmape,15,19,285,3,15–20%,12,609,0.019704433497536946,0.72413793103448276,0.9831603229527105,0.61737793156478282,0.35040369088811996,1
F1 m=3 r=35%,surface_sensor_wmape,15,19,285,4,≥20%,59,609,0.09688013136288999,0.74384236453201968,0.73933102652825844,0.088581314878892731,0.15086505190311419,1
F1 m=3 r=35%,surface_sensor_wmape,15,19,285,5,not lit,97,609,0.15927750410509031,0.84072249589490966,0.55000000000000004,0.55000000000000004,0.55000000000000004,1
F1 m=3 r=35%,surface_sensor_wmape,15,20,300,0,0–5%,835,1781,0.46883773161145426,0,0.047981545559400242,0.49642445213379471,0.26182237600922725,1
F1 m=3 r=35%,surface_sensor_wmape,15,20,300,1,5–10%,229,1781,0.12857944974733296,0.46883773161145426,0.5870049980776626,0.82299115724721261,0.40868896578239144,1
F1 m=3 r=35%,surface_sensor_wmape,15,20,300,2,10–15%,81,1781,0.045480067377877596,0.59741718135878719,0.99707804690503654,0.99876970396001541,0.74502114571318723,1
F1 m=3 r=35%,surface_sensor_wmape,15,20,300,3,15–20%,44,1781,0.024705221785513758,0.64289724873666476,0.9831603229527105,0.61737793156478282,0.35040369088811996,1
F1 m=3 r=35%,surface_sensor_wmape,15,20,300,4,≥20%,129,1781,0.072431218416619883,0.66760247052217847,0.73933102652825844,0.088581314878892731,0.15086505190311419,1
F1 m=3 r=35%,surface_sensor_wmape,15,20,300,5,not lit,463,1781,0.25996631106120155,0.7400336889387984,0.55000000000000004,0.55000000000000004,0.55000000000000004,1
F1 m=3 r=35%,surface_sensor_wmape,15,21,315,0,0–5%,99,190,0.52105263157894732,0,0.047981545559400242,0.49642445213379471,0.26182237600922725,1
F1 m=3 r=35%,surface_sensor_wmape,15,21,315,1,5–10%,38,190,0.20000000000000001,0.52105263157894732,0.5870049980776626,0.82299115724721261,0.40868896578239144,1
F1 m=3 r=35%,surface_sensor_wmape,15,21,315,2,10–15%,8,190,0.042105263157894736,0.72105263157894739,0.99707804690503654,0.99876970396001541,0.74502114571318723,1
F1 m=3 r=35%,surface_sensor_wmape,15,21,315,3,15–20%,6,190,0.031578947368421054,0.76315789473684215,0.9831603229527105,0.61737793156478282,0.35040369088811996,1
F1 m=3 r=35%,surface_sensor_wmape,15,21,315,4,≥20%,15,190,0.078947368421052627,0.79473684210526319,0.73933102652825844,0.088581314878892731,0.15086505190311419,1
F1 m=3 r=35%,surface_sensor_wmape,15,21,315,5,not lit,24,190,0.12631578947368421,0.87368421052631584,0.55000000000000004,0.55000000000000004,0.55000000000000004,1
F1 m=3 r=35%,surface_sensor_wmape,15,22,330,0,0–5%,204,442,0.46153846153846156,0,0.047981545559400242,0.49642445213379471,0.26182237600922725,1
F1 m=3 r=35%,surface_sensor_wmape,15,22,330,1,5–10%,51,442,0.11538461538461539,0.46153846153846156,0.5870049980776626,0.82299115724721261,0.40868896578239144,1
F1 m=3 r=35%,surface_sensor_wmape,15,22,330,2,10–15%,22,442,0.049773755656108594,0.57692307692307698,0.99707804690503654,0.99876970396001541,0.74502114571318723,1
F1 m=3 r=35%,surface_sensor_wmape,15,22,330,3,15–20%,15,442,0.033936651583710405,0.62669683257918563,0.9831603229527105,0.61737793156478282,0.35040369088811996,1
F1 m=3 r=35%,surface_sensor_wmape,15,22,330,4,≥20%,55,442,0.1244343891402715,0.66063348416289602,0.73933102652825844,0.088581314878892731,0.15086505190311419,1
F1 m=3 r=35%,surface_sensor_wmape,15,22,330,5,not lit,95,442,0.21493212669683259,0.78506787330316752,0.55000000000000004,0.55000000000000004,0.55000000000000004,1
F1 m=3 r=35%,surface_sensor_wmape,15,23,345,0,0–5%,499,924,0.54004329004328999,0,0.047981545559400242,0.49642445213379471,0.26182237600922725,1
F1 m=3 r=35%,surface_sensor_wmape,15,23,345,1,5–10%,92,924,0.099567099567099568,0.54004329004328999,0.5870049980776626,0.82299115724721261,0.40868896578239144,1
F1 m=3 r=35%,surface_sensor_wmape,15,23,345,2,10–15%,40,924,0.043290043290043288,0.63961038961038952,0.99707804690503654,0.99876970396001541,0.74502114571318723,1
F1 m=3 r=35%,surface_sensor_wmape,15,23,345,3,15–20%,18,924,0.01948051948051948,0.68290043290043279,0.9831603229527105,0.61737793156478282,0.35040369088811996,1
F1 m=3 r=35%,surface_sensor_wmape,15,23,345,4,≥20%,70,924,0.07575757575757576,0.70238095238095222,0.73933102652825844,0.088581314878892731,0.15086505190311419,1
F1 m=3 r=35%,surface_sensor_wmape,15,23,345,5,not lit,205,924,0.22186147186147187,0.77813852813852802,0.55000000000000004,0.55000000000000004,0.55000000000000004,1
F1 m=3 r=35%,surface_sensor_wmape,30,0,0,0,0–5%,100,290,0.34482758620689657,0,0.047981545559400242,0.49642445213379471,0.26182237600922725,1
F1 m=3 r=35%,surface_sensor_wmape,30,0,0,1,5–10%,29,290,0.10000000000000001,0.34482758620689657,0.5870049980776626,0.82299115724721261,0.40868896578239144,1
F1 m=3 r=35%,surface_sensor_wmape,30,0,0,2,10–15%,19,290,0.065517241379310351,0.44482758620689655,0.99707804690503654,0.99876970396001541,0.74502114571318723,1
F1 m=3 r=35%,surface_sensor_wmape,30,0,0,3,15–20%,15,290,0.051724137931034482,0.51034482758620692,0.9831603229527105,0.61737793156478282,0.35040369088811996,1
F1 m=3 r=35%,surface_sensor_wmape,30,0,0,4,≥20%,68,290,0.23448275862068965,0.56206896551724139,0.73933102652825844,0.088581314878892731,0.15086505190311419,1
F1 m=3 r=35%,surface_sensor_wmape,30,0,0,5,not lit,59,290,0.20344827586206896,0.79655172413793107,0.55000000000000004,0.55000000000000004,0.55000000000000004,1
F1 m=3 r=35%,surface_sensor_wmape,30,1,15,0,0–5%,281,637,0.44113029827315542,0,0.047981545559400242,0.49642445213379471,0.26182237600922725,1
F1 m=3 r=35%,surface_sensor_wmape,30,1,15,1,5–10%,84,637,0.13186813186813187,0.44113029827315542,0.5870049980776626,0.82299115724721261,0.40868896578239144,1
F1 m=3 r=35%,surface_sensor_wmape,30,1,15,2,10–15%,43,637,0.067503924646781788,0.57299843014128726,0.99707804690503654,0.99876970396001541,0.74502114571318723,1
F1 m=3 r=35%,surface_sensor_wmape,30,1,15,3,15–20%,25,637,0.03924646781789639,0.64050235478806905,0.9831603229527105,0.61737793156478282,0.35040369088811996,1
F1 m=3 r=35%,surface_sensor_wmape,30,1,15,4,≥20%,113,637,0.17739403453689168,0.67974882260596547,0.73933102652825844,0.088581314878892731,0.15086505190311419,1
F1 m=3 r=35%,surface_sensor_wmape,30,1,15,5,not lit,91,637,0.14285714285714285,0.85714285714285721,0.55000000000000004,0.55000000000000004,0.55000000000000004,1
F1 m=3 r=35%,surface_sensor_wmape,30,2,30,0,0–5%,696,1703,0.40869054609512623,0,0.047981545559400242,0.49642445213379471,0.26182237600922725,1
F1 m=3 r=35%,surface_sensor_wmape,30,2,30,1,5–10%,282,1703,0.1655901350557839,0.40869054609512623,0.5870049980776626,0.82299115724721261,0.40868896578239144,1
F1 m=3 r=35%,surface_sensor_wmape,30,2,30,2,10–15%,134,1703,0.078684674104521429,0.57428068115091013,0.99707804690503654,0.99876970396001541,0.74502114571318723,1
F1 m=3 r=35%,surface_sensor_wmape,30,2,30,3,15–20%,59,1703,0.034644744568408693,0.65296535525543153,0.9831603229527105,0.61737793156478282,0.35040369088811996,1
F1 m=3 r=35%,surface_sensor_wmape,30,2,30,4,≥20%,198,1703,0.11626541397533764,0.68761009982384025,0.73933102652825844,0.088581314878892731,0.15086505190311419,1
F1 m=3 r=35%,surface_sensor_wmape,30,2,30,5,not lit,334,1703,0.19612448620082207,0.80387551379917788,0.55000000000000004,0.55000000000000004,0.55000000000000004,1
F1 m=3 r=35%,surface_sensor_wmape,30,3,45,0,0–5%,89,187,0.47593582887700536,0,0.047981545559400242,0.49642445213379471,0.26182237600922725,1
F1 m=3 r=35%,surface_sensor_wmape,30,3,45,1,5–10%,27,187,0.14438502673796791,0.47593582887700536,0.5870049980776626,0.82299115724721261,0.40868896578239144,1
F1 m=3 r=35%,surface_sensor_wmape,30,3,45,2,10–15%,16,187,0.085561497326203204,0.6203208556149733,0.99707804690503654,0.99876970396001541,0.74502114571318723,1
F1 m=3 r=35%,surface_sensor_wmape,30,3,45,3,15–20%,6,187,0.032085561497326207,0.70588235294117652,0.9831603229527105,0.61737793156478282,0.35040369088811996,1
F1 m=3 r=35%,surface_sensor_wmape,30,3,45,4,≥20%,21,187,0.11229946524064172,0.73796791443850274,0.73933102652825844,0.088581314878892731,0.15086505190311419,1
F1 m=3 r=35%,surface_sensor_wmape,30,3,45,5,not lit,28,187,0.1497326203208556,0.85026737967914445,0.55000000000000004,0.55000000000000004,0.55000000000000004,1
F1 m=3 r=35%,surface_sensor_wmape,30,4,60,0,0–5%,253,412,0.61407766990291257,0,0.047981545559400242,0.49642445213379471,0.26182237600922725,1
F1 m=3 r=35%,surface_sensor_wmape,30,4,60,1,5–10%,27,412,0.06553398058252427,0.61407766990291257,0.5870049980776626,0.82299115724721261,0.40868896578239144,1
F1 m=3 r=35%,surface_sensor_wmape,30,4,60,2,10–15%,14,412,0.033980582524271843,0.67961165048543681,0.99707804690503654,0.99876970396001541,0.74502114571318723,1
F1 m=3 r=35%,surface_sensor_wmape,30,4,60,3,15–20%,12,412,0.029126213592233011,0.71359223300970864,0.9831603229527105,0.61737793156478282,0.35040369088811996,1
F1 m=3 r=35%,surface_sensor_wmape,30,4,60,4,≥20%,50,412,0.12135922330097088,0.74271844660194164,0.73933102652825844,0.088581314878892731,0.15086505190311419,1
F1 m=3 r=35%,surface_sensor_wmape,30,4,60,5,not lit,56,412,0.13592233009708737,0.86407766990291246,0.55000000000000004,0.55000000000000004,0.55000000000000004,1
F1 m=3 r=35%,surface_sensor_wmape,30,5,75,0,0–5%,536,826,0.64891041162227603,0,0.047981545559400242,0.49642445213379471,0.26182237600922725,1
F1 m=3 r=35%,surface_sensor_wmape,30,5,75,1,5–10%,62,826,0.075060532687651338,0.64891041162227603,0.5870049980776626,0.82299115724721261,0.40868896578239144,1
F1 m=3 r=35%,surface_sensor_wmape,30,5,75,2,10–15%,32,826,0.038740920096852302,0.72397094430992737,0.99707804690503654,0.99876970396001541,0.74502114571318723,1
F1 m=3 r=35%,surface_sensor_wmape,30,5,75,3,15–20%,15,826,0.018159806295399514,0.76271186440677963,0.9831603229527105,0.61737793156478282,0.35040369088811996,1
F1 m=3 r=35%,surface_sensor_wmape,30,5,75,4,≥20%,97,826,0.11743341404358354,0.78087167070217911,0.73933102652825844,0.088581314878892731,0.15086505190311419,1
F1 m=3 r=35%,surface_sensor_wmape,30,5,75,5,not lit,84,826,0.10169491525423729,0.89830508474576265,0.55000000000000004,0.55000000000000004,0.55000000000000004,1
F1 m=3 r=35%,surface_sensor_wmape,30,6,90,0,0–5%,149,286,0.52097902097902093,0,0.047981545559400242,0.49642445213379471,0.26182237600922725,1
F1 m=3 r=35%,surface_sensor_wmape,30,6,90,1,5–10%,40,286,0.13986013986013987,0.52097902097902093,0.5870049980776626,0.82299115724721261,0.40868896578239144,1
F1 m=3 r=35%,surface_sensor_wmape,30,6,90,2,10–15%,12,286,0.04195804195804196,0.66083916083916083,0.99707804690503654,0.99876970396001541,0.74502114571318723,1
F1 m=3 r=35%,surface_sensor_wmape,30,6,90,3,15–20%,9,286,0.031468531468531472,0.70279720279720281,0.9831603229527105,0.61737793156478282,0.35040369088811996,1
F1 m=3 r=35%,surface_sensor_wmape,30,6,90,4,≥20%,40,286,0.13986013986013987,0.73426573426573427,0.73933102652825844,0.088581314878892731,0.15086505190311419,1
F1 m=3 r=35%,surface_sensor_wmape,30,6,90,5,not lit,36,286,0.12587412587412589,0.87412587412587417,0.55000000000000004,0.55000000000000004,0.55000000000000004,1
F1 m=3 r=35%,surface_sensor_wmape,30,7,105,0,0–5%,326,611,0.53355155482815053,0,0.047981545559400242,0.49642445213379471,0.26182237600922725,1
F1 m=3 r=35%,surface_sensor_wmape,30,7,105,1,5–10%,60,611,0.098199672667757767,0.53355155482815053,0.5870049980776626,0.82299115724721261,0.40868896578239144,1
F1 m=3 r=35%,surface_sensor_wmape,30,7,105,2,10–15%,25,611,0.040916530278232409,0.63175122749590829,0.99707804690503654,0.99876970396001541,0.74502114571318723,1
F1 m=3 r=35%,surface_sensor_wmape,30,7,105,3,15–20%,16,611,0.026186579378068741,0.67266775777414067,0.9831603229527105,0.61737793156478282,0.35040369088811996,1
F1 m=3 r=35%,surface_sensor_wmape,30,7,105,4,≥20%,62,611,0.10147299509001637,0.69885433715220946,0.73933102652825844,0.088581314878892731,0.15086505190311419,1
F1 m=3 r=35%,surface_sensor_wmape,30,7,105,5,not lit,122,611,0.19967266775777415,0.80032733224222585,0.55000000000000004,0.55000000000000004,0.55000000000000004,1
F1 m=3 r=35%,surface_sensor_wmape,30,8,120,0,0–5%,895,1778,0.50337457817772779,0,0.047981545559400242,0.49642445213379471,0.26182237600922725,1
F1 m=3 r=35%,surface_sensor_wmape,30,8,120,1,5–10%,148,1778,0.083239595050618675,0.50337457817772779,0.5870049980776626,0.82299115724721261,0.40868896578239144,1
F1 m=3 r=35%,surface_sensor_wmape,30,8,120,2,10–15%,70,1778,0.03937007874015748,0.58661417322834652,0.99707804690503654,0.99876970396001541,0.74502114571318723,1
F1 m=3 r=35%,surface_sensor_wmape,30,8,120,3,15–20%,29,1778,0.016310461192350956,0.62598425196850405,0.9831603229527105,0.61737793156478282,0.35040369088811996,1
F1 m=3 r=35%,surface_sensor_wmape,30,8,120,4,≥20%,136,1778,0.076490438695163102,0.64229471316085496,0.73933102652825844,0.088581314878892731,0.15086505190311419,1
F1 m=3 r=35%,surface_sensor_wmape,30,8,120,5,not lit,500,1778,0.28121484814398201,0.7187851518560181,0.55000000000000004,0.55000000000000004,0.55000000000000004,1
F1 m=3 r=35%,surface_sensor_wmape,30,9,135,0,0–5%,115,188,0.61170212765957444,0,0.047981545559400242,0.49642445213379471,0.26182237600922725,1
F1 m=3 r=35%,surface_sensor_wmape,30,9,135,1,5–10%,9,188,0.047872340425531915,0.61170212765957444,0.5870049980776626,0.82299115724721261,0.40868896578239144,1
F1 m=3 r=35%,surface_sensor_wmape,30,9,135,2,10–15%,7,188,0.037234042553191488,0.65957446808510634,0.99707804690503654,0.99876970396001541,0.74502114571318723,1
F1 m=3 r=35%,surface_sensor_wmape,30,9,135,3,15–20%,4,188,0.021276595744680851,0.69680851063829785,0.9831603229527105,0.61737793156478282,0.35040369088811996,1
F1 m=3 r=35%,surface_sensor_wmape,30,9,135,4,≥20%,16,188,0.085106382978723402,0.71808510638297873,0.73933102652825844,0.088581314878892731,0.15086505190311419,1
F1 m=3 r=35%,surface_sensor_wmape,30,9,135,5,not lit,37,188,0.19680851063829788,0.80319148936170215,0.55000000000000004,0.55000000000000004,0.55000000000000004,1
F1 m=3 r=35%,surface_sensor_wmape,30,10,150,0,0–5%,289,456,0.63377192982456143,0,0.047981545559400242,0.49642445213379471,0.26182237600922725,1
F1 m=3 r=35%,surface_sensor_wmape,30,10,150,1,5–10%,33,456,0.072368421052631582,0.63377192982456143,0.5870049980776626,0.82299115724721261,0.40868896578239144,1
F1 m=3 r=35%,surface_sensor_wmape,30,10,150,2,10–15%,9,456,0.019736842105263157,0.70614035087719307,0.99707804690503654,0.99876970396001541,0.74502114571318723,1
F1 m=3 r=35%,surface_sensor_wmape,30,10,150,3,15–20%,4,456,0.008771929824561403,0.72587719298245623,0.9831603229527105,0.61737793156478282,0.35040369088811996,1
F1 m=3 r=35%,surface_sensor_wmape,30,10,150,4,≥20%,24,456,0.052631578947368418,0.73464912280701766,0.73933102652825844,0.088581314878892731,0.15086505190311419,1
F1 m=3 r=35%,surface_sensor_wmape,30,10,150,5,not lit,97,456,0.21271929824561403,0.78728070175438614,0.55000000000000004,0.55000000000000004,0.55000000000000004,1
F1 m=3 r=35%,surface_sensor_wmape,30,11,165,0,0–5%,563,907,0.62072767364939363,0,0.047981545559400242,0.49642445213379471,0.26182237600922725,1
F1 m=3 r=35%,surface_sensor_wmape,30,11,165,1,5–10%,57,907,0.062844542447629548,0.62072767364939363,0.5870049980776626,0.82299115724721261,0.40868896578239144,1
F1 m=3 r=35%,surface_sensor_wmape,30,11,165,2,10–15%,21,907,0.023153252480705624,0.68357221609702323,0.99707804690503654,0.99876970396001541,0.74502114571318723,1
F1 m=3 r=35%,surface_sensor_wmape,30,11,165,3,15–20%,14,907,0.015435501653803748,0.70672546857772889,0.9831603229527105,0.61737793156478282,0.35040369088811996,1
F1 m=3 r=35%,surface_sensor_wmape,30,11,165,4,≥20%,52,907,0.057331863285556783,0.72216097023153258,0.73933102652825844,0.088581314878892731,0.15086505190311419,1
F1 m=3 r=35%,surface_sensor_wmape,30,11,165,5,not lit,200,907,0.22050716648291069,0.77949283351708942,0.55000000000000004,0.55000000000000004,0.55000000000000004,1
F1 m=3 r=35%,surface_sensor_wmape,30,12,180,0,0–5%,146,276,0.52898550724637683,0,0.047981545559400242,0.49642445213379471,0.26182237600922725,1
F1 m=3 r=35%,surface_sensor_wmape,30,12,180,1,5–10%,32,276,0.11594202898550725,0.52898550724637683,0.5870049980776626,0.82299115724721261,0.40868896578239144,1
F1 m=3 r=35%,surface_sensor_wmape,30,12,180,2,10–15%,11,276,0.039855072463768113,0.64492753623188404,0.99707804690503654,0.99876970396001541,0.74502114571318723,1
F1 m=3 r=35%,surface_sensor_wmape,30,12,180,3,15–20%,7,276,0.025362318840579712,0.68478260869565211,0.9831603229527105,0.61737793156478282,0.35040369088811996,1
F1 m=3 r=35%,surface_sensor_wmape,30,12,180,4,≥20%,30,276,0.10869565217391304,0.71014492753623182,0.73933102652825844,0.088581314878892731,0.15086505190311419,1
F1 m=3 r=35%,surface_sensor_wmape,30,12,180,5,not lit,50,276,0.18115942028985507,0.8188405797101449,0.55000000000000004,0.55000000000000004,0.55000000000000004,1
F1 m=3 r=35%,surface_sensor_wmape,30,13,195,0,0–5%,398,610,0.65245901639344261,0,0.047981545559400242,0.49642445213379471,0.26182237600922725,1
F1 m=3 r=35%,surface_sensor_wmape,30,13,195,1,5–10%,41,610,0.067213114754098358,0.65245901639344261,0.5870049980776626,0.82299115724721261,0.40868896578239144,1
F1 m=3 r=35%,surface_sensor_wmape,30,13,195,2,10–15%,19,610,0.031147540983606559,0.71967213114754092,0.99707804690503654,0.99876970396001541,0.74502114571318723,1
F1 m=3 r=35%,surface_sensor_wmape,30,13,195,3,15–20%,9,610,0.014754098360655738,0.75081967213114753,0.9831603229527105,0.61737793156478282,0.35040369088811996,1
F1 m=3 r=35%,surface_sensor_wmape,30,13,195,4,≥20%,42,610,0.068852459016393447,0.76557377049180331,0.73933102652825844,0.088581314878892731,0.15086505190311419,1
F1 m=3 r=35%,surface_sensor_wmape,30,13,195,5,not lit,101,610,0.16557377049180327,0.83442622950819678,0.55000000000000004,0.55000000000000004,0.55000000000000004,1
F1 m=3 r=35%,surface_sensor_wmape,30,14,210,0,0–5%,1047,1679,0.6235854675402025,0,0.047981545559400242,0.49642445213379471,0.26182237600922725,1
F1 m=3 r=35%,surface_sensor_wmape,30,14,210,1,5–10%,181,1679,0.10780226325193568,0.6235854675402025,0.5870049980776626,0.82299115724721261,0.40868896578239144,1
F1 m=3 r=35%,surface_sensor_wmape,30,14,210,2,10–15%,52,1679,0.030970815961882073,0.73138773079213815,0.99707804690503654,0.99876970396001541,0.74502114571318723,1
F1 m=3 r=35%,surface_sensor_wmape,30,14,210,3,15–20%,27,1679,0.016081000595592615,0.76235854675402026,0.9831603229527105,0.61737793156478282,0.35040369088811996,1
F1 m=3 r=35%,surface_sensor_wmape,30,14,210,4,≥20%,92,1679,0.054794520547945202,0.77843954734961285,0.73933102652825844,0.088581314878892731,0.15086505190311419,1
F1 m=3 r=35%,surface_sensor_wmape,30,14,210,5,not lit,280,1679,0.16676593210244192,0.83323406789755805,0.55000000000000004,0.55000000000000004,0.55000000000000004,1
F1 m=3 r=35%,surface_sensor_wmape,30,15,225,0,0–5%,129,197,0.65482233502538068,0,0.047981545559400242,0.49642445213379471,0.26182237600922725,1
F1 m=3 r=35%,surface_sensor_wmape,30,15,225,1,5–10%,26,197,0.13197969543147209,0.65482233502538068,0.5870049980776626,0.82299115724721261,0.40868896578239144,1
F1 m=3 r=35%,surface_sensor_wmape,30,15,225,2,10–15%,7,197,0.03553299492385787,0.78680203045685282,0.99707804690503654,0.99876970396001541,0.74502114571318723,1
F1 m=3 r=35%,surface_sensor_wmape,30,15,225,3,15–20%,7,197,0.03553299492385787,0.82233502538071068,0.9831603229527105,0.61737793156478282,0.35040369088811996,1
F1 m=3 r=35%,surface_sensor_wmape,30,15,225,4,≥20%,10,197,0.050761421319796954,0.85786802030456855,0.73933102652825844,0.088581314878892731,0.15086505190311419,1
F1 m=3 r=35%,surface_sensor_wmape,30,15,225,5,not lit,18,197,0.091370558375634514,0.90862944162436554,0.55000000000000004,0.55000000000000004,0.55000000000000004,1
F1 m=3 r=35%,surface_sensor_wmape,30,16,240,0,0–5%,267,407,0.65601965601965606,0,0.047981545559400242,0.49642445213379471,0.26182237600922725,1
F1 m=3 r=35%,surface_sensor_wmape,30,16,240,1,5–10%,32,407,0.078624078624078622,0.65601965601965606,0.5870049980776626,0.82299115724721261,0.40868896578239144,1
F1 m=3 r=35%,surface_sensor_wmape,30,16,240,2,10–15%,17,407,0.041769041769041768,0.73464373464373467,0.99707804690503654,0.99876970396001541,0.74502114571318723,1
F1 m=3 r=35%,surface_sensor_wmape,30,16,240,3,15–20%,9,407,0.022113022113022112,0.7764127764127764,0.9831603229527105,0.61737793156478282,0.35040369088811996,1
F1 m=3 r=35%,surface_sensor_wmape,30,16,240,4,≥20%,38,407,0.093366093366093361,0.79852579852579852,0.73933102652825844,0.088581314878892731,0.15086505190311419,1
F1 m=3 r=35%,surface_sensor_wmape,30,16,240,5,not lit,44,407,0.10810810810810811,0.89189189189189189,0.55000000000000004,0.55000000000000004,0.55000000000000004,1
F1 m=3 r=35%,surface_sensor_wmape,30,17,255,0,0–5%,551,815,0.67607361963190182,0,0.047981545559400242,0.49642445213379471,0.26182237600922725,1
F1 m=3 r=35%,surface_sensor_wmape,30,17,255,1,5–10%,68,815,0.083435582822085894,0.67607361963190182,0.5870049980776626,0.82299115724721261,0.40868896578239144,1
F1 m=3 r=35%,surface_sensor_wmape,30,17,255,2,10–15%,26,815,0.031901840490797549,0.75950920245398768,0.99707804690503654,0.99876970396001541,0.74502114571318723,1
F1 m=3 r=35%,surface_sensor_wmape,30,17,255,3,15–20%,14,815,0.017177914110429449,0.79141104294478526,0.9831603229527105,0.61737793156478282,0.35040369088811996,1
F1 m=3 r=35%,surface_sensor_wmape,30,17,255,4,≥20%,67,815,0.082208588957055212,0.80858895705521472,0.73933102652825844,0.088581314878892731,0.15086505190311419,1
F1 m=3 r=35%,surface_sensor_wmape,30,17,255,5,not lit,89,815,0.10920245398773006,0.8907975460122699,0.55000000000000004,0.55000000000000004,0.55000000000000004,1
F1 m=3 r=35%,surface_sensor_wmape,30,18,270,0,0–5%,119,265,0.44905660377358492,0,0.047981545559400242,0.49642445213379471,0.26182237600922725,1
F1 m=3 r=35%,surface_sensor_wmape,30,18,270,1,5–10%,38,265,0.14339622641509434,0.44905660377358492,0.5870049980776626,0.82299115724721261,0.40868896578239144,1
F1 m=3 r=35%,surface_sensor_wmape,30,18,270,2,10–15%,14,265,0.052830188679245285,0.59245283018867922,0.99707804690503654,0.99876970396001541,0.74502114571318723,1
F1 m=3 r=35%,surface_sensor_wmape,30,18,270,3,15–20%,13,265,0.049056603773584909,0.6452830188679245,0.9831603229527105,0.61737793156478282,0.35040369088811996,1
F1 m=3 r=35%,surface_sensor_wmape,30,18,270,4,≥20%,50,265,0.18867924528301888,0.69433962264150939,0.73933102652825844,0.088581314878892731,0.15086505190311419,1
F1 m=3 r=35%,surface_sensor_wmape,30,18,270,5,not lit,31,265,0.1169811320754717,0.88301886792452833,0.55000000000000004,0.55000000000000004,0.55000000000000004,1
F1 m=3 r=35%,surface_sensor_wmape,30,19,285,0,0–5%,361,609,0.59277504105090317,0,0.047981545559400242,0.49642445213379471,0.26182237600922725,1
F1 m=3 r=35%,surface_sensor_wmape,30,19,285,1,5–10%,39,609,0.064039408866995079,0.59277504105090317,0.5870049980776626,0.82299115724721261,0.40868896578239144,1
F1 m=3 r=35%,surface_sensor_wmape,30,19,285,2,10–15%,22,609,0.036124794745484398,0.65681444991789828,0.99707804690503654,0.99876970396001541,0.74502114571318723,1
F1 m=3 r=35%,surface_sensor_wmape,30,19,285,3,15–20%,14,609,0.022988505747126436,0.69293924466338264,0.9831603229527105,0.61737793156478282,0.35040369088811996,1
F1 m=3 r=35%,surface_sensor_wmape,30,19,285,4,≥20%,69,609,0.11330049261083744,0.71592775041050905,0.73933102652825844,0.088581314878892731,0.15086505190311419,1
F1 m=3 r=35%,surface_sensor_wmape,30,19,285,5,not lit,104,609,0.17077175697865354,0.82922824302134646,0.55000000000000004,0.55000000000000004,0.55000000000000004,1
F1 m=3 r=35%,surface_sensor_wmape,30,20,300,0,0–5%,775,1781,0.43514879281302637,0,0.047981545559400242,0.49642445213379471,0.26182237600922725,1
F1 m=3 r=35%,surface_sensor_wmape,30,20,300,1,5–10%,198,1781,0.1111734980348119,0.43514879281302637,0.5870049980776626,0.82299115724721261,0.40868896578239144,1
F1 m=3 r=35%,surface_sensor_wmape,30,20,300,2,10–15%,93,1781,0.05221785513756317,0.54632229084783823,0.99707804690503654,0.99876970396001541,0.74502114571318723,1
F1 m=3 r=35%,surface_sensor_wmape,30,20,300,3,15–20%,49,1781,0.027512633352049412,0.5985401459854014,0.9831603229527105,0.61737793156478282,0.35040369088811996,1
F1 m=3 r=35%,surface_sensor_wmape,30,20,300,4,≥20%,181,1781,0.10162829870859068,0.62605277933745085,0.73933102652825844,0.088581314878892731,0.15086505190311419,1
F1 m=3 r=35%,surface_sensor_wmape,30,20,300,5,not lit,485,1781,0.27231892195395846,0.72768107804604154,0.55000000000000004,0.55000000000000004,0.55000000000000004,1
F1 m=3 r=35%,surface_sensor_wmape,30,21,315,0,0–5%,76,190,0.40000000000000002,0,0.047981545559400242,0.49642445213379471,0.26182237600922725,1
F1 m=3 r=35%,surface_sensor_wmape,30,21,315,1,5–10%,40,190,0.21052631578947367,0.40000000000000002,0.5870049980776626,0.82299115724721261,0.40868896578239144,1
F1 m=3 r=35%,surface_sensor_wmape,30,21,315,2,10–15%,13,190,0.068421052631578952,0.61052631578947369,0.99707804690503654,0.99876970396001541,0.74502114571318723,1
F1 m=3 r=35%,surface_sensor_wmape,30,21,315,3,15–20%,9,190,0.04736842105263158,0.67894736842105263,0.9831603229527105,0.61737793156478282,0.35040369088811996,1
F1 m=3 r=35%,surface_sensor_wmape,30,21,315,4,≥20%,26,190,0.1368421052631579,0.72631578947368425,0.73933102652825844,0.088581314878892731,0.15086505190311419,1
F1 m=3 r=35%,surface_sensor_wmape,30,21,315,5,not lit,26,190,0.1368421052631579,0.86315789473684212,0.55000000000000004,0.55000000000000004,0.55000000000000004,1
F1 m=3 r=35%,surface_sensor_wmape,30,22,330,0,0–5%,150,442,0.33936651583710409,0,0.047981545559400242,0.49642445213379471,0.26182237600922725,1
F1 m=3 r=35%,surface_sensor_wmape,30,22,330,1,5–10%,45,442,0.10180995475113122,0.33936651583710409,0.5870049980776626,0.82299115724721261,0.40868896578239144,1
F1 m=3 r=35%,surface_sensor_wmape,30,22,330,2,10–15%,39,442,0.088235294117647065,0.44117647058823528,0.99707804690503654,0.99876970396001541,0.74502114571318723,1
F1 m=3 r=35%,surface_sensor_wmape,30,22,330,3,15–20%,23,442,0.052036199095022627,0.52941176470588236,0.9831603229527105,0.61737793156478282,0.35040369088811996,1
F1 m=3 r=35%,surface_sensor_wmape,30,22,330,4,≥20%,85,442,0.19230769230769232,0.58144796380090502,0.73933102652825844,0.088581314878892731,0.15086505190311419,1
F1 m=3 r=35%,surface_sensor_wmape,30,22,330,5,not lit,100,442,0.22624434389140272,0.77375565610859731,0.55000000000000004,0.55000000000000004,0.55000000000000004,1
F1 m=3 r=35%,surface_sensor_wmape,30,23,345,0,0–5%,342,924,0.37012987012987014,0,0.047981545559400242,0.49642445213379471,0.26182237600922725,1
F1 m=3 r=35%,surface_sensor_wmape,30,23,345,1,5–10%,105,924,0.11363636363636363,0.37012987012987014,0.5870049980776626,0.82299115724721261,0.40868896578239144,1
F1 m=3 r=35%,surface_sensor_wmape,30,23,345,2,10–15%,66,924,0.071428571428571425,0.48376623376623379,0.99707804690503654,0.99876970396001541,0.74502114571318723,1
F1 m=3 r=35%,surface_sensor_wmape,30,23,345,3,15–20%,31,924,0.033549783549783552,0.55519480519480524,0.9831603229527105,0.61737793156478282,0.35040369088811996,1
F1 m=3 r=35%,surface_sensor_wmape,30,23,345,4,≥20%,154,924,0.16666666666666666,0.58874458874458879,0.73933102652825844,0.088581314878892731,0.15086505190311419,1
F1 m=3 r=35%,surface_sensor_wmape,30,23,345,5,not lit,226,924,0.24458874458874458,0.75541125541125542,0.55000000000000004,0.55000000000000004,0.55000000000000004,1
F1 m=3 r=35%,surface_sensor_wmape,45,0,0,0,0–5%,65,290,0.22413793103448276,0,0.047981545559400242,0.49642445213379471,0.26182237600922725,1
F1 m=3 r=35%,surface_sensor_wmape,45,0,0,1,5–10%,36,290,0.12413793103448276,0.22413793103448276,0.5870049980776626,0.82299115724721261,0.40868896578239144,1
F1 m=3 r=35%,surface_sensor_wmape,45,0,0,2,10–15%,18,290,0.062068965517241378,0.34827586206896555,0.99707804690503654,0.99876970396001541,0.74502114571318723,1
F1 m=3 r=35%,surface_sensor_wmape,45,0,0,3,15–20%,10,290,0.034482758620689655,0.41034482758620694,0.9831603229527105,0.61737793156478282,0.35040369088811996,1
F1 m=3 r=35%,surface_sensor_wmape,45,0,0,4,≥20%,81,290,0.27931034482758621,0.44482758620689661,0.73933102652825844,0.088581314878892731,0.15086505190311419,1
F1 m=3 r=35%,surface_sensor_wmape,45,0,0,5,not lit,80,290,0.27586206896551724,0.72413793103448287,0.55000000000000004,0.55000000000000004,0.55000000000000004,1
F1 m=3 r=35%,surface_sensor_wmape,45,1,15,0,0–5%,204,637,0.32025117739403453,0,0.047981545559400242,0.49642445213379471,0.26182237600922725,1
F1 m=3 r=35%,surface_sensor_wmape,45,1,15,1,5–10%,81,637,0.1271585557299843,0.32025117739403453,0.5870049980776626,0.82299115724721261,0.40868896578239144,1
F1 m=3 r=35%,surface_sensor_wmape,45,1,15,2,10–15%,42,637,0.065934065934065936,0.44740973312401883,0.99707804690503654,0.99876970396001541,0.74502114571318723,1
F1 m=3 r=35%,surface_sensor_wmape,45,1,15,3,15–20%,23,637,0.036106750392464679,0.5133437990580848,0.9831603229527105,0.61737793156478282,0.35040369088811996,1
F1 m=3 r=35%,surface_sensor_wmape,45,1,15,4,≥20%,161,637,0.25274725274725274,0.5494505494505495,0.73933102652825844,0.088581314878892731,0.15086505190311419,1
F1 m=3 r=35%,surface_sensor_wmape,45,1,15,5,not lit,126,637,0.19780219780219779,0.80219780219780223,0.55000000000000004,0.55000000000000004,0.55000000000000004,1
F1 m=3 r=35%,surface_sensor_wmape,45,2,30,0,0–5%,586,1703,0.3440986494421609,0,0.047981545559400242,0.49642445213379471,0.26182237600922725,1
F1 m=3 r=35%,surface_sensor_wmape,45,2,30,1,5–10%,280,1703,0.16441573693482089,0.3440986494421609,0.5870049980776626,0.82299115724721261,0.40868896578239144,1
F1 m=3 r=35%,surface_sensor_wmape,45,2,30,2,10–15%,153,1703,0.089841456253669988,0.50851438637698176,0.99707804690503654,0.99876970396001541,0.74502114571318723,1
F1 m=3 r=35%,surface_sensor_wmape,45,2,30,3,15–20%,73,1703,0.042865531415149732,0.59835584263065178,0.9831603229527105,0.61737793156478282,0.35040369088811996,1
F1 m=3 r=35%,surface_sensor_wmape,45,2,30,4,≥20%,245,1703,0.14386376981796828,0.64122137404580148,0.73933102652825844,0.088581314878892731,0.15086505190311419,1
F1 m=3 r=35%,surface_sensor_wmape,45,2,30,5,not lit,366,1703,0.21491485613623018,0.78508514386376982,0.55000000000000004,0.55000000000000004,0.55000000000000004,1
F1 m=3 r=35%,surface_sensor_wmape,45,3,45,0,0–5%,74,187,0.39572192513368987,0,0.047981545559400242,0.49642445213379471,0.26182237600922725,1
F1 m=3 r=35%,surface_sensor_wmape,45,3,45,1,5–10%,29,187,0.15508021390374332,0.39572192513368987,0.5870049980776626,0.82299115724721261,0.40868896578239144,1
F1 m=3 r=35%,surface_sensor_wmape,45,3,45,2,10–15%,19,187,0.10160427807486631,0.55080213903743314,0.99707804690503654,0.99876970396001541,0.74502114571318723,1
F1 m=3 r=35%,surface_sensor_wmape,45,3,45,3,15–20%,13,187,0.069518716577540107,0.65240641711229941,0.9831603229527105,0.61737793156478282,0.35040369088811996,1
F1 m=3 r=35%,surface_sensor_wmape,45,3,45,4,≥20%,22,187,0.11764705882352941,0.72192513368983957,0.73933102652825844,0.088581314878892731,0.15086505190311419,1
F1 m=3 r=35%,surface_sensor_wmape,45,3,45,5,not lit,30,187,0.16042780748663102,0.83957219251336901,0.55000000000000004,0.55000000000000004,0.55000000000000004,1
F1 m=3 r=35%,surface_sensor_wmape,45,4,60,0,0–5%,234,412,0.56796116504854366,0,0.047981545559400242,0.49642445213379471,0.26182237600922725,1
F1 m=3 r=35%,surface_sensor_wmape,45,4,60,1,5–10%,31,412,0.075242718446601936,0.56796116504854366,0.5870049980776626,0.82299115724721261,0.40868896578239144,1
F1 m=3 r=35%,surface_sensor_wmape,45,4,60,2,10–15%,17,412,0.0412621359223301,0.64320388349514557,0.99707804690503654,0.99876970396001541,0.74502114571318723,1
F1 m=3 r=35%,surface_sensor_wmape,45,4,60,3,15–20%,10,412,0.024271844660194174,0.68446601941747565,0.9831603229527105,0.61737793156478282,0.35040369088811996,1
F1 m=3 r=35%,surface_sensor_wmape,45,4,60,4,≥20%,57,412,0.13834951456310679,0.70873786407766981,0.73933102652825844,0.088581314878892731,0.15086505190311419,1
F1 m=3 r=35%,surface_sensor_wmape,45,4,60,5,not lit,63,412,0.15291262135922329,0.84708737864077666,0.55000000000000004,0.55000000000000004,0.55000000000000004,1
F1 m=3 r=35%,surface_sensor_wmape,45,5,75,0,0–5%,496,826,0.6004842615012107,0,0.047981545559400242,0.49642445213379471,0.26182237600922725,1
F1 m=3 r=35%,surface_sensor_wmape,45,5,75,1,5–10%,77,826,0.093220338983050849,0.6004842615012107,0.5870049980776626,0.82299115724721261,0.40868896578239144,1
F1 m=3 r=35%,surface_sensor_wmape,45,5,75,2,10–15%,30,826,0.036319612590799029,0.69370460048426152,0.99707804690503654,0.99876970396001541,0.74502114571318723,1
F1 m=3 r=35%,surface_sensor_wmape,45,5,75,3,15–20%,23,826,0.02784503631961259,0.7300242130750606,0.9831603229527105,0.61737793156478282,0.35040369088811996,1
F1 m=3 r=35%,surface_sensor_wmape,45,5,75,4,≥20%,109,826,0.13196125907990314,0.75786924939467315,0.73933102652825844,0.088581314878892731,0.15086505190311419,1
F1 m=3 r=35%,surface_sensor_wmape,45,5,75,5,not lit,91,826,0.11016949152542373,0.88983050847457634,0.55000000000000004,0.55000000000000004,0.55000000000000004,1
F1 m=3 r=35%,surface_sensor_wmape,45,6,90,0,0–5%,130,286,0.45454545454545453,0,0.047981545559400242,0.49642445213379471,0.26182237600922725,1
F1 m=3 r=35%,surface_sensor_wmape,45,6,90,1,5–10%,45,286,0.15734265734265734,0.45454545454545453,0.5870049980776626,0.82299115724721261,0.40868896578239144,1
F1 m=3 r=35%,surface_sensor_wmape,45,6,90,2,10–15%,17,286,0.05944055944055944,0.61188811188811187,0.99707804690503654,0.99876970396001541,0.74502114571318723,1
F1 m=3 r=35%,surface_sensor_wmape,45,6,90,3,15–20%,12,286,0.04195804195804196,0.67132867132867136,0.9831603229527105,0.61737793156478282,0.35040369088811996,1
F1 m=3 r=35%,surface_sensor_wmape,45,6,90,4,≥20%,46,286,0.16083916083916083,0.71328671328671334,0.73933102652825844,0.088581314878892731,0.15086505190311419,1
F1 m=3 r=35%,surface_sensor_wmape,45,6,90,5,not lit,36,286,0.12587412587412589,0.87412587412587417,0.55000000000000004,0.55000000000000004,0.55000000000000004,1
F1 m=3 r=35%,surface_sensor_wmape,45,7,105,0,0–5%,323,611,0.52864157119476274,0,0.047981545559400242,0.49642445213379471,0.26182237600922725,1
F1 m=3 r=35%,surface_sensor_wmape,45,7,105,1,5–10%,66,611,0.10801963993453355,0.52864157119476274,0.5870049980776626,0.82299115724721261,0.40868896578239144,1
F1 m=3 r=35%,surface_sensor_wmape,45,7,105,2,10–15%,15,611,0.024549918166939442,0.6366612111292963,0.99707804690503654,0.99876970396001541,0.74502114571318723,1
F1 m=3 r=35%,surface_sensor_wmape,45,7,105,3,15–20%,13,611,0.021276595744680851,0.66121112929623571,0.9831603229527105,0.61737793156478282,0.35040369088811996,1
F1 m=3 r=35%,surface_sensor_wmape,45,7,105,4,≥20%,69,611,0.11292962356792144,0.68248772504091659,0.73933102652825844,0.088581314878892731,0.15086505190311419,1
F1 m=3 r=35%,surface_sensor_wmape,45,7,105,5,not lit,125,611,0.20458265139116202,0.79541734860883806,0.55000000000000004,0.55000000000000004,0.55000000000000004,1
F1 m=3 r=35%,surface_sensor_wmape,45,8,120,0,0–5%,872,1778,0.49043869516310462,0,0.047981545559400242,0.49642445213379471,0.26182237600922725,1
F1 m=3 r=35%,surface_sensor_wmape,45,8,120,1,5–10%,170,1778,0.095613048368953887,0.49043869516310462,0.5870049980776626,0.82299115724721261,0.40868896578239144,1
F1 m=3 r=35%,surface_sensor_wmape,45,8,120,2,10–15%,71,1778,0.039932508436445448,0.58605174353205847,0.99707804690503654,0.99876970396001541,0.74502114571318723,1
F1 m=3 r=35%,surface_sensor_wmape,45,8,120,3,15–20%,26,1778,0.014623172103487065,0.62598425196850394,0.9831603229527105,0.61737793156478282,0.35040369088811996,1
F1 m=3 r=35%,surface_sensor_wmape,45,8,120,4,≥20%,155,1778,0.087176602924634417,0.64060742407199101,0.73933102652825844,0.088581314878892731,0.15086505190311419,1
F1 m=3 r=35%,surface_sensor_wmape,45,8,120,5,not lit,484,1778,0.27221597300337458,0.72778402699662537,0.55000000000000004,0.55000000000000004,0.55000000000000004,1
F1 m=3 r=35%,surface_sensor_wmape,45,9,135,0,0–5%,118,188,0.62765957446808507,0,0.047981545559400242,0.49642445213379471,0.26182237600922725,1
F1 m=3 r=35%,surface_sensor_wmape,45,9,135,1,5–10%,10,188,0.053191489361702128,0.62765957446808507,0.5870049980776626,0.82299115724721261,0.40868896578239144,1
F1 m=3 r=35%,surface_sensor_wmape,45,9,135,2,10–15%,8,188,0.042553191489361701,0.68085106382978722,0.99707804690503654,0.99876970396001541,0.74502114571318723,1
F1 m=3 r=35%,surface_sensor_wmape,45,9,135,3,15–20%,3,188,0.015957446808510637,0.72340425531914887,0.9831603229527105,0.61737793156478282,0.35040369088811996,1
F1 m=3 r=35%,surface_sensor_wmape,45,9,135,4,≥20%,10,188,0.053191489361702128,0.7393617021276595,0.73933102652825844,0.088581314878892731,0.15086505190311419,1
F1 m=3 r=35%,surface_sensor_wmape,45,9,135,5,not lit,39,188,0.20744680851063829,0.79255319148936165,0.55000000000000004,0.55000000000000004,0.55000000000000004,1
F1 m=3 r=35%,surface_sensor_wmape,45,10,150,0,0–5%,272,456,0.59649122807017541,0,0.047981545559400242,0.49642445213379471,0.26182237600922725,1
F1 m=3 r=35%,surface_sensor_wmape,45,10,150,1,5–10%,39,456,0.085526315789473686,0.59649122807017541,0.5870049980776626,0.82299115724721261,0.40868896578239144,1
F1 m=3 r=35%,surface_sensor_wmape,45,10,150,2,10–15%,14,456,0.030701754385964911,0.68201754385964908,0.99707804690503654,0.99876970396001541,0.74502114571318723,1
F1 m=3 r=35%,surface_sensor_wmape,45,10,150,3,15–20%,5,456,0.010964912280701754,0.71271929824561397,0.9831603229527105,0.61737793156478282,0.35040369088811996,1
F1 m=3 r=35%,surface_sensor_wmape,45,10,150,4,≥20%,30,456,0.065789473684210523,0.72368421052631571,0.73933102652825844,0.088581314878892731,0.15086505190311419,1
F1 m=3 r=35%,surface_sensor_wmape,45,10,150,5,not lit,96,456,0.21052631578947367,0.78947368421052622,0.55000000000000004,0.55000000000000004,0.55000000000000004,1
F1 m=3 r=35%,surface_sensor_wmape,45,11,165,0,0–5%,564,907,0.62183020948180812,0,0.047981545559400242,0.49642445213379471,0.26182237600922725,1
F1 m=3 r=35%,surface_sensor_wmape,45,11,165,1,5–10%,48,907,0.052921719955898568,0.62183020948180812,0.5870049980776626,0.82299115724721261,0.40868896578239144,1
F1 m=3 r=35%,surface_sensor_wmape,45,11,165,2,10–15%,19,907,0.020948180815876516,0.67475192943770668,0.99707804690503654,0.99876970396001541,0.74502114571318723,1
F1 m=3 r=35%,surface_sensor_wmape,45,11,165,3,15–20%,15,907,0.016538037486218304,0.69570011025358314,0.9831603229527105,0.61737793156478282,0.35040369088811996,1
F1 m=3 r=35%,surface_sensor_wmape,45,11,165,4,≥20%,51,907,0.056229327453142228,0.71223814773980143,0.73933102652825844,0.088581314878892731,0.15086505190311419,1
F1 m=3 r=35%,surface_sensor_wmape,45,11,165,5,not lit,210,907,0.23153252480705622,0.76846747519294367,0.55000000000000004,0.55000000000000004,0.55000000000000004,1
F1 m=3 r=35%,surface_sensor_wmape,45,12,180,0,0–5%,141,276,0.51086956521739135,0,0.047981545559400242,0.49642445213379471,0.26182237600922725,1
F1 m=3 r=35%,surface_sensor_wmape,45,12,180,1,5–10%,29,276,0.10507246376811594,0.51086956521739135,0.5870049980776626,0.82299115724721261,0.40868896578239144,1
F1 m=3 r=35%,surface_sensor_wmape,45,12,180,2,10–15%,12,276,0.043478260869565216,0.61594202898550732,0.99707804690503654,0.99876970396001541,0.74502114571318723,1
F1 m=3 r=35%,surface_sensor_wmape,45,12,180,3,15–20%,4,276,0.014492753623188406,0.65942028985507251,0.9831603229527105,0.61737793156478282,0.35040369088811996,1
F1 m=3 r=35%,surface_sensor_wmape,45,12,180,4,≥20%,37,276,0.13405797101449277,0.67391304347826086,0.73933102652825844,0.088581314878892731,0.15086505190311419,1
F1 m=3 r=35%,surface_sensor_wmape,45,12,180,5,not lit,53,276,0.19202898550724637,0.80797101449275366,0.55000000000000004,0.55000000000000004,0.55000000000000004,1
F1 m=3 r=35%,surface_sensor_wmape,45,13,195,0,0–5%,400,610,0.65573770491803274,0,0.047981545559400242,0.49642445213379471,0.26182237600922725,1
F1 m=3 r=35%,surface_sensor_wmape,45,13,195,1,5–10%,41,610,0.067213114754098358,0.65573770491803274,0.5870049980776626,0.82299115724721261,0.40868896578239144,1
F1 m=3 r=35%,surface_sensor_wmape,45,13,195,2,10–15%,16,610,0.026229508196721311,0.72295081967213104,0.99707804690503654,0.99876970396001541,0.74502114571318723,1
F1 m=3 r=35%,surface_sensor_wmape,45,13,195,3,15–20%,10,610,0.016393442622950821,0.74918032786885236,0.9831603229527105,0.61737793156478282,0.35040369088811996,1
F1 m=3 r=35%,surface_sensor_wmape,45,13,195,4,≥20%,41,610,0.067213114754098358,0.7655737704918032,0.73933102652825844,0.088581314878892731,0.15086505190311419,1
F1 m=3 r=35%,surface_sensor_wmape,45,13,195,5,not lit,102,610,0.16721311475409836,0.8327868852459015,0.55000000000000004,0.55000000000000004,0.55000000000000004,1
F1 m=3 r=35%,surface_sensor_wmape,45,14,210,0,0–5%,996,1679,0.59321024419297197,0,0.047981545559400242,0.49642445213379471,0.26182237600922725,1
F1 m=3 r=35%,surface_sensor_wmape,45,14,210,1,5–10%,206,1679,0.12269207861822513,0.59321024419297197,0.5870049980776626,0.82299115724721261,0.40868896578239144,1
F1 m=3 r=35%,surface_sensor_wmape,45,14,210,2,10–15%,66,1679,0.039309112567004166,0.71590232281119714,0.99707804690503654,0.99876970396001541,0.74502114571318723,1
F1 m=3 r=35%,surface_sensor_wmape,45,14,210,3,15–20%,23,1679,0.013698630136986301,0.75521143537820135,0.9831603229527105,0.61737793156478282,0.35040369088811996,1
F1 m=3 r=35%,surface_sensor_wmape,45,14,210,4,≥20%,89,1679,0.053007742703990474,0.7689100655151877,0.73933102652825844,0.088581314878892731,0.15086505190311419,1
F1 m=3 r=35%,surface_sensor_wmape,45,14,210,5,not lit,299,1679,0.17808219178082191,0.82191780821917815,0.55000000000000004,0.55000000000000004,0.55000000000000004,1
F1 m=3 r=35%,surface_sensor_wmape,45,15,225,0,0–5%,119,197,0.60406091370558379,0,0.047981545559400242,0.49642445213379471,0.26182237600922725,1
F1 m=3 r=35%,surface_sensor_wmape,45,15,225,1,5–10%,18,197,0.091370558375634514,0.60406091370558379,0.5870049980776626,0.82299115724721261,0.40868896578239144,1
F1 m=3 r=35%,surface_sensor_wmape,45,15,225,2,10–15%,14,197,0.071065989847715741,0.69543147208121825,0.99707804690503654,0.99876970396001541,0.74502114571318723,1
F1 m=3 r=35%,surface_sensor_wmape,45,15,225,3,15–20%,9,197,0.045685279187817257,0.76649746192893398,0.9831603229527105,0.61737793156478282,0.35040369088811996,1
F1 m=3 r=35%,surface_sensor_wmape,45,15,225,4,≥20%,18,197,0.091370558375634514,0.81218274111675126,0.73933102652825844,0.088581314878892731,0.15086505190311419,1
F1 m=3 r=35%,surface_sensor_wmape,45,15,225,5,not lit,19,197,0.096446700507614211,0.90355329949238583,0.55000000000000004,0.55000000000000004,0.55000000000000004,1
F1 m=3 r=35%,surface_sensor_wmape,45,16,240,0,0–5%,257,407,0.6314496314496314,0,0.047981545559400242,0.49642445213379471,0.26182237600922725,1
F1 m=3 r=35%,surface_sensor_wmape,45,16,240,1,5–10%,27,407,0.066339066339066333,0.6314496314496314,0.5870049980776626,0.82299115724721261,0.40868896578239144,1
F1 m=3 r=35%,surface_sensor_wmape,45,16,240,2,10–15%,25,407,0.061425061425061427,0.69778869778869779,0.99707804690503654,0.99876970396001541,0.74502114571318723,1
F1 m=3 r=35%,surface_sensor_wmape,45,16,240,3,15–20%,8,407,0.019656019656019656,0.75921375921375922,0.9831603229527105,0.61737793156478282,0.35040369088811996,1
F1 m=3 r=35%,surface_sensor_wmape,45,16,240,4,≥20%,42,407,0.10319410319410319,0.77886977886977893,0.73933102652825844,0.088581314878892731,0.15086505190311419,1
F1 m=3 r=35%,surface_sensor_wmape,45,16,240,5,not lit,48,407,0.11793611793611794,0.88206388206388209,0.55000000000000004,0.55000000000000004,0.55000000000000004,1
F1 m=3 r=35%,surface_sensor_wmape,45,17,255,0,0–5%,524,815,0.64294478527607357,0,0.047981545559400242,0.49642445213379471,0.26182237600922725,1
F1 m=3 r=35%,surface_sensor_wmape,45,17,255,1,5–10%,82,815,0.10061349693251534,0.64294478527607357,0.5870049980776626,0.82299115724721261,0.40868896578239144,1
F1 m=3 r=35%,surface_sensor_wmape,45,17,255,2,10–15%,27,815,0.033128834355828224,0.74355828220858888,0.99707804690503654,0.99876970396001541,0.74502114571318723,1
F1 m=3 r=35%,surface_sensor_wmape,45,17,255,3,15–20%,17,815,0.020858895705521473,0.77668711656441713,0.9831603229527105,0.61737793156478282,0.35040369088811996,1
F1 m=3 r=35%,surface_sensor_wmape,45,17,255,4,≥20%,72,815,0.088343558282208592,0.7975460122699386,0.73933102652825844,0.088581314878892731,0.15086505190311419,1
F1 m=3 r=35%,surface_sensor_wmape,45,17,255,5,not lit,93,815,0.11411042944785275,0.88588957055214723,0.55000000000000004,0.55000000000000004,0.55000000000000004,1
F1 m=3 r=35%,surface_sensor_wmape,45,18,270,0,0–5%,110,265,0.41509433962264153,0,0.047981545559400242,0.49642445213379471,0.26182237600922725,1
F1 m=3 r=35%,surface_sensor_wmape,45,18,270,1,5–10%,38,265,0.14339622641509434,0.41509433962264153,0.5870049980776626,0.82299115724721261,0.40868896578239144,1
F1 m=3 r=35%,surface_sensor_wmape,45,18,270,2,10–15%,19,265,0.071698113207547168,0.55849056603773584,0.99707804690503654,0.99876970396001541,0.74502114571318723,1
F1 m=3 r=35%,surface_sensor_wmape,45,18,270,3,15–20%,10,265,0.037735849056603772,0.63018867924528299,0.9831603229527105,0.61737793156478282,0.35040369088811996,1
F1 m=3 r=35%,surface_sensor_wmape,45,18,270,4,≥20%,53,265,0.20000000000000001,0.66792452830188676,0.73933102652825844,0.088581314878892731,0.15086505190311419,1
F1 m=3 r=35%,surface_sensor_wmape,45,18,270,5,not lit,35,265,0.13207547169811321,0.86792452830188682,0.55000000000000004,0.55000000000000004,0.55000000000000004,1
F1 m=3 r=35%,surface_sensor_wmape,45,19,285,0,0–5%,328,609,0.53858784893267653,0,0.047981545559400242,0.49642445213379471,0.26182237600922725,1
F1 m=3 r=35%,surface_sensor_wmape,45,19,285,1,5–10%,55,609,0.090311986863711002,0.53858784893267653,0.5870049980776626,0.82299115724721261,0.40868896578239144,1
F1 m=3 r=35%,surface_sensor_wmape,45,19,285,2,10–15%,27,609,0.044334975369458129,0.62889983579638753,0.99707804690503654,0.99876970396001541,0.74502114571318723,1
F1 m=3 r=35%,surface_sensor_wmape,45,19,285,3,15–20%,21,609,0.034482758620689655,0.67323481116584571,0.9831603229527105,0.61737793156478282,0.35040369088811996,1
F1 m=3 r=35%,surface_sensor_wmape,45,19,285,4,≥20%,72,609,0.11822660098522167,0.70771756978653533,0.73933102652825844,0.088581314878892731,0.15086505190311419,1
F1 m=3 r=35%,surface_sensor_wmape,45,19,285,5,not lit,106,609,0.17405582922824303,0.82594417077175697,0.55000000000000004,0.55000000000000004,0.55000000000000004,1
F1 m=3 r=35%,surface_sensor_wmape,45,20,300,0,0–5%,687,1781,0.3857383492419989,0,0.047981545559400242,0.49642445213379471,0.26182237600922725,1
F1 m=3 r=35%,surface_sensor_wmape,45,20,300,1,5–10%,207,1781,0.11622683885457608,0.3857383492419989,0.5870049980776626,0.82299115724721261,0.40868896578239144,1
F1 m=3 r=35%,surface_sensor_wmape,45,20,300,2,10–15%,106,1781,0.059517125210555868,0.50196518809657498,0.99707804690503654,0.99876970396001541,0.74502114571318723,1
F1 m=3 r=35%,surface_sensor_wmape,45,20,300,3,15–20%,53,1781,0.029758562605277934,0.56148231330713083,0.9831603229527105,0.61737793156478282,0.35040369088811996,1
F1 m=3 r=35%,surface_sensor_wmape,45,20,300,4,≥20%,169,1781,0.094890510948905105,0.59124087591240881,0.73933102652825844,0.088581314878892731,0.15086505190311419,1
F1 m=3 r=35%,surface_sensor_wmape,45,20,300,5,not lit,559,1781,0.31386861313868614,0.68613138686131392,0.55000000000000004,0.55000000000000004,0.55000000000000004,1
F1 m=3 r=35%,surface_sensor_wmape,45,21,315,0,0–5%,56,190,0.29473684210526313,0,0.047981545559400242,0.49642445213379471,0.26182237600922725,1
F1 m=3 r=35%,surface_sensor_wmape,45,21,315,1,5–10%,34,190,0.17894736842105263,0.29473684210526313,0.5870049980776626,0.82299115724721261,0.40868896578239144,1
F1 m=3 r=35%,surface_sensor_wmape,45,21,315,2,10–15%,24,190,0.12631578947368421,0.47368421052631576,0.99707804690503654,0.99876970396001541,0.74502114571318723,1
F1 m=3 r=35%,surface_sensor_wmape,45,21,315,3,15–20%,8,190,0.042105263157894736,0.59999999999999998,0.9831603229527105,0.61737793156478282,0.35040369088811996,1
F1 m=3 r=35%,surface_sensor_wmape,45,21,315,4,≥20%,37,190,0.19473684210526315,0.64210526315789473,0.73933102652825844,0.088581314878892731,0.15086505190311419,1
F1 m=3 r=35%,surface_sensor_wmape,45,21,315,5,not lit,31,190,0.16315789473684211,0.83684210526315783,0.55000000000000004,0.55000000000000004,0.55000000000000004,1
F1 m=3 r=35%,surface_sensor_wmape,45,22,330,0,0–5%,109,442,0.24660633484162897,0,0.047981545559400242,0.49642445213379471,0.26182237600922725,1
F1 m=3 r=35%,surface_sensor_wmape,45,22,330,1,5–10%,41,442,0.092760180995475117,0.24660633484162897,0.5870049980776626,0.82299115724721261,0.40868896578239144,1
F1 m=3 r=35%,surface_sensor_wmape,45,22,330,2,10–15%,28,442,0.063348416289592757,0.33936651583710409,0.99707804690503654,0.99876970396001541,0.74502114571318723,1
F1 m=3 r=35%,surface_sensor_wmape,45,22,330,3,15–20%,31,442,0.070135746606334842,0.40271493212669685,0.9831603229527105,0.61737793156478282,0.35040369088811996,1
F1 m=3 r=35%,surface_sensor_wmape,45,22,330,4,≥20%,115,442,0.26018099547511314,0.47285067873303166,0.73933102652825844,0.088581314878892731,0.15086505190311419,1
F1 m=3 r=35%,surface_sensor_wmape,45,22,330,5,not lit,118,442,0.2669683257918552,0.73303167420814486,0.55000000000000004,0.55000000000000004,0.55000000000000004,1
F1 m=3 r=35%,surface_sensor_wmape,45,23,345,0,0–5%,244,924,0.26406926406926406,0,0.047981545559400242,0.49642445213379471,0.26182237600922725,1
F1 m=3 r=35%,surface_sensor_wmape,45,23,345,1,5–10%,97,924,0.10497835497835498,0.26406926406926406,0.5870049980776626,0.82299115724721261,0.40868896578239144,1
F1 m=3 r=35%,surface_sensor_wmape,45,23,345,2,10–15%,56,924,0.060606060606060608,0.36904761904761907,0.99707804690503654,0.99876970396001541,0.74502114571318723,1
F1 m=3 r=35%,surface_sensor_wmape,45,23,345,3,15–20%,42,924,0.045454545454545456,0.42965367965367968,0.9831603229527105,0.61737793156478282,0.35040369088811996,1
F1 m=3 r=35%,surface_sensor_wmape,45,23,345,4,≥20%,209,924,0.22619047619047619,0.47510822510822515,0.73933102652825844,0.088581314878892731,0.15086505190311419,1
F1 m=3 r=35%,surface_sensor_wmape,45,23,345,5,not lit,276,924,0.29870129870129869,0.70129870129870131,0.55000000000000004,0.55000000000000004,0.55000000000000004,1
F1 m=3 r=35%,surface_sensor_wmape,60,0,0,0,0–5%,49,290,0.16896551724137931,0,0.047981545559400242,0.49642445213379471,0.26182237600922725,1
F1 m=3 r=35%,surface_sensor_wmape,60,0,0,1,5–10%,32,290,0.1103448275862069,0.16896551724137931,0.5870049980776626,0.82299115724721261,0.40868896578239144,1
F1 m=3 r=35%,surface_sensor_wmape,60,0,0,2,10–15%,26,290,0.089655172413793102,0.27931034482758621,0.99707804690503654,0.99876970396001541,0.74502114571318723,1
F1 m=3 r=35%,surface_sensor_wmape,60,0,0,3,15–20%,18,290,0.062068965517241378,0.36896551724137933,0.9831603229527105,0.61737793156478282,0.35040369088811996,1
F1 m=3 r=35%,surface_sensor_wmape,60,0,0,4,≥20%,80,290,0.27586206896551724,0.43103448275862072,0.73933102652825844,0.088581314878892731,0.15086505190311419,1
F1 m=3 r=35%,surface_sensor_wmape,60,0,0,5,not lit,85,290,0.29310344827586204,0.7068965517241379,0.55000000000000004,0.55000000000000004,0.55000000000000004,1
F1 m=3 r=35%,surface_sensor_wmape,60,1,15,0,0–5%,161,637,0.25274725274725274,0,0.047981545559400242,0.49642445213379471,0.26182237600922725,1
F1 m=3 r=35%,surface_sensor_wmape,60,1,15,1,5–10%,86,637,0.13500784929356358,0.25274725274725274,0.5870049980776626,0.82299115724721261,0.40868896578239144,1
F1 m=3 r=35%,surface_sensor_wmape,60,1,15,2,10–15%,47,637,0.07378335949764521,0.38775510204081631,0.99707804690503654,0.99876970396001541,0.74502114571318723,1
F1 m=3 r=35%,surface_sensor_wmape,60,1,15,3,15–20%,26,637,0.040816326530612242,0.46153846153846151,0.9831603229527105,0.61737793156478282,0.35040369088811996,1
F1 m=3 r=35%,surface_sensor_wmape,60,1,15,4,≥20%,176,637,0.27629513343799056,0.50235478806907374,0.73933102652825844,0.088581314878892731,0.15086505190311419,1
F1 m=3 r=35%,surface_sensor_wmape,60,1,15,5,not lit,141,637,0.22135007849293564,0.77864992150706436,0.55000000000000004,0.55000000000000004,0.55000000000000004,1
F1 m=3 r=35%,surface_sensor_wmape,60,2,30,0,0–5%,463,1703,0.27187316500293601,0,0.047981545559400242,0.49642445213379471,0.26182237600922725,1
F1 m=3 r=35%,surface_sensor_wmape,60,2,30,1,5–10%,265,1703,0.15560775102759836,0.27187316500293601,0.5870049980776626,0.82299115724721261,0.40868896578239144,1
F1 m=3 r=35%,surface_sensor_wmape,60,2,30,2,10–15%,159,1703,0.09336465061655902,0.4274809160305344,0.99707804690503654,0.99876970396001541,0.74502114571318723,1
F1 m=3 r=35%,surface_sensor_wmape,60,2,30,3,15–20%,93,1703,0.054609512624779803,0.52084556664709347,0.9831603229527105,0.61737793156478282,0.35040369088811996,1
F1 m=3 r=35%,surface_sensor_wmape,60,2,30,4,≥20%,295,1703,0.17322372284204346,0.57545507927187323,0.73933102652825844,0.088581314878892731,0.15086505190311419,1
F1 m=3 r=35%,surface_sensor_wmape,60,2,30,5,not lit,428,1703,0.25132119788608337,0.74867880211391669,0.55000000000000004,0.55000000000000004,0.55000000000000004,1
F1 m=3 r=35%,surface_sensor_wmape,60,3,45,0,0–5%,62,187,0.33155080213903743,0,0.047981545559400242,0.49642445213379471,0.26182237600922725,1
F1 m=3 r=35%,surface_sensor_wmape,60,3,45,1,5–10%,30,187,0.16042780748663102,0.33155080213903743,0.5870049980776626,0.82299115724721261,0.40868896578239144,1
F1 m=3 r=35%,surface_sensor_wmape,60,3,45,2,10–15%,15,187,0.080213903743315509,0.49197860962566842,0.99707804690503654,0.99876970396001541,0.74502114571318723,1
F1 m=3 r=35%,surface_sensor_wmape,60,3,45,3,15–20%,13,187,0.069518716577540107,0.57219251336898391,0.9831603229527105,0.61737793156478282,0.35040369088811996,1
F1 m=3 r=35%,surface_sensor_wmape,60,3,45,4,≥20%,30,187,0.16042780748663102,0.64171122994652396,0.73933102652825844,0.088581314878892731,0.15086505190311419,1
F1 m=3 r=35%,surface_sensor_wmape,60,3,45,5,not lit,37,187,0.19786096256684493,0.80213903743315496,0.55000000000000004,0.55000000000000004,0.55000000000000004,1
F1 m=3 r=35%,surface_sensor_wmape,60,4,60,0,0–5%,219,412,0.53155339805825241,0,0.047981545559400242,0.49642445213379471,0.26182237600922725,1
F1 m=3 r=35%,surface_sensor_wmape,60,4,60,1,5–10%,37,412,0.089805825242718448,0.53155339805825241,0.5870049980776626,0.82299115724721261,0.40868896578239144,1
F1 m=3 r=35%,surface_sensor_wmape,60,4,60,2,10–15%,19,412,0.046116504854368932,0.62135922330097082,0.99707804690503654,0.99876970396001541,0.74502114571318723,1
F1 m=3 r=35%,surface_sensor_wmape,60,4,60,3,15–20%,12,412,0.029126213592233011,0.66747572815533973,0.9831603229527105,0.61737793156478282,0.35040369088811996,1
F1 m=3 r=35%,surface_sensor_wmape,60,4,60,4,≥20%,59,412,0.14320388349514562,0.69660194174757273,0.73933102652825844,0.088581314878892731,0.15086505190311419,1
F1 m=3 r=35%,surface_sensor_wmape,60,4,60,5,not lit,66,412,0.16019417475728157,0.8398058252427183,0.55000000000000004,0.55000000000000004,0.55000000000000004,1
F1 m=3 r=35%,surface_sensor_wmape,60,5,75,0,0–5%,415,826,0.50242130750605329,0,0.047981545559400242,0.49642445213379471,0.26182237600922725,1
F1 m=3 r=35%,surface_sensor_wmape,60,5,75,1,5–10%,93,826,0.11259079903147699,0.50242130750605329,0.5870049980776626,0.82299115724721261,0.40868896578239144,1
F1 m=3 r=35%,surface_sensor_wmape,60,5,75,2,10–15%,48,826,0.058111380145278453,0.61501210653753025,0.99707804690503654,0.99876970396001541,0.74502114571318723,1
F1 m=3 r=35%,surface_sensor_wmape,60,5,75,3,15–20%,25,826,0.03026634382566586,0.67312348668280875,0.9831603229527105,0.61737793156478282,0.35040369088811996,1
F1 m=3 r=35%,surface_sensor_wmape,60,5,75,4,≥20%,139,826,0.16828087167070219,0.70338983050847459,0.73933102652825844,0.088581314878892731,0.15086505190311419,1
F1 m=3 r=35%,surface_sensor_wmape,60,5,75,5,not lit,106,826,0.12832929782082325,0.87167070217917675,0.55000000000000004,0.55000000000000004,0.55000000000000004,1
F1 m=3 r=35%,surface_sensor_wmape,60,6,90,0,0–5%,113,286,0.3951048951048951,0,0.047981545559400242,0.49642445213379471,0.26182237600922725,1
F1 m=3 r=35%,surface_sensor_wmape,60,6,90,1,5–10%,46,286,0.16083916083916083,0.3951048951048951,0.5870049980776626,0.82299115724721261,0.40868896578239144,1
F1 m=3 r=35%,surface_sensor_wmape,60,6,90,2,10–15%,21,286,0.073426573426573424,0.55594405594405594,0.99707804690503654,0.99876970396001541,0.74502114571318723,1
F1 m=3 r=35%,surface_sensor_wmape,60,6,90,3,15–20%,14,286,0.048951048951048952,0.62937062937062938,0.9831603229527105,0.61737793156478282,0.35040369088811996,1
F1 m=3 r=35%,surface_sensor_wmape,60,6,90,4,≥20%,55,286,0.19230769230769232,0.67832167832167833,0.73933102652825844,0.088581314878892731,0.15086505190311419,1
F1 m=3 r=35%,surface_sensor_wmape,60,6,90,5,not lit,37,286,0.12937062937062938,0.87062937062937062,0.55000000000000004,0.55000000000000004,0.55000000000000004,1
F1 m=3 r=35%,surface_sensor_wmape,60,7,105,0,0–5%,302,611,0.49427168576104746,0,0.047981545559400242,0.49642445213379471,0.26182237600922725,1
F1 m=3 r=35%,surface_sensor_wmape,60,7,105,1,5–10%,61,611,0.099836333878887074,0.49427168576104746,0.5870049980776626,0.82299115724721261,0.40868896578239144,1
F1 m=3 r=35%,surface_sensor_wmape,60,7,105,2,10–15%,31,611,0.050736497545008183,0.59410801963993454,0.99707804690503654,0.99876970396001541,0.74502114571318723,1
F1 m=3 r=35%,surface_sensor_wmape,60,7,105,3,15–20%,13,611,0.021276595744680851,0.64484451718494273,0.9831603229527105,0.61737793156478282,0.35040369088811996,1
F1 m=3 r=35%,surface_sensor_wmape,60,7,105,4,≥20%,70,611,0.11456628477905073,0.66612111292962362,0.73933102652825844,0.088581314878892731,0.15086505190311419,1
F1 m=3 r=35%,surface_sensor_wmape,60,7,105,5,not lit,134,611,0.21931260229132571,0.78068739770867435,0.55000000000000004,0.55000000000000004,0.55000000000000004,1
F1 m=3 r=35%,surface_sensor_wmape,60,8,120,0,0–5%,788,1778,0.44319460067491562,0,0.047981545559400242,0.49642445213379471,0.26182237600922725,1
F1 m=3 r=35%,surface_sensor_wmape,60,8,120,1,5–10%,181,1778,0.10179977502812149,0.44319460067491562,0.5870049980776626,0.82299115724721261,0.40868896578239144,1
F1 m=3 r=35%,surface_sensor_wmape,60,8,120,2,10–15%,73,1778,0.04105736782902137,0.5449943757030371,0.99707804690503654,0.99876970396001541,0.74502114571318723,1
F1 m=3 r=35%,surface_sensor_wmape,60,8,120,3,15–20%,46,1778,0.025871766029246346,0.58605174353205847,0.9831603229527105,0.61737793156478282,0.35040369088811996,1
F1 m=3 r=35%,surface_sensor_wmape,60,8,120,4,≥20%,157,1778,0.088301462317210352,0.61192350956130481,0.73933102652825844,0.088581314878892731,0.15086505190311419,1
F1 m=3 r=35%,surface_sensor_wmape,60,8,120,5,not lit,533,1778,0.29977502812148482,0.70022497187851518,0.55000000000000004,0.55000000000000004,0.55000000000000004,1
F1 m=3 r=35%,surface_sensor_wmape,60,9,135,0,0–5%,106,188,0.56382978723404253,0,0.047981545559400242,0.49642445213379471,0.26182237600922725,1
F1 m=3 r=35%,surface_sensor_wmape,60,9,135,1,5–10%,20,188,0.10638297872340426,0.56382978723404253,0.5870049980776626,0.82299115724721261,0.40868896578239144,1
F1 m=3 r=35%,surface_sensor_wmape,60,9,135,2,10–15%,0,188,0,0.67021276595744683,0.99707804690503654,0.99876970396001541,0.74502114571318723,1
F1 m=3 r=35%,surface_sensor_wmape,60,9,135,3,15–20%,6,188,0.031914893617021274,0.67021276595744683,0.9831603229527105,0.61737793156478282,0.35040369088811996,1
F1 m=3 r=35%,surface_sensor_wmape,60,9,135,4,≥20%,17,188,0.090425531914893623,0.7021276595744681,0.73933102652825844,0.088581314878892731,0.15086505190311419,1
F1 m=3 r=35%,surface_sensor_wmape,60,9,135,5,not lit,39,188,0.20744680851063829,0.79255319148936176,0.55000000000000004,0.55000000000000004,0.55000000000000004,1
F1 m=3 r=35%,surface_sensor_wmape,60,10,150,0,0–5%,264,456,0.57894736842105265,0,0.047981545559400242,0.49642445213379471,0.26182237600922725,1
F1 m=3 r=35%,surface_sensor_wmape,60,10,150,1,5–10%,36,456,0.078947368421052627,0.57894736842105265,0.5870049980776626,0.82299115724721261,0.40868896578239144,1
F1 m=3 r=35%,surface_sensor_wmape,60,10,150,2,10–15%,9,456,0.019736842105263157,0.65789473684210531,0.99707804690503654,0.99876970396001541,0.74502114571318723,1
F1 m=3 r=35%,surface_sensor_wmape,60,10,150,3,15–20%,3,456,0.0065789473684210523,0.67763157894736847,0.9831603229527105,0.61737793156478282,0.35040369088811996,1
F1 m=3 r=35%,surface_sensor_wmape,60,10,150,4,≥20%,38,456,0.083333333333333329,0.68421052631578949,0.73933102652825844,0.088581314878892731,0.15086505190311419,1
F1 m=3 r=35%,surface_sensor_wmape,60,10,150,5,not lit,106,456,0.23245614035087719,0.76754385964912286,0.55000000000000004,0.55000000000000004,0.55000000000000004,1
F1 m=3 r=35%,surface_sensor_wmape,60,11,165,0,0–5%,517,907,0.57001102535832415,0,0.047981545559400242,0.49642445213379471,0.26182237600922725,1
F1 m=3 r=35%,surface_sensor_wmape,60,11,165,1,5–10%,61,907,0.067254685777287757,0.57001102535832415,0.5870049980776626,0.82299115724721261,0.40868896578239144,1
F1 m=3 r=35%,surface_sensor_wmape,60,11,165,2,10–15%,32,907,0.035281146637265712,0.63726571113561192,0.99707804690503654,0.99876970396001541,0.74502114571318723,1
F1 m=3 r=35%,surface_sensor_wmape,60,11,165,3,15–20%,14,907,0.015435501653803748,0.67254685777287759,0.9831603229527105,0.61737793156478282,0.35040369088811996,1
F1 m=3 r=35%,surface_sensor_wmape,60,11,165,4,≥20%,68,907,0.074972436604189632,0.68798235942668129,0.73933102652825844,0.088581314878892731,0.15086505190311419,1
F1 m=3 r=35%,surface_sensor_wmape,60,11,165,5,not lit,215,907,0.23704520396912901,0.76295479603087091,0.55000000000000004,0.55000000000000004,0.55000000000000004,1
F1 m=3 r=35%,surface_sensor_wmape,60,12,180,0,0–5%,133,276,0.48188405797101447,0,0.047981545559400242,0.49642445213379471,0.26182237600922725,1
F1 m=3 r=35%,surface_sensor_wmape,60,12,180,1,5–10%,29,276,0.10507246376811594,0.48188405797101447,0.5870049980776626,0.82299115724721261,0.40868896578239144,1
F1 m=3 r=35%,surface_sensor_wmape,60,12,180,2,10–15%,12,276,0.043478260869565216,0.58695652173913038,0.99707804690503654,0.99876970396001541,0.74502114571318723,1
F1 m=3 r=35%,surface_sensor_wmape,60,12,180,3,15–20%,5,276,0.018115942028985508,0.63043478260869557,0.9831603229527105,0.61737793156478282,0.35040369088811996,1
F1 m=3 r=35%,surface_sensor_wmape,60,12,180,4,≥20%,42,276,0.15217391304347827,0.64855072463768104,0.73933102652825844,0.088581314878892731,0.15086505190311419,1
F1 m=3 r=35%,surface_sensor_wmape,60,12,180,5,not lit,55,276,0.19927536231884058,0.80072463768115931,0.55000000000000004,0.55000000000000004,0.55000000000000004,1
F1 m=3 r=35%,surface_sensor_wmape,60,13,195,0,0–5%,396,610,0.64918032786885249,0,0.047981545559400242,0.49642445213379471,0.26182237600922725,1
F1 m=3 r=35%,surface_sensor_wmape,60,13,195,1,5–10%,39,610,0.063934426229508193,0.64918032786885249,0.5870049980776626,0.82299115724721261,0.40868896578239144,1
F1 m=3 r=35%,surface_sensor_wmape,60,13,195,2,10–15%,15,610,0.024590163934426229,0.71311475409836067,0.99707804690503654,0.99876970396001541,0.74502114571318723,1
F1 m=3 r=35%,surface_sensor_wmape,60,13,195,3,15–20%,11,610,0.018032786885245903,0.73770491803278693,0.9831603229527105,0.61737793156478282,0.35040369088811996,1
F1 m=3 r=35%,surface_sensor_wmape,60,13,195,4,≥20%,45,610,0.073770491803278687,0.75573770491803283,0.73933102652825844,0.088581314878892731,0.15086505190311419,1
F1 m=3 r=35%,surface_sensor_wmape,60,13,195,5,not lit,104,610,0.17049180327868851,0.82950819672131149,0.55000000000000004,0.55000000000000004,0.55000000000000004,1
F1 m=3 r=35%,surface_sensor_wmape,60,14,210,0,0–5%,920,1679,0.54794520547945202,0,0.047981545559400242,0.49642445213379471,0.26182237600922725,1
F1 m=3 r=35%,surface_sensor_wmape,60,14,210,1,5–10%,221,1679,0.13162596783799882,0.54794520547945202,0.5870049980776626,0.82299115724721261,0.40868896578239144,1
F1 m=3 r=35%,surface_sensor_wmape,60,14,210,2,10–15%,58,1679,0.034544371649791544,0.67957117331745087,0.99707804690503654,0.99876970396001541,0.74502114571318723,1
F1 m=3 r=35%,surface_sensor_wmape,60,14,210,3,15–20%,35,1679,0.02084574151280524,0.71411554496724239,0.9831603229527105,0.61737793156478282,0.35040369088811996,1
F1 m=3 r=35%,surface_sensor_wmape,60,14,210,4,≥20%,145,1679,0.086360929124478861,0.73496128648004766,0.73933102652825844,0.088581314878892731,0.15086505190311419,1
F1 m=3 r=35%,surface_sensor_wmape,60,14,210,5,not lit,300,1679,0.17867778439547349,0.82132221560452656,0.55000000000000004,0.55000000000000004,0.55000000000000004,1
F1 m=3 r=35%,surface_sensor_wmape,60,15,225,0,0–5%,111,197,0.56345177664974622,0,0.047981545559400242,0.49642445213379471,0.26182237600922725,1
F1 m=3 r=35%,surface_sensor_wmape,60,15,225,1,5–10%,25,197,0.12690355329949238,0.56345177664974622,0.5870049980776626,0.82299115724721261,0.40868896578239144,1
F1 m=3 r=35%,surface_sensor_wmape,60,15,225,2,10–15%,8,197,0.04060913705583756,0.69035532994923865,0.99707804690503654,0.99876970396001541,0.74502114571318723,1
F1 m=3 r=35%,surface_sensor_wmape,60,15,225,3,15–20%,10,197,0.050761421319796954,0.73096446700507622,0.9831603229527105,0.61737793156478282,0.35040369088811996,1
F1 m=3 r=35%,surface_sensor_wmape,60,15,225,4,≥20%,20,197,0.10152284263959391,0.78172588832487322,0.73933102652825844,0.088581314878892731,0.15086505190311419,1
F1 m=3 r=35%,surface_sensor_wmape,60,15,225,5,not lit,23,197,0.116751269035533,0.8832487309644671,0.55000000000000004,0.55000000000000004,0.55000000000000004,1
F1 m=3 r=35%,surface_sensor_wmape,60,16,240,0,0–5%,252,407,0.61916461916461918,0,0.047981545559400242,0.49642445213379471,0.26182237600922725,1
F1 m=3 r=35%,surface_sensor_wmape,60,16,240,1,5–10%,32,407,0.078624078624078622,0.61916461916461918,0.5870049980776626,0.82299115724721261,0.40868896578239144,1
F1 m=3 r=35%,surface_sensor_wmape,60,16,240,2,10–15%,17,407,0.041769041769041768,0.69778869778869779,0.99707804690503654,0.99876970396001541,0.74502114571318723,1
F1 m=3 r=35%,surface_sensor_wmape,60,16,240,3,15–20%,14,407,0.034398034398034398,0.73955773955773951,0.9831603229527105,0.61737793156478282,0.35040369088811996,1
F1 m=3 r=35%,surface_sensor_wmape,60,16,240,4,≥20%,41,407,0.10073710073710074,0.77395577395577386,0.73933102652825844,0.088581314878892731,0.15086505190311419,1
F1 m=3 r=35%,surface_sensor_wmape,60,16,240,5,not lit,51,407,0.12530712530712532,0.8746928746928746,0.55000000000000004,0.55000000000000004,0.55000000000000004,1
F1 m=3 r=35%,surface_sensor_wmape,60,17,255,0,0–5%,483,815,0.59263803680981597,0,0.047981545559400242,0.49642445213379471,0.26182237600922725,1
F1 m=3 r=35%,surface_sensor_wmape,60,17,255,1,5–10%,81,815,0.099386503067484658,0.59263803680981597,0.5870049980776626,0.82299115724721261,0.40868896578239144,1
F1 m=3 r=35%,surface_sensor_wmape,60,17,255,2,10–15%,38,815,0.046625766871165646,0.69202453987730062,0.99707804690503654,0.99876970396001541,0.74502114571318723,1
F1 m=3 r=35%,surface_sensor_wmape,60,17,255,3,15–20%,26,815,0.031901840490797549,0.73865030674846621,0.9831603229527105,0.61737793156478282,0.35040369088811996,1
F1 m=3 r=35%,surface_sensor_wmape,60,17,255,4,≥20%,95,815,0.1165644171779141,0.7705521472392638,0.73933102652825844,0.088581314878892731,0.15086505190311419,1
F1 m=3 r=35%,surface_sensor_wmape,60,17,255,5,not lit,92,815,0.11288343558282209,0.8871165644171779,0.55000000000000004,0.55000000000000004,0.55000000000000004,1
F1 m=3 r=35%,surface_sensor_wmape,60,18,270,0,0–5%,93,265,0.35094339622641507,0,0.047981545559400242,0.49642445213379471,0.26182237600922725,1
F1 m=3 r=35%,surface_sensor_wmape,60,18,270,1,5–10%,28,265,0.10566037735849057,0.35094339622641507,0.5870049980776626,0.82299115724721261,0.40868896578239144,1
F1 m=3 r=35%,surface_sensor_wmape,60,18,270,2,10–15%,24,265,0.09056603773584905,0.45660377358490567,0.99707804690503654,0.99876970396001541,0.74502114571318723,1
F1 m=3 r=35%,surface_sensor_wmape,60,18,270,3,15–20%,17,265,0.064150943396226415,0.54716981132075471,0.9831603229527105,0.61737793156478282,0.35040369088811996,1
F1 m=3 r=35%,surface_sensor_wmape,60,18,270,4,≥20%,65,265,0.24528301886792453,0.61132075471698111,0.73933102652825844,0.088581314878892731,0.15086505190311419,1
F1 m=3 r=35%,surface_sensor_wmape,60,18,270,5,not lit,38,265,0.14339622641509434,0.85660377358490569,0.55000000000000004,0.55000000000000004,0.55000000000000004,1
F1 m=3 r=35%,surface_sensor_wmape,60,19,285,0,0–5%,290,609,0.47619047619047616,0,0.047981545559400242,0.49642445213379471,0.26182237600922725,1
F1 m=3 r=35%,surface_sensor_wmape,60,19,285,1,5–10%,77,609,0.12643678160919541,0.47619047619047616,0.5870049980776626,0.82299115724721261,0.40868896578239144,1
F1 m=3 r=35%,surface_sensor_wmape,60,19,285,2,10–15%,27,609,0.044334975369458129,0.60262725779967163,0.99707804690503654,0.99876970396001541,0.74502114571318723,1
F1 m=3 r=35%,surface_sensor_wmape,60,19,285,3,15–20%,22,609,0.036124794745484398,0.64696223316912982,0.9831603229527105,0.61737793156478282,0.35040369088811996,1
F1 m=3 r=35%,surface_sensor_wmape,60,19,285,4,≥20%,81,609,0.13300492610837439,0.68308702791461418,0.73933102652825844,0.088581314878892731,0.15086505190311419,1
F1 m=3 r=35%,surface_sensor_wmape,60,19,285,5,not lit,112,609,0.18390804597701149,0.81609195402298851,0.55000000000000004,0.55000000000000004,0.55000000000000004,1
F1 m=3 r=35%,surface_sensor_wmape,60,20,300,0,0–5%,584,1781,0.32790567097136442,0,0.047981545559400242,0.49642445213379471,0.26182237600922725,1
F1 m=3 r=35%,surface_sensor_wmape,60,20,300,1,5–10%,224,1781,0.1257720381807973,0.32790567097136442,0.5870049980776626,0.82299115724721261,0.40868896578239144,1
F1 m=3 r=35%,surface_sensor_wmape,60,20,300,2,10–15%,118,1781,0.066254912970241442,0.45367770915216171,0.99707804690503654,0.99876970396001541,0.74502114571318723,1
F1 m=3 r=35%,surface_sensor_wmape,60,20,300,3,15–20%,55,1781,0.030881527231892195,0.51993262212240321,0.9831603229527105,0.61737793156478282,0.35040369088811996,1
F1 m=3 r=35%,surface_sensor_wmape,60,20,300,4,≥20%,211,1781,0.1184727681078046,0.5508141493542954,0.73933102652825844,0.088581314878892731,0.15086505190311419,1
F1 m=3 r=35%,surface_sensor_wmape,60,20,300,5,not lit,589,1781,0.33071308253790005,0.66928691746210001,0.55000000000000004,0.55000000000000004,0.55000000000000004,1
F1 m=3 r=35%,surface_sensor_wmape,60,21,315,0,0–5%,57,190,0.29999999999999999,0,0.047981545559400242,0.49642445213379471,0.26182237600922725,1
F1 m=3 r=35%,surface_sensor_wmape,60,21,315,1,5–10%,24,190,0.12631578947368421,0.29999999999999999,0.5870049980776626,0.82299115724721261,0.40868896578239144,1
F1 m=3 r=35%,surface_sensor_wmape,60,21,315,2,10–15%,15,190,0.078947368421052627,0.4263157894736842,0.99707804690503654,0.99876970396001541,0.74502114571318723,1
F1 m=3 r=35%,surface_sensor_wmape,60,21,315,3,15–20%,9,190,0.04736842105263158,0.50526315789473686,0.9831603229527105,0.61737793156478282,0.35040369088811996,1
F1 m=3 r=35%,surface_sensor_wmape,60,21,315,4,≥20%,47,190,0.24736842105263157,0.55263157894736847,0.73933102652825844,0.088581314878892731,0.15086505190311419,1
F1 m=3 r=35%,surface_sensor_wmape,60,21,315,5,not lit,38,190,0.20000000000000001,0.80000000000000004,0.55000000000000004,0.55000000000000004,0.55000000000000004,1
F1 m=3 r=35%,surface_sensor_wmape,60,22,330,0,0–5%,98,442,0.22171945701357465,0,0.047981545559400242,0.49642445213379471,0.26182237600922725,1
F1 m=3 r=35%,surface_sensor_wmape,60,22,330,1,5–10%,34,442,0.076923076923076927,0.22171945701357465,0.5870049980776626,0.82299115724721261,0.40868896578239144,1
F1 m=3 r=35%,surface_sensor_wmape,60,22,330,2,10–15%,25,442,0.056561085972850679,0.29864253393665158,0.99707804690503654,0.99876970396001541,0.74502114571318723,1
F1 m=3 r=35%,surface_sensor_wmape,60,22,330,3,15–20%,23,442,0.052036199095022627,0.35520361990950228,0.9831603229527105,0.61737793156478282,0.35040369088811996,1
F1 m=3 r=35%,surface_sensor_wmape,60,22,330,4,≥20%,136,442,0.30769230769230771,0.40723981900452488,0.73933102652825844,0.088581314878892731,0.15086505190311419,1
F1 m=3 r=35%,surface_sensor_wmape,60,22,330,5,not lit,126,442,0.28506787330316741,0.71493212669683259,0.55000000000000004,0.55000000000000004,0.55000000000000004,1
F1 m=3 r=35%,surface_sensor_wmape,60,23,345,0,0–5%,194,924,0.20995670995670995,0,0.047981545559400242,0.49642445213379471,0.26182237600922725,1
F1 m=3 r=35%,surface_sensor_wmape,60,23,345,1,5–10%,86,924,0.093073593073593072,0.20995670995670995,0.5870049980776626,0.82299115724721261,0.40868896578239144,1
F1 m=3 r=35%,surface_sensor_wmape,60,23,345,2,10–15%,54,924,0.05844155844155844,0.30303030303030304,0.99707804690503654,0.99876970396001541,0.74502114571318723,1
F1 m=3 r=35%,surface_sensor_wmape,60,23,345,3,15–20%,45,924,0.048701298701298704,0.3614718614718615,0.9831603229527105,0.61737793156478282,0.35040369088811996,1
F1 m=3 r=35%,surface_sensor_wmape,60,23,345,4,≥20%,253,924,0.27380952380952384,0.41017316017316019,0.73933102652825844,0.088581314878892731,0.15086505190311419,1
F1 m=3 r=35%,surface_sensor_wmape,60,23,345,5,not lit,292,924,0.31601731601731603,0.68398268398268403,0.55000000000000004,0.55000000000000004,0.55000000000000004,1
F1 m=3 r=35%,surface_wape,0,0,0,0,0–5%,182,290,0.62758620689655176,0,0.047981545559400242,0.49642445213379471,0.26182237600922725,1
F1 m=3 r=35%,surface_wape,0,0,0,1,5–10%,13,290,0.044827586206896551,0.62758620689655176,0.5870049980776626,0.82299115724721261,0.40868896578239144,1
F1 m=3 r=35%,surface_wape,0,0,0,2,10–15%,13,290,0.044827586206896551,0.67241379310344829,0.99707804690503654,0.99876970396001541,0.74502114571318723,1
F1 m=3 r=35%,surface_wape,0,0,0,3,15–20%,7,290,0.024137931034482758,0.71724137931034482,0.9831603229527105,0.61737793156478282,0.35040369088811996,1
F1 m=3 r=35%,surface_wape,0,0,0,4,≥20%,29,290,0.10000000000000001,0.74137931034482762,0.73933102652825844,0.088581314878892731,0.15086505190311419,1
F1 m=3 r=35%,surface_wape,0,0,0,5,not lit,46,290,0.15862068965517243,0.8413793103448276,0.55000000000000004,0.55000000000000004,0.55000000000000004,1
F1 m=3 r=35%,surface_wape,0,1,15,0,0–5%,439,637,0.68916797488226056,0,0.047981545559400242,0.49642445213379471,0.26182237600922725,1
F1 m=3 r=35%,surface_wape,0,1,15,1,5–10%,32,637,0.050235478806907381,0.68916797488226056,0.5870049980776626,0.82299115724721261,0.40868896578239144,1
F1 m=3 r=35%,surface_wape,0,1,15,2,10–15%,20,637,0.031397174254317109,0.73940345368916793,0.99707804690503654,0.99876970396001541,0.74502114571318723,1
F1 m=3 r=35%,surface_wape,0,1,15,3,15–20%,10,637,0.015698587127158554,0.77080062794348503,0.9831603229527105,0.61737793156478282,0.35040369088811996,1
F1 m=3 r=35%,surface_wape,0,1,15,4,≥20%,57,637,0.089481946624803771,0.78649921507064358,0.73933102652825844,0.088581314878892731,0.15086505190311419,1
F1 m=3 r=35%,surface_wape,0,1,15,5,not lit,79,637,0.12401883830455258,0.87598116169544737,0.55000000000000004,0.55000000000000004,0.55000000000000004,1
F1 m=3 r=35%,surface_wape,0,2,30,0,0–5%,1129,1703,0.66294773928361717,0,0.047981545559400242,0.49642445213379471,0.26182237600922725,1
F1 m=3 r=35%,surface_wape,0,2,30,1,5–10%,138,1703,0.08103347034644745,0.66294773928361717,0.5870049980776626,0.82299115724721261,0.40868896578239144,1
F1 m=3 r=35%,surface_wape,0,2,30,2,10–15%,47,1703,0.027598355842630651,0.74398120963006464,0.99707804690503654,0.99876970396001541,0.74502114571318723,1
F1 m=3 r=35%,surface_wape,0,2,30,3,15–20%,23,1703,0.013505578391074574,0.77157956547269535,0.9831603229527105,0.61737793156478282,0.35040369088811996,1
F1 m=3 r=35%,surface_wape,0,2,30,4,≥20%,75,1703,0.044039929536112743,0.78508514386376993,0.73933102652825844,0.088581314878892731,0.15086505190311419,1
F1 m=3 r=35%,surface_wape,0,2,30,5,not lit,291,1703,0.17087492660011744,0.82912507339988273,0.55000000000000004,0.55000000000000004,0.55000000000000004,1
F1 m=3 r=35%,surface_wape,0,3,45,0,0–5%,133,187,0.71122994652406413,0,0.047981545559400242,0.49642445213379471,0.26182237600922725,1
F1 m=3 r=35%,surface_wape,0,3,45,1,5–10%,9,187,0.048128342245989303,0.71122994652406413,0.5870049980776626,0.82299115724721261,0.40868896578239144,1
F1 m=3 r=35%,surface_wape,0,3,45,2,10–15%,7,187,0.037433155080213901,0.7593582887700534,0.99707804690503654,0.99876970396001541,0.74502114571318723,1
F1 m=3 r=35%,surface_wape,0,3,45,3,15–20%,3,187,0.016042780748663103,0.79679144385026734,0.9831603229527105,0.61737793156478282,0.35040369088811996,1
F1 m=3 r=35%,surface_wape,0,3,45,4,≥20%,13,187,0.069518716577540107,0.8128342245989304,0.73933102652825844,0.088581314878892731,0.15086505190311419,1
F1 m=3 r=35%,surface_wape,0,3,45,5,not lit,22,187,0.11764705882352941,0.88235294117647056,0.55000000000000004,0.55000000000000004,0.55000000000000004,1
F1 m=3 r=35%,surface_wape,0,4,60,0,0–5%,277,412,0.67233009708737868,0,0.047981545559400242,0.49642445213379471,0.26182237600922725,1
F1 m=3 r=35%,surface_wape,0,4,60,1,5–10%,27,412,0.06553398058252427,0.67233009708737868,0.5870049980776626,0.82299115724721261,0.40868896578239144,1
F1 m=3 r=35%,surface_wape,0,4,60,2,10–15%,11,412,0.026699029126213591,0.73786407766990292,0.99707804690503654,0.99876970396001541,0.74502114571318723,1
F1 m=3 r=35%,surface_wape,0,4,60,3,15–20%,9,412,0.021844660194174758,0.7645631067961165,0.9831603229527105,0.61737793156478282,0.35040369088811996,1
F1 m=3 r=35%,surface_wape,0,4,60,4,≥20%,30,412,0.07281553398058252,0.78640776699029125,0.73933102652825844,0.088581314878892731,0.15086505190311419,1
F1 m=3 r=35%,surface_wape,0,4,60,5,not lit,58,412,0.14077669902912621,0.85922330097087374,0.55000000000000004,0.55000000000000004,0.55000000000000004,1
F1 m=3 r=35%,surface_wape,0,5,75,0,0–5%,580,826,0.70217917675544794,0,0.047981545559400242,0.49642445213379471,0.26182237600922725,1
F1 m=3 r=35%,surface_wape,0,5,75,1,5–10%,53,826,0.064164648910411626,0.70217917675544794,0.5870049980776626,0.82299115724721261,0.40868896578239144,1
F1 m=3 r=35%,surface_wape,0,5,75,2,10–15%,26,826,0.031476997578692496,0.76634382566585957,0.99707804690503654,0.99876970396001541,0.74502114571318723,1
F1 m=3 r=35%,surface_wape,0,5,75,3,15–20%,19,826,0.023002421307506054,0.79782082324455206,0.9831603229527105,0.61737793156478282,0.35040369088811996,1
F1 m=3 r=35%,surface_wape,0,5,75,4,≥20%,65,826,0.078692493946731237,0.82082324455205813,0.73933102652825844,0.088581314878892731,0.15086505190311419,1
F1 m=3 r=35%,surface_wape,0,5,75,5,not lit,83,826,0.10048426150121065,0.89951573849878941,0.55000000000000004,0.55000000000000004,0.55000000000000004,1
F1 m=3 r=35%,surface_wape,0,6,90,0,0–5%,154,286,0.53846153846153844,0,0.047981545559400242,0.49642445213379471,0.26182237600922725,1
F1 m=3 r=35%,surface_wape,0,6,90,1,5–10%,36,286,0.12587412587412589,0.53846153846153844,0.5870049980776626,0.82299115724721261,0.40868896578239144,1
F1 m=3 r=35%,surface_wape,0,6,90,2,10–15%,13,286,0.045454545454545456,0.66433566433566438,0.99707804690503654,0.99876970396001541,0.74502114571318723,1
F1 m=3 r=35%,surface_wape,0,6,90,3,15–20%,8,286,0.027972027972027972,0.70979020979020979,0.9831603229527105,0.61737793156478282,0.35040369088811996,1
F1 m=3 r=35%,surface_wape,0,6,90,4,≥20%,40,286,0.13986013986013987,0.73776223776223782,0.73933102652825844,0.088581314878892731,0.15086505190311419,1
F1 m=3 r=35%,surface_wape,0,6,90,5,not lit,35,286,0.12237762237762238,0.87762237762237771,0.55000000000000004,0.55000000000000004,0.55000000000000004,1
F1 m=3 r=35%,surface_wape,0,7,105,0,0–5%,353,611,0.57774140752864156,0,0.047981545559400242,0.49642445213379471,0.26182237600922725,1
F1 m=3 r=35%,surface_wape,0,7,105,1,5–10%,47,611,0.076923076923076927,0.57774140752864156,0.5870049980776626,0.82299115724721261,0.40868896578239144,1
F1 m=3 r=35%,surface_wape,0,7,105,2,10–15%,23,611,0.037643207855973811,0.65466448445171843,0.99707804690503654,0.99876970396001541,0.74502114571318723,1
F1 m=3 r=35%,surface_wape,0,7,105,3,15–20%,7,611,0.011456628477905073,0.69230769230769229,0.9831603229527105,0.61737793156478282,0.35040369088811996,1
F1 m=3 r=35%,surface_wape,0,7,105,4,≥20%,56,611,0.091653027823240585,0.70376432078559736,0.73933102652825844,0.088581314878892731,0.15086505190311419,1
F1 m=3 r=35%,surface_wape,0,7,105,5,not lit,125,611,0.20458265139116202,0.79541734860883795,0.55000000000000004,0.55000000000000004,0.55000000000000004,1
F1 m=3 r=35%,surface_wape,0,8,120,0,0–5%,944,1778,0.53093363329583798,0,0.047981545559400242,0.49642445213379471,0.26182237600922725,1
F1 m=3 r=35%,surface_wape,0,8,120,1,5–10%,145,1778,0.081552305961754779,0.53093363329583798,0.5870049980776626,0.82299115724721261,0.40868896578239144,1
F1 m=3 r=35%,surface_wape,0,8,120,2,10–15%,40,1778,0.022497187851518559,0.61248593925759276,0.99707804690503654,0.99876970396001541,0.74502114571318723,1
F1 m=3 r=35%,surface_wape,0,8,120,3,15–20%,32,1778,0.01799775028121485,0.63498312710911131,0.9831603229527105,0.61737793156478282,0.35040369088811996,1
F1 m=3 r=35%,surface_wape,0,8,120,4,≥20%,116,1778,0.065241844769403826,0.65298087739032618,0.73933102652825844,0.088581314878892731,0.15086505190311419,1
F1 m=3 r=35%,surface_wape,0,8,120,5,not lit,501,1778,0.28177727784026996,0.71822272215973004,0.55000000000000004,0.55000000000000004,0.55000000000000004,1
F1 m=3 r=35%,surface_wape,0,9,135,0,0–5%,119,188,0.63297872340425532,0,0.047981545559400242,0.49642445213379471,0.26182237600922725,1
F1 m=3 r=35%,surface_wape,0,9,135,1,5–10%,12,188,0.063829787234042548,0.63297872340425532,0.5870049980776626,0.82299115724721261,0.40868896578239144,1
F1 m=3 r=35%,surface_wape,0,9,135,2,10–15%,5,188,0.026595744680851064,0.69680851063829785,0.99707804690503654,0.99876970396001541,0.74502114571318723,1
F1 m=3 r=35%,surface_wape,0,9,135,3,15–20%,3,188,0.015957446808510637,0.72340425531914887,0.9831603229527105,0.61737793156478282,0.35040369088811996,1
F1 m=3 r=35%,surface_wape,0,9,135,4,≥20%,12,188,0.063829787234042548,0.7393617021276595,0.73933102652825844,0.088581314878892731,0.15086505190311419,1
F1 m=3 r=35%,surface_wape,0,9,135,5,not lit,37,188,0.19680851063829788,0.80319148936170204,0.55000000000000004,0.55000000000000004,0.55000000000000004,1
F1 m=3 r=35%,surface_wape,0,10,150,0,0–5%,280,456,0.61403508771929827,0,0.047981545559400242,0.49642445213379471,0.26182237600922725,1
F1 m=3 r=35%,surface_wape,0,10,150,1,5–10%,23,456,0.050438596491228067,0.61403508771929827,0.5870049980776626,0.82299115724721261,0.40868896578239144,1
F1 m=3 r=35%,surface_wape,0,10,150,2,10–15%,17,456,0.037280701754385963,0.66447368421052633,0.99707804690503654,0.99876970396001541,0.74502114571318723,1
F1 m=3 r=35%,surface_wape,0,10,150,3,15–20%,6,456,0.013157894736842105,0.70175438596491224,0.9831603229527105,0.61737793156478282,0.35040369088811996,1
F1 m=3 r=35%,surface_wape,0,10,150,4,≥20%,38,456,0.083333333333333329,0.71491228070175439,0.73933102652825844,0.088581314878892731,0.15086505190311419,1
F1 m=3 r=35%,surface_wape,0,10,150,5,not lit,92,456,0.20175438596491227,0.79824561403508776,0.55000000000000004,0.55000000000000004,0.55000000000000004,1
F1 m=3 r=35%,surface_wape,0,11,165,0,0–5%,540,907,0.59536934950385889,0,0.047981545559400242,0.49642445213379471,0.26182237600922725,1
F1 m=3 r=35%,surface_wape,0,11,165,1,5–10%,51,907,0.056229327453142228,0.59536934950385889,0.5870049980776626,0.82299115724721261,0.40868896578239144,1
F1 m=3 r=35%,surface_wape,0,11,165,2,10–15%,26,907,0.028665931642778392,0.65159867695700113,0.99707804690503654,0.99876970396001541,0.74502114571318723,1
F1 m=3 r=35%,surface_wape,0,11,165,3,15–20%,14,907,0.015435501653803748,0.68026460859977955,0.9831603229527105,0.61737793156478282,0.35040369088811996,1
F1 m=3 r=35%,surface_wape,0,11,165,4,≥20%,75,907,0.082690187431091508,0.69570011025358325,0.73933102652825844,0.088581314878892731,0.15086505190311419,1
F1 m=3 r=35%,surface_wape,0,11,165,5,not lit,201,907,0.22160970231532526,0.77839029768467471,0.55000000000000004,0.55000000000000004,0.55000000000000004,1
F1 m=3 r=35%,surface_wape,0,12,180,0,0–5%,119,276,0.4311594202898551,0,0.047981545559400242,0.49642445213379471,0.26182237600922725,1
F1 m=3 r=35%,surface_wape,0,12,180,1,5–10%,23,276,0.083333333333333329,0.4311594202898551,0.5870049980776626,0.82299115724721261,0.40868896578239144,1
F1 m=3 r=35%,surface_wape,0,12,180,2,10–15%,19,276,0.068840579710144928,0.51449275362318847,0.99707804690503654,0.99876970396001541,0.74502114571318723,1
F1 m=3 r=35%,surface_wape,0,12,180,3,15–20%,8,276,0.028985507246376812,0.58333333333333337,0.9831603229527105,0.61737793156478282,0.35040369088811996,1
F1 m=3 r=35%,surface_wape,0,12,180,4,≥20%,55,276,0.19927536231884058,0.6123188405797102,0.73933102652825844,0.088581314878892731,0.15086505190311419,1
F1 m=3 r=35%,surface_wape,0,12,180,5,not lit,52,276,0.18840579710144928,0.81159420289855078,0.55000000000000004,0.55000000000000004,0.55000000000000004,1
F1 m=3 r=35%,surface_wape,0,13,195,0,0–5%,387,610,0.63442622950819672,0,0.047981545559400242,0.49642445213379471,0.26182237600922725,1
F1 m=3 r=35%,surface_wape,0,13,195,1,5–10%,41,610,0.067213114754098358,0.63442622950819672,0.5870049980776626,0.82299115724721261,0.40868896578239144,1
F1 m=3 r=35%,surface_wape,0,13,195,2,10–15%,16,610,0.026229508196721311,0.70163934426229502,0.99707804690503654,0.99876970396001541,0.74502114571318723,1
F1 m=3 r=35%,surface_wape,0,13,195,3,15–20%,11,610,0.018032786885245903,0.72786885245901634,0.9831603229527105,0.61737793156478282,0.35040369088811996,1
F1 m=3 r=35%,surface_wape,0,13,195,4,≥20%,51,610,0.083606557377049182,0.74590163934426224,0.73933102652825844,0.088581314878892731,0.15086505190311419,1
F1 m=3 r=35%,surface_wape,0,13,195,5,not lit,104,610,0.17049180327868851,0.82950819672131137,0.55000000000000004,0.55000000000000004,0.55000000000000004,1
F1 m=3 r=35%,surface_wape,0,14,210,0,0–5%,1096,1679,0.65276950565812986,0,0.047981545559400242,0.49642445213379471,0.26182237600922725,1
F1 m=3 r=35%,surface_wape,0,14,210,1,5–10%,127,1679,0.075640262060750446,0.65276950565812986,0.5870049980776626,0.82299115724721261,0.40868896578239144,1
F1 m=3 r=35%,surface_wape,0,14,210,2,10–15%,52,1679,0.030970815961882073,0.72840976771888033,0.99707804690503654,0.99876970396001541,0.74502114571318723,1
F1 m=3 r=35%,surface_wape,0,14,210,3,15–20%,22,1679,0.013103037522334724,0.75938058368076244,0.9831603229527105,0.61737793156478282,0.35040369088811996,1
F1 m=3 r=35%,surface_wape,0,14,210,4,≥20%,96,1679,0.057176891006551517,0.77248362120309721,0.73933102652825844,0.088581314878892731,0.15086505190311419,1
F1 m=3 r=35%,surface_wape,0,14,210,5,not lit,286,1679,0.17033948779035141,0.82966051220964876,0.55000000000000004,0.55000000000000004,0.55000000000000004,1
F1 m=3 r=35%,surface_wape,0,15,225,0,0–5%,128,197,0.64974619289340096,0,0.047981545559400242,0.49642445213379471,0.26182237600922725,1
F1 m=3 r=35%,surface_wape,0,15,225,1,5–10%,28,197,0.14213197969543148,0.64974619289340096,0.5870049980776626,0.82299115724721261,0.40868896578239144,1
F1 m=3 r=35%,surface_wape,0,15,225,2,10–15%,7,197,0.03553299492385787,0.79187817258883242,0.99707804690503654,0.99876970396001541,0.74502114571318723,1
F1 m=3 r=35%,surface_wape,0,15,225,3,15–20%,4,197,0.02030456852791878,0.82741116751269028,0.9831603229527105,0.61737793156478282,0.35040369088811996,1
F1 m=3 r=35%,surface_wape,0,15,225,4,≥20%,12,197,0.060913705583756347,0.84771573604060901,0.73933102652825844,0.088581314878892731,0.15086505190311419,1
F1 m=3 r=35%,surface_wape,0,15,225,5,not lit,18,197,0.091370558375634514,0.90862944162436532,0.55000000000000004,0.55000000000000004,0.55000000000000004,1
F1 m=3 r=35%,surface_wape,0,16,240,0,0–5%,271,407,0.66584766584766586,0,0.047981545559400242,0.49642445213379471,0.26182237600922725,1
F1 m=3 r=35%,surface_wape,0,16,240,1,5–10%,29,407,0.07125307125307126,0.66584766584766586,0.5870049980776626,0.82299115724721261,0.40868896578239144,1
F1 m=3 r=35%,surface_wape,0,16,240,2,10–15%,21,407,0.051597051597051594,0.73710073710073709,0.99707804690503654,0.99876970396001541,0.74502114571318723,1
F1 m=3 r=35%,surface_wape,0,16,240,3,15–20%,8,407,0.019656019656019656,0.78869778869778873,0.9831603229527105,0.61737793156478282,0.35040369088811996,1
F1 m=3 r=35%,surface_wape,0,16,240,4,≥20%,35,407,0.085995085995085999,0.80835380835380843,0.73933102652825844,0.088581314878892731,0.15086505190311419,1
F1 m=3 r=35%,surface_wape,0,16,240,5,not lit,43,407,0.10565110565110565,0.89434889434889442,0.55000000000000004,0.55000000000000004,0.55000000000000004,1
F1 m=3 r=35%,surface_wape,0,17,255,0,0–5%,573,815,0.70306748466257674,0,0.047981545559400242,0.49642445213379471,0.26182237600922725,1
F1 m=3 r=35%,surface_wape,0,17,255,1,5–10%,63,815,0.077300613496932513,0.70306748466257674,0.5870049980776626,0.82299115724721261,0.40868896578239144,1
F1 m=3 r=35%,surface_wape,0,17,255,2,10–15%,18,815,0.022085889570552148,0.78036809815950925,0.99707804690503654,0.99876970396001541,0.74502114571318723,1
F1 m=3 r=35%,surface_wape,0,17,255,3,15–20%,14,815,0.017177914110429449,0.80245398773006138,0.9831603229527105,0.61737793156478282,0.35040369088811996,1
F1 m=3 r=35%,surface_wape,0,17,255,4,≥20%,60,815,0.073619631901840496,0.81963190184049084,0.73933102652825844,0.088581314878892731,0.15086505190311419,1
F1 m=3 r=35%,surface_wape,0,17,255,5,not lit,87,815,0.10674846625766871,0.89325153374233135,0.55000000000000004,0.55000000000000004,0.55000000000000004,1
F1 m=3 r=35%,surface_wape,0,18,270,0,0–5%,144,265,0.54339622641509433,0,0.047981545559400242,0.49642445213379471,0.26182237600922725,1
F1 m=3 r=35%,surface_wape,0,18,270,1,5–10%,29,265,0.10943396226415095,0.54339622641509433,0.5870049980776626,0.82299115724721261,0.40868896578239144,1
F1 m=3 r=35%,surface_wape,0,18,270,2,10–15%,13,265,0.049056603773584909,0.65283018867924525,0.99707804690503654,0.99876970396001541,0.74502114571318723,1
F1 m=3 r=35%,surface_wape,0,18,270,3,15–20%,9,265,0.033962264150943396,0.70188679245283014,0.9831603229527105,0.61737793156478282,0.35040369088811996,1
F1 m=3 r=35%,surface_wape,0,18,270,4,≥20%,37,265,0.13962264150943396,0.73584905660377353,0.73933102652825844,0.088581314878892731,0.15086505190311419,1
F1 m=3 r=35%,surface_wape,0,18,270,5,not lit,33,265,0.12452830188679245,0.87547169811320746,0.55000000000000004,0.55000000000000004,0.55000000000000004,1
F1 m=3 r=35%,surface_wape,0,19,285,0,0–5%,375,609,0.61576354679802958,0,0.047981545559400242,0.49642445213379471,0.26182237600922725,1
F1 m=3 r=35%,surface_wape,0,19,285,1,5–10%,48,609,0.078817733990147784,0.61576354679802958,0.5870049980776626,0.82299115724721261,0.40868896578239144,1
F1 m=3 r=35%,surface_wape,0,19,285,2,10–15%,18,609,0.029556650246305417,0.69458128078817738,0.99707804690503654,0.99876970396001541,0.74502114571318723,1
F1 m=3 r=35%,surface_wape,0,19,285,3,15–20%,15,609,0.024630541871921183,0.72413793103448276,0.9831603229527105,0.61737793156478282,0.35040369088811996,1
F1 m=3 r=35%,surface_wape,0,19,285,4,≥20%,55,609,0.090311986863711002,0.74876847290640391,0.73933102652825844,0.088581314878892731,0.15086505190311419,1
F1 m=3 r=35%,surface_wape,0,19,285,5,not lit,98,609,0.16091954022988506,0.83908045977011492,0.55000000000000004,0.55000000000000004,0.55000000000000004,1
F1 m=3 r=35%,surface_wape,0,20,300,0,0–5%,981,1781,0.55081414935429529,0,0.047981545559400242,0.49642445213379471,0.26182237600922725,1
F1 m=3 r=35%,surface_wape,0,20,300,1,5–10%,131,1781,0.073554183043234134,0.55081414935429529,0.5870049980776626,0.82299115724721261,0.40868896578239144,1
F1 m=3 r=35%,surface_wape,0,20,300,2,10–15%,48,1781,0.02695115103874228,0.62436833239752942,0.99707804690503654,0.99876970396001541,0.74502114571318723,1
F1 m=3 r=35%,surface_wape,0,20,300,3,15–20%,23,1781,0.012914093206064009,0.65131948343627166,0.9831603229527105,0.61737793156478282,0.35040369088811996,1
F1 m=3 r=35%,surface_wape,0,20,300,4,≥20%,113,1781,0.063447501403705781,0.66423357664233562,0.73933102652825844,0.088581314878892731,0.15086505190311419,1
F1 m=3 r=35%,surface_wape,0,20,300,5,not lit,485,1781,0.27231892195395846,0.72768107804604143,0.55000000000000004,0.55000000000000004,0.55000000000000004,1
F1 m=3 r=35%,surface_wape,0,21,315,0,0–5%,123,190,0.64736842105263159,0,0.047981545559400242,0.49642445213379471,0.26182237600922725,1
F1 m=3 r=35%,surface_wape,0,21,315,1,5–10%,21,190,0.11052631578947368,0.64736842105263159,0.5870049980776626,0.82299115724721261,0.40868896578239144,1
F1 m=3 r=35%,surface_wape,0,21,315,2,10–15%,5,190,0.026315789473684209,0.75789473684210529,0.99707804690503654,0.99876970396001541,0.74502114571318723,1
F1 m=3 r=35%,surface_wape,0,21,315,3,15–20%,5,190,0.026315789473684209,0.78421052631578947,0.9831603229527105,0.61737793156478282,0.35040369088811996,1
F1 m=3 r=35%,surface_wape,0,21,315,4,≥20%,11,190,0.057894736842105263,0.81052631578947365,0.73933102652825844,0.088581314878892731,0.15086505190311419,1
F1 m=3 r=35%,surface_wape,0,21,315,5,not lit,25,190,0.13157894736842105,0.86842105263157887,0.55000000000000004,0.55000000000000004,0.55000000000000004,1
F1 m=3 r=35%,surface_wape,0,22,330,0,0–5%,245,442,0.55429864253393668,0,0.047981545559400242,0.49642445213379471,0.26182237600922725,1
F1 m=3 r=35%,surface_wape,0,22,330,1,5–10%,40,442,0.090497737556561084,0.55429864253393668,0.5870049980776626,0.82299115724721261,0.40868896578239144,1
F1 m=3 r=35%,surface_wape,0,22,330,2,10–15%,14,442,0.031674208144796379,0.64479638009049778,0.99707804690503654,0.99876970396001541,0.74502114571318723,1
F1 m=3 r=35%,surface_wape,0,22,330,3,15–20%,4,442,0.0090497737556561094,0.67647058823529416,0.9831603229527105,0.61737793156478282,0.35040369088811996,1
F1 m=3 r=35%,surface_wape,0,22,330,4,≥20%,47,442,0.10633484162895927,0.68552036199095023,0.73933102652825844,0.088581314878892731,0.15086505190311419,1
F1 m=3 r=35%,surface_wape,0,22,330,5,not lit,92,442,0.20814479638009051,0.79185520361990946,0.55000000000000004,0.55000000000000004,0.55000000000000004,1
F1 m=3 r=35%,surface_wape,0,23,345,0,0–5%,562,924,0.60822510822510822,0,0.047981545559400242,0.49642445213379471,0.26182237600922725,1
F1 m=3 r=35%,surface_wape,0,23,345,1,5–10%,62,924,0.067099567099567103,0.60822510822510822,0.5870049980776626,0.82299115724721261,0.40868896578239144,1
F1 m=3 r=35%,surface_wape,0,23,345,2,10–15%,17,924,0.0183982683982684,0.67532467532467533,0.99707804690503654,0.99876970396001541,0.74502114571318723,1
F1 m=3 r=35%,surface_wape,0,23,345,3,15–20%,10,924,0.010822510822510822,0.69372294372294374,0.9831603229527105,0.61737793156478282,0.35040369088811996,1
F1 m=3 r=35%,surface_wape,0,23,345,4,≥20%,71,924,0.076839826839826833,0.70454545454545459,0.73933102652825844,0.088581314878892731,0.15086505190311419,1
F1 m=3 r=35%,surface_wape,0,23,345,5,not lit,202,924,0.21861471861471862,0.7813852813852814,0.55000000000000004,0.55000000000000004,0.55000000000000004,1
F1 m=3 r=35%,surface_wape,15,0,0,0,0–5%,164,290,0.56551724137931036,0,0.047981545559400242,0.49642445213379471,0.26182237600922725,1
F1 m=3 r=35%,surface_wape,15,0,0,1,5–10%,25,290,0.086206896551724144,0.56551724137931036,0.5870049980776626,0.82299115724721261,0.40868896578239144,1
F1 m=3 r=35%,surface_wape,15,0,0,2,10–15%,17,290,0.058620689655172413,0.65172413793103456,0.99707804690503654,0.99876970396001541,0.74502114571318723,1
F1 m=3 r=35%,surface_wape,15,0,0,3,15–20%,4,290,0.013793103448275862,0.71034482758620698,0.9831603229527105,0.61737793156478282,0.35040369088811996,1
F1 m=3 r=35%,surface_wape,15,0,0,4,≥20%,33,290,0.11379310344827587,0.72413793103448287,0.73933102652825844,0.088581314878892731,0.15086505190311419,1
F1 m=3 r=35%,surface_wape,15,0,0,5,not lit,47,290,0.16206896551724137,0.83793103448275874,0.55000000000000004,0.55000000000000004,0.55000000000000004,1
F1 m=3 r=35%,surface_wape,15,1,15,0,0–5%,409,637,0.64207221350078492,0,0.047981545559400242,0.49642445213379471,0.26182237600922725,1
F1 m=3 r=35%,surface_wape,15,1,15,1,5–10%,53,637,0.083202511773940349,0.64207221350078492,0.5870049980776626,0.82299115724721261,0.40868896578239144,1
F1 m=3 r=35%,surface_wape,15,1,15,2,10–15%,19,637,0.029827315541601257,0.72527472527472525,0.99707804690503654,0.99876970396001541,0.74502114571318723,1
F1 m=3 r=35%,surface_wape,15,1,15,3,15–20%,18,637,0.028257456828885402,0.75510204081632648,0.9831603229527105,0.61737793156478282,0.35040369088811996,1
F1 m=3 r=35%,surface_wape,15,1,15,4,≥20%,54,637,0.084772370486656201,0.78335949764521184,0.73933102652825844,0.088581314878892731,0.15086505190311419,1
F1 m=3 r=35%,surface_wape,15,1,15,5,not lit,84,637,0.13186813186813187,0.86813186813186805,0.55000000000000004,0.55000000000000004,0.55000000000000004,1
F1 m=3 r=35%,surface_wape,15,2,30,0,0–5%,1012,1703,0.59424544920728128,0,0.047981545559400242,0.49642445213379471,0.26182237600922725,1
F1 m=3 r=35%,surface_wape,15,2,30,1,5–10%,192,1703,0.11274221961244862,0.59424544920728128,0.5870049980776626,0.82299115724721261,0.40868896578239144,1
F1 m=3 r=35%,surface_wape,15,2,30,2,10–15%,74,1703,0.043452730475631238,0.70698766881972985,0.99707804690503654,0.99876970396001541,0.74502114571318723,1
F1 m=3 r=35%,surface_wape,15,2,30,3,15–20%,35,1703,0.020551967116852612,0.7504403992953611,0.9831603229527105,0.61737793156478282,0.35040369088811996,1
F1 m=3 r=35%,surface_wape,15,2,30,4,≥20%,99,1703,0.058132706987668821,0.77099236641221369,0.73933102652825844,0.088581314878892731,0.15086505190311419,1
F1 m=3 r=35%,surface_wape,15,2,30,5,not lit,291,1703,0.17087492660011744,0.82912507339988251,0.55000000000000004,0.55000000000000004,0.55000000000000004,1
F1 m=3 r=35%,surface_wape,15,3,45,0,0–5%,114,187,0.60962566844919786,0,0.047981545559400242,0.49642445213379471,0.26182237600922725,1
F1 m=3 r=35%,surface_wape,15,3,45,1,5–10%,24,187,0.12834224598930483,0.60962566844919786,0.5870049980776626,0.82299115724721261,0.40868896578239144,1
F1 m=3 r=35%,surface_wape,15,3,45,2,10–15%,8,187,0.042780748663101602,0.73796791443850274,0.99707804690503654,0.99876970396001541,0.74502114571318723,1
F1 m=3 r=35%,surface_wape,15,3,45,3,15–20%,2,187,0.0106951871657754,0.78074866310160429,0.9831603229527105,0.61737793156478282,0.35040369088811996,1
F1 m=3 r=35%,surface_wape,15,3,45,4,≥20%,17,187,0.090909090909090912,0.79144385026737973,0.73933102652825844,0.088581314878892731,0.15086505190311419,1
F1 m=3 r=35%,surface_wape,15,3,45,5,not lit,22,187,0.11764705882352941,0.88235294117647067,0.55000000000000004,0.55000000000000004,0.55000000000000004,1
F1 m=3 r=35%,surface_wape,15,4,60,0,0–5%,274,412,0.66504854368932043,0,0.047981545559400242,0.49642445213379471,0.26182237600922725,1
F1 m=3 r=35%,surface_wape,15,4,60,1,5–10%,26,412,0.063106796116504854,0.66504854368932043,0.5870049980776626,0.82299115724721261,0.40868896578239144,1
F1 m=3 r=35%,surface_wape,15,4,60,2,10–15%,12,412,0.029126213592233011,0.72815533980582525,0.99707804690503654,0.99876970396001541,0.74502114571318723,1
F1 m=3 r=35%,surface_wape,15,4,60,3,15–20%,9,412,0.021844660194174758,0.75728155339805825,0.9831603229527105,0.61737793156478282,0.35040369088811996,1
F1 m=3 r=35%,surface_wape,15,4,60,4,≥20%,39,412,0.094660194174757281,0.779126213592233,0.73933102652825844,0.088581314878892731,0.15086505190311419,1
F1 m=3 r=35%,surface_wape,15,4,60,5,not lit,52,412,0.12621359223300971,0.87378640776699024,0.55000000000000004,0.55000000000000004,0.55000000000000004,1
F1 m=3 r=35%,surface_wape,15,5,75,0,0–5%,570,826,0.69007263922518158,0,0.047981545559400242,0.49642445213379471,0.26182237600922725,1
F1 m=3 r=35%,surface_wape,15,5,75,1,5–10%,52,826,0.062953995157384993,0.69007263922518158,0.5870049980776626,0.82299115724721261,0.40868896578239144,1
F1 m=3 r=35%,surface_wape,15,5,75,2,10–15%,27,826,0.032687651331719129,0.75302663438256656,0.99707804690503654,0.99876970396001541,0.74502114571318723,1
F1 m=3 r=35%,surface_wape,15,5,75,3,15–20%,17,826,0.020581113801452784,0.7857142857142857,0.9831603229527105,0.61737793156478282,0.35040369088811996,1
F1 m=3 r=35%,surface_wape,15,5,75,4,≥20%,76,826,0.092009685230024216,0.80629539951573848,0.73933102652825844,0.088581314878892731,0.15086505190311419,1
F1 m=3 r=35%,surface_wape,15,5,75,5,not lit,84,826,0.10169491525423729,0.89830508474576265,0.55000000000000004,0.55000000000000004,0.55000000000000004,1
F1 m=3 r=35%,surface_wape,15,6,90,0,0–5%,159,286,0.55594405594405594,0,0.047981545559400242,0.49642445213379471,0.26182237600922725,1
F1 m=3 r=35%,surface_wape,15,6,90,1,5–10%,34,286,0.11888111888111888,0.55594405594405594,0.5870049980776626,0.82299115724721261,0.40868896578239144,1
F1 m=3 r=35%,surface_wape,15,6,90,2,10–15%,12,286,0.04195804195804196,0.67482517482517479,0.99707804690503654,0.99876970396001541,0.74502114571318723,1
F1 m=3 r=35%,surface_wape,15,6,90,3,15–20%,10,286,0.034965034965034968,0.71678321678321677,0.9831603229527105,0.61737793156478282,0.35040369088811996,1
F1 m=3 r=35%,surface_wape,15,6,90,4,≥20%,34,286,0.11888111888111888,0.75174825174825177,0.73933102652825844,0.088581314878892731,0.15086505190311419,1
F1 m=3 r=35%,surface_wape,15,6,90,5,not lit,37,286,0.12937062937062938,0.87062937062937062,0.55000000000000004,0.55000000000000004,0.55000000000000004,1
F1 m=3 r=35%,surface_wape,15,7,105,0,0–5%,365,611,0.59738134206219318,0,0.047981545559400242,0.49642445213379471,0.26182237600922725,1
F1 m=3 r=35%,surface_wape,15,7,105,1,5–10%,40,611,0.065466448445171854,0.59738134206219318,0.5870049980776626,0.82299115724721261,0.40868896578239144,1
F1 m=3 r=35%,surface_wape,15,7,105,2,10–15%,12,611,0.019639934533551555,0.66284779050736509,0.99707804690503654,0.99876970396001541,0.74502114571318723,1
F1 m=3 r=35%,surface_wape,15,7,105,3,15–20%,21,611,0.034369885433715219,0.68248772504091659,0.9831603229527105,0.61737793156478282,0.35040369088811996,1
F1 m=3 r=35%,surface_wape,15,7,105,4,≥20%,49,611,0.080196399345335512,0.71685761047463181,0.73933102652825844,0.088581314878892731,0.15086505190311419,1
F1 m=3 r=35%,surface_wape,15,7,105,5,not lit,124,611,0.20294599018003273,0.79705400981996732,0.55000000000000004,0.55000000000000004,0.55000000000000004,1
F1 m=3 r=35%,surface_wape,15,8,120,0,0–5%,972,1778,0.54668166479190106,0,0.047981545559400242,0.49642445213379471,0.26182237600922725,1
F1 m=3 r=35%,surface_wape,15,8,120,1,5–10%,121,1778,0.068053993250843645,0.54668166479190106,0.5870049980776626,0.82299115724721261,0.40868896578239144,1
F1 m=3 r=35%,surface_wape,15,8,120,2,10–15%,36,1778,0.020247469066366704,0.61473565804274466,0.99707804690503654,0.99876970396001541,0.74502114571318723,1
F1 m=3 r=35%,surface_wape,15,8,120,3,15–20%,24,1778,0.013498312710911136,0.63498312710911131,0.9831603229527105,0.61737793156478282,0.35040369088811996,1
F1 m=3 r=35%,surface_wape,15,8,120,4,≥20%,125,1778,0.070303712035995503,0.64848143982002249,0.73933102652825844,0.088581314878892731,0.15086505190311419,1
F1 m=3 r=35%,surface_wape,15,8,120,5,not lit,500,1778,0.28121484814398201,0.71878515185601799,0.55000000000000004,0.55000000000000004,0.55000000000000004,1
F1 m=3 r=35%,surface_wape,15,9,135,0,0–5%,126,188,0.67021276595744683,0,0.047981545559400242,0.49642445213379471,0.26182237600922725,1
F1 m=3 r=35%,surface_wape,15,9,135,1,5–10%,6,188,0.031914893617021274,0.67021276595744683,0.5870049980776626,0.82299115724721261,0.40868896578239144,1
F1 m=3 r=35%,surface_wape,15,9,135,2,10–15%,7,188,0.037234042553191488,0.7021276595744681,0.99707804690503654,0.99876970396001541,0.74502114571318723,1
F1 m=3 r=35%,surface_wape,15,9,135,3,15–20%,4,188,0.021276595744680851,0.73936170212765961,0.9831603229527105,0.61737793156478282,0.35040369088811996,1
F1 m=3 r=35%,surface_wape,15,9,135,4,≥20%,8,188,0.042553191489361701,0.7606382978723405,0.73933102652825844,0.088581314878892731,0.15086505190311419,1
F1 m=3 r=35%,surface_wape,15,9,135,5,not lit,37,188,0.19680851063829788,0.80319148936170215,0.55000000000000004,0.55000000000000004,0.55000000000000004,1
F1 m=3 r=35%,surface_wape,15,10,150,0,0–5%,296,456,0.64912280701754388,0,0.047981545559400242,0.49642445213379471,0.26182237600922725,1
F1 m=3 r=35%,surface_wape,15,10,150,1,5–10%,22,456,0.048245614035087717,0.64912280701754388,0.5870049980776626,0.82299115724721261,0.40868896578239144,1
F1 m=3 r=35%,surface_wape,15,10,150,2,10–15%,12,456,0.026315789473684209,0.69736842105263164,0.99707804690503654,0.99876970396001541,0.74502114571318723,1
F1 m=3 r=35%,surface_wape,15,10,150,3,15–20%,4,456,0.008771929824561403,0.72368421052631582,0.9831603229527105,0.61737793156478282,0.35040369088811996,1
F1 m=3 r=35%,surface_wape,15,10,150,4,≥20%,31,456,0.06798245614035088,0.73245614035087725,0.73933102652825844,0.088581314878892731,0.15086505190311419,1
F1 m=3 r=35%,surface_wape,15,10,150,5,not lit,91,456,0.19956140350877194,0.80043859649122817,0.55000000000000004,0.55000000000000004,0.55000000000000004,1
F1 m=3 r=35%,surface_wape,15,11,165,0,0–5%,555,907,0.61190738699007718,0,0.047981545559400242,0.49642445213379471,0.26182237600922725,1
F1 m=3 r=35%,surface_wape,15,11,165,1,5–10%,52,907,0.057331863285556783,0.61190738699007718,0.5870049980776626,0.82299115724721261,0.40868896578239144,1
F1 m=3 r=35%,surface_wape,15,11,165,2,10–15%,20,907,0.022050716648291068,0.66923925027563391,0.99707804690503654,0.99876970396001541,0.74502114571318723,1
F1 m=3 r=35%,surface_wape,15,11,165,3,15–20%,15,907,0.016538037486218304,0.69128996692392497,0.9831603229527105,0.61737793156478282,0.35040369088811996,1
F1 m=3 r=35%,surface_wape,15,11,165,4,≥20%,65,907,0.071664829106945979,0.70782800441014326,0.73933102652825844,0.088581314878892731,0.15086505190311419,1
F1 m=3 r=35%,surface_wape,15,11,165,5,not lit,200,907,0.22050716648291069,0.7794928335170892,0.55000000000000004,0.55000000000000004,0.55000000000000004,1
F1 m=3 r=35%,surface_wape,15,12,180,0,0–5%,146,276,0.52898550724637683,0,0.047981545559400242,0.49642445213379471,0.26182237600922725,1
F1 m=3 r=35%,surface_wape,15,12,180,1,5–10%,23,276,0.083333333333333329,0.52898550724637683,0.5870049980776626,0.82299115724721261,0.40868896578239144,1
F1 m=3 r=35%,surface_wape,15,12,180,2,10–15%,10,276,0.036231884057971016,0.6123188405797102,0.99707804690503654,0.99876970396001541,0.74502114571318723,1
F1 m=3 r=35%,surface_wape,15,12,180,3,15–20%,9,276,0.032608695652173912,0.64855072463768126,0.9831603229527105,0.61737793156478282,0.35040369088811996,1
F1 m=3 r=35%,surface_wape,15,12,180,4,≥20%,38,276,0.13768115942028986,0.68115942028985521,0.73933102652825844,0.088581314878892731,0.15086505190311419,1
F1 m=3 r=35%,surface_wape,15,12,180,5,not lit,50,276,0.18115942028985507,0.81884057971014501,0.55000000000000004,0.55000000000000004,0.55000000000000004,1
F1 m=3 r=35%,surface_wape,15,13,195,0,0–5%,408,610,0.66885245901639345,0,0.047981545559400242,0.49642445213379471,0.26182237600922725,1
F1 m=3 r=35%,surface_wape,15,13,195,1,5–10%,30,610,0.049180327868852458,0.66885245901639345,0.5870049980776626,0.82299115724721261,0.40868896578239144,1
F1 m=3 r=35%,surface_wape,15,13,195,2,10–15%,20,610,0.032786885245901641,0.71803278688524586,0.99707804690503654,0.99876970396001541,0.74502114571318723,1
F1 m=3 r=35%,surface_wape,15,13,195,3,15–20%,9,610,0.014754098360655738,0.75081967213114753,0.9831603229527105,0.61737793156478282,0.35040369088811996,1
F1 m=3 r=35%,surface_wape,15,13,195,4,≥20%,42,610,0.068852459016393447,0.76557377049180331,0.73933102652825844,0.088581314878892731,0.15086505190311419,1
F1 m=3 r=35%,surface_wape,15,13,195,5,not lit,101,610,0.16557377049180327,0.83442622950819678,0.55000000000000004,0.55000000000000004,0.55000000000000004,1
F1 m=3 r=35%,surface_wape,15,14,210,0,0–5%,1175,1679,0.69982132221560456,0,0.047981545559400242,0.49642445213379471,0.26182237600922725,1
F1 m=3 r=35%,surface_wape,15,14,210,1,5–10%,109,1679,0.064919594997022032,0.69982132221560456,0.5870049980776626,0.82299115724721261,0.40868896578239144,1
F1 m=3 r=35%,surface_wape,15,14,210,2,10–15%,34,1679,0.020250148898153662,0.7647409172126266,0.99707804690503654,0.99876970396001541,0.74502114571318723,1
F1 m=3 r=35%,surface_wape,15,14,210,3,15–20%,19,1679,0.011316259678379988,0.78499106611078029,0.9831603229527105,0.61737793156478282,0.35040369088811996,1
F1 m=3 r=35%,surface_wape,15,14,210,4,≥20%,69,1679,0.041095890410958902,0.7963073257891603,0.73933102652825844,0.088581314878892731,0.15086505190311419,1
F1 m=3 r=35%,surface_wape,15,14,210,5,not lit,273,1679,0.16259678379988088,0.83740321620011926,0.55000000000000004,0.55000000000000004,0.55000000000000004,1
F1 m=3 r=35%,surface_wape,15,15,225,0,0–5%,142,197,0.7208121827411168,0,0.047981545559400242,0.49642445213379471,0.26182237600922725,1
F1 m=3 r=35%,surface_wape,15,15,225,1,5–10%,22,197,0.1116751269035533,0.7208121827411168,0.5870049980776626,0.82299115724721261,0.40868896578239144,1
F1 m=3 r=35%,surface_wape,15,15,225,2,10–15%,5,197,0.025380710659898477,0.8324873096446701,0.99707804690503654,0.99876970396001541,0.74502114571318723,1
F1 m=3 r=35%,surface_wape,15,15,225,3,15–20%,2,197,0.01015228426395939,0.85786802030456855,0.9831603229527105,0.61737793156478282,0.35040369088811996,1
F1 m=3 r=35%,surface_wape,15,15,225,4,≥20%,8,197,0.04060913705583756,0.86802030456852797,0.73933102652825844,0.088581314878892731,0.15086505190311419,1
F1 m=3 r=35%,surface_wape,15,15,225,5,not lit,18,197,0.091370558375634514,0.90862944162436554,0.55000000000000004,0.55000000000000004,0.55000000000000004,1
F1 m=3 r=35%,surface_wape,15,16,240,0,0–5%,277,407,0.68058968058968061,0,0.047981545559400242,0.49642445213379471,0.26182237600922725,1
F1 m=3 r=35%,surface_wape,15,16,240,1,5–10%,32,407,0.078624078624078622,0.68058968058968061,0.5870049980776626,0.82299115724721261,0.40868896578239144,1
F1 m=3 r=35%,surface_wape,15,16,240,2,10–15%,16,407,0.039312039312039311,0.75921375921375922,0.99707804690503654,0.99876970396001541,0.74502114571318723,1
F1 m=3 r=35%,surface_wape,15,16,240,3,15–20%,9,407,0.022113022113022112,0.79852579852579852,0.9831603229527105,0.61737793156478282,0.35040369088811996,1
F1 m=3 r=35%,surface_wape,15,16,240,4,≥20%,29,407,0.07125307125307126,0.82063882063882065,0.73933102652825844,0.088581314878892731,0.15086505190311419,1
F1 m=3 r=35%,surface_wape,15,16,240,5,not lit,44,407,0.10810810810810811,0.89189189189189189,0.55000000000000004,0.55000000000000004,0.55000000000000004,1
F1 m=3 r=35%,surface_wape,15,17,255,0,0–5%,578,815,0.70920245398773007,0,0.047981545559400242,0.49642445213379471,0.26182237600922725,1
F1 m=3 r=35%,surface_wape,15,17,255,1,5–10%,57,815,0.069938650306748465,0.70920245398773007,0.5870049980776626,0.82299115724721261,0.40868896578239144,1
F1 m=3 r=35%,surface_wape,15,17,255,2,10–15%,24,815,0.029447852760736196,0.77914110429447858,0.99707804690503654,0.99876970396001541,0.74502114571318723,1
F1 m=3 r=35%,surface_wape,15,17,255,3,15–20%,13,815,0.015950920245398775,0.80858895705521483,0.9831603229527105,0.61737793156478282,0.35040369088811996,1
F1 m=3 r=35%,surface_wape,15,17,255,4,≥20%,58,815,0.071165644171779147,0.82453987730061362,0.73933102652825844,0.088581314878892731,0.15086505190311419,1
F1 m=3 r=35%,surface_wape,15,17,255,5,not lit,85,815,0.10429447852760736,0.8957055214723928,0.55000000000000004,0.55000000000000004,0.55000000000000004,1
F1 m=3 r=35%,surface_wape,15,18,270,0,0–5%,145,265,0.54716981132075471,0,0.047981545559400242,0.49642445213379471,0.26182237600922725,1
F1 m=3 r=35%,surface_wape,15,18,270,1,5–10%,28,265,0.10566037735849057,0.54716981132075471,0.5870049980776626,0.82299115724721261,0.40868896578239144,1
F1 m=3 r=35%,surface_wape,15,18,270,2,10–15%,14,265,0.052830188679245285,0.65283018867924525,0.99707804690503654,0.99876970396001541,0.74502114571318723,1
F1 m=3 r=35%,surface_wape,15,18,270,3,15–20%,10,265,0.037735849056603772,0.70566037735849052,0.9831603229527105,0.61737793156478282,0.35040369088811996,1
F1 m=3 r=35%,surface_wape,15,18,270,4,≥20%,35,265,0.13207547169811321,0.74339622641509429,0.73933102652825844,0.088581314878892731,0.15086505190311419,1
F1 m=3 r=35%,surface_wape,15,18,270,5,not lit,33,265,0.12452830188679245,0.87547169811320746,0.55000000000000004,0.55000000000000004,0.55000000000000004,1
F1 m=3 r=35%,surface_wape,15,19,285,0,0–5%,392,609,0.64367816091954022,0,0.047981545559400242,0.49642445213379471,0.26182237600922725,1
F1 m=3 r=35%,surface_wape,15,19,285,1,5–10%,41,609,0.067323481116584566,0.64367816091954022,0.5870049980776626,0.82299115724721261,0.40868896578239144,1
F1 m=3 r=35%,surface_wape,15,19,285,2,10–15%,17,609,0.027914614121510674,0.71100164203612481,0.99707804690503654,0.99876970396001541,0.74502114571318723,1
F1 m=3 r=35%,surface_wape,15,19,285,3,15–20%,12,609,0.019704433497536946,0.73891625615763545,0.9831603229527105,0.61737793156478282,0.35040369088811996,1
F1 m=3 r=35%,surface_wape,15,19,285,4,≥20%,50,609,0.082101806239737271,0.75862068965517238,0.73933102652825844,0.088581314878892731,0.15086505190311419,1
F1 m=3 r=35%,surface_wape,15,19,285,5,not lit,97,609,0.15927750410509031,0.84072249589490966,0.55000000000000004,0.55000000000000004,0.55000000000000004,1
F1 m=3 r=35%,surface_wape,15,20,300,0,0–5%,969,1781,0.54407636159460981,0,0.047981545559400242,0.49642445213379471,0.26182237600922725,1
F1 m=3 r=35%,surface_wape,15,20,300,1,5–10%,161,1781,0.09039865244244806,0.54407636159460981,0.5870049980776626,0.82299115724721261,0.40868896578239144,1
F1 m=3 r=35%,surface_wape,15,20,300,2,10–15%,53,1781,0.029758562605277934,0.63447501403705786,0.99707804690503654,0.99876970396001541,0.74502114571318723,1
F1 m=3 r=35%,surface_wape,15,20,300,3,15–20%,25,1781,0.01403705783267827,0.66423357664233584,0.9831603229527105,0.61737793156478282,0.35040369088811996,1
F1 m=3 r=35%,surface_wape,15,20,300,4,≥20%,110,1781,0.061763054463784391,0.67827063447501412,0.73933102652825844,0.088581314878892731,0.15086505190311419,1
F1 m=3 r=35%,surface_wape,15,20,300,5,not lit,463,1781,0.25996631106120155,0.74003368893879851,0.55000000000000004,0.55000000000000004,0.55000000000000004,1
F1 m=3 r=35%,surface_wape,15,21,315,0,0–5%,118,190,0.62105263157894741,0,0.047981545559400242,0.49642445213379471,0.26182237600922725,1
F1 m=3 r=35%,surface_wape,15,21,315,1,5–10%,24,190,0.12631578947368421,0.62105263157894741,0.5870049980776626,0.82299115724721261,0.40868896578239144,1
F1 m=3 r=35%,surface_wape,15,21,315,2,10–15%,8,190,0.042105263157894736,0.74736842105263168,0.99707804690503654,0.99876970396001541,0.74502114571318723,1
F1 m=3 r=35%,surface_wape,15,21,315,3,15–20%,2,190,0.010526315789473684,0.78947368421052644,0.9831603229527105,0.61737793156478282,0.35040369088811996,1
F1 m=3 r=35%,surface_wape,15,21,315,4,≥20%,14,190,0.073684210526315783,0.80000000000000016,0.73933102652825844,0.088581314878892731,0.15086505190311419,1
F1 m=3 r=35%,surface_wape,15,21,315,5,not lit,24,190,0.12631578947368421,0.87368421052631595,0.55000000000000004,0.55000000000000004,0.55000000000000004,1
F1 m=3 r=35%,surface_wape,15,22,330,0,0–5%,216,442,0.48868778280542985,0,0.047981545559400242,0.49642445213379471,0.26182237600922725,1
F1 m=3 r=35%,surface_wape,15,22,330,1,5–10%,49,442,0.11085972850678733,0.48868778280542985,0.5870049980776626,0.82299115724721261,0.40868896578239144,1
F1 m=3 r=35%,surface_wape,15,22,330,2,10–15%,20,442,0.045248868778280542,0.59954751131221717,0.99707804690503654,0.99876970396001541,0.74502114571318723,1
F1 m=3 r=35%,surface_wape,15,22,330,3,15–20%,13,442,0.029411764705882353,0.64479638009049767,0.9831603229527105,0.61737793156478282,0.35040369088811996,1
F1 m=3 r=35%,surface_wape,15,22,330,4,≥20%,49,442,0.11085972850678733,0.67420814479638003,0.73933102652825844,0.088581314878892731,0.15086505190311419,1
F1 m=3 r=35%,surface_wape,15,22,330,5,not lit,95,442,0.21493212669683259,0.7850678733031673,0.55000000000000004,0.55000000000000004,0.55000000000000004,1
F1 m=3 r=35%,surface_wape,15,23,345,0,0–5%,523,924,0.56601731601731597,0,0.047981545559400242,0.49642445213379471,0.26182237600922725,1
F1 m=3 r=35%,surface_wape,15,23,345,1,5–10%,88,924,0.095238095238095233,0.56601731601731597,0.5870049980776626,0.82299115724721261,0.40868896578239144,1
F1 m=3 r=35%,surface_wape,15,23,345,2,10–15%,32,924,0.034632034632034632,0.66125541125541121,0.99707804690503654,0.99876970396001541,0.74502114571318723,1
F1 m=3 r=35%,surface_wape,15,23,345,3,15–20%,14,924,0.015151515151515152,0.69588744588744589,0.9831603229527105,0.61737793156478282,0.35040369088811996,1
F1 m=3 r=35%,surface_wape,15,23,345,4,≥20%,62,924,0.067099567099567103,0.71103896103896103,0.73933102652825844,0.088581314878892731,0.15086505190311419,1
F1 m=3 r=35%,surface_wape,15,23,345,5,not lit,205,924,0.22186147186147187,0.77813852813852813,0.55000000000000004,0.55000000000000004,0.55000000000000004,1
F1 m=3 r=35%,surface_wape,30,0,0,0,0–5%,113,290,0.3896551724137931,0,0.047981545559400242,0.49642445213379471,0.26182237600922725,1
F1 m=3 r=35%,surface_wape,30,0,0,1,5–10%,29,290,0.10000000000000001,0.3896551724137931,0.5870049980776626,0.82299115724721261,0.40868896578239144,1
F1 m=3 r=35%,surface_wape,30,0,0,2,10–15%,14,290,0.048275862068965517,0.48965517241379308,0.99707804690503654,0.99876970396001541,0.74502114571318723,1
F1 m=3 r=35%,surface_wape,30,0,0,3,15–20%,12,290,0.041379310344827586,0.53793103448275859,0.9831603229527105,0.61737793156478282,0.35040369088811996,1
F1 m=3 r=35%,surface_wape,30,0,0,4,≥20%,63,290,0.21724137931034482,0.57931034482758614,0.73933102652825844,0.088581314878892731,0.15086505190311419,1
F1 m=3 r=35%,surface_wape,30,0,0,5,not lit,59,290,0.20344827586206896,0.79655172413793096,0.55000000000000004,0.55000000000000004,0.55000000000000004,1
F1 m=3 r=35%,surface_wape,30,1,15,0,0–5%,303,637,0.47566718995290425,0,0.047981545559400242,0.49642445213379471,0.26182237600922725,1
F1 m=3 r=35%,surface_wape,30,1,15,1,5–10%,78,637,0.12244897959183673,0.47566718995290425,0.5870049980776626,0.82299115724721261,0.40868896578239144,1
F1 m=3 r=35%,surface_wape,30,1,15,2,10–15%,38,637,0.059654631083202514,0.59811616954474101,0.99707804690503654,0.99876970396001541,0.74502114571318723,1
F1 m=3 r=35%,surface_wape,30,1,15,3,15–20%,16,637,0.025117739403453691,0.65777080062794346,0.9831603229527105,0.61737793156478282,0.35040369088811996,1
F1 m=3 r=35%,surface_wape,30,1,15,4,≥20%,111,637,0.17425431711145997,0.68288854003139721,0.73933102652825844,0.088581314878892731,0.15086505190311419,1
F1 m=3 r=35%,surface_wape,30,1,15,5,not lit,91,637,0.14285714285714285,0.85714285714285721,0.55000000000000004,0.55000000000000004,0.55000000000000004,1
F1 m=3 r=35%,surface_wape,30,2,30,0,0–5%,844,1703,0.49559600704638873,0,0.047981545559400242,0.49642445213379471,0.26182237600922725,1
F1 m=3 r=35%,surface_wape,30,2,30,1,5–10%,230,1703,0.13505578391074574,0.49559600704638873,0.5870049980776626,0.82299115724721261,0.40868896578239144,1
F1 m=3 r=35%,surface_wape,30,2,30,2,10–15%,80,1703,0.046975924838520255,0.63065179095713453,0.99707804690503654,0.99876970396001541,0.74502114571318723,1
F1 m=3 r=35%,surface_wape,30,2,30,3,15–20%,45,1703,0.026423957721667644,0.67762771579565473,0.9831603229527105,0.61737793156478282,0.35040369088811996,1
F1 m=3 r=35%,surface_wape,30,2,30,4,≥20%,170,1703,0.09982384028185555,0.70405167351732234,0.73933102652825844,0.088581314878892731,0.15086505190311419,1
F1 m=3 r=35%,surface_wape,30,2,30,5,not lit,334,1703,0.19612448620082207,0.80387551379917788,0.55000000000000004,0.55000000000000004,0.55000000000000004,1
F1 m=3 r=35%,surface_wape,30,3,45,0,0–5%,101,187,0.5401069518716578,0,0.047981545559400242,0.49642445213379471,0.26182237600922725,1
F1 m=3 r=35%,surface_wape,30,3,45,1,5–10%,25,187,0.13368983957219252,0.5401069518716578,0.5870049980776626,0.82299115724721261,0.40868896578239144,1
F1 m=3 r=35%,surface_wape,30,3,45,2,10–15%,12,187,0.064171122994652413,0.6737967914438503,0.99707804690503654,0.99876970396001541,0.74502114571318723,1
F1 m=3 r=35%,surface_wape,30,3,45,3,15–20%,4,187,0.021390374331550801,0.73796791443850274,0.9831603229527105,0.61737793156478282,0.35040369088811996,1
F1 m=3 r=35%,surface_wape,30,3,45,4,≥20%,17,187,0.090909090909090912,0.75935828877005351,0.73933102652825844,0.088581314878892731,0.15086505190311419,1
F1 m=3 r=35%,surface_wape,30,3,45,5,not lit,28,187,0.1497326203208556,0.85026737967914445,0.55000000000000004,0.55000000000000004,0.55000000000000004,1
F1 m=3 r=35%,surface_wape,30,4,60,0,0–5%,261,412,0.63349514563106801,0,0.047981545559400242,0.49642445213379471,0.26182237600922725,1
F1 m=3 r=35%,surface_wape,30,4,60,1,5–10%,23,412,0.055825242718446605,0.63349514563106801,0.5870049980776626,0.82299115724721261,0.40868896578239144,1
F1 m=3 r=35%,surface_wape,30,4,60,2,10–15%,15,412,0.03640776699029126,0.68932038834951459,0.99707804690503654,0.99876970396001541,0.74502114571318723,1
F1 m=3 r=35%,surface_wape,30,4,60,3,15–20%,11,412,0.026699029126213591,0.72572815533980584,0.9831603229527105,0.61737793156478282,0.35040369088811996,1
F1 m=3 r=35%,surface_wape,30,4,60,4,≥20%,46,412,0.11165048543689321,0.75242718446601942,0.73933102652825844,0.088581314878892731,0.15086505190311419,1
F1 m=3 r=35%,surface_wape,30,4,60,5,not lit,56,412,0.13592233009708737,0.86407766990291268,0.55000000000000004,0.55000000000000004,0.55000000000000004,1
F1 m=3 r=35%,surface_wape,30,5,75,0,0–5%,542,826,0.6561743341404358,0,0.047981545559400242,0.49642445213379471,0.26182237600922725,1
F1 m=3 r=35%,surface_wape,30,5,75,1,5–10%,65,826,0.078692493946731237,0.6561743341404358,0.5870049980776626,0.82299115724721261,0.40868896578239144,1
F1 m=3 r=35%,surface_wape,30,5,75,2,10–15%,31,826,0.037530266343825669,0.73486682808716708,0.99707804690503654,0.99876970396001541,0.74502114571318723,1
F1 m=3 r=35%,surface_wape,30,5,75,3,15–20%,14,826,0.016949152542372881,0.7723970944309928,0.9831603229527105,0.61737793156478282,0.35040369088811996,1
F1 m=3 r=35%,surface_wape,30,5,75,4,≥20%,90,826,0.10895883777239709,0.78934624697336564,0.73933102652825844,0.088581314878892731,0.15086505190311419,1
F1 m=3 r=35%,surface_wape,30,5,75,5,not lit,84,826,0.10169491525423729,0.89830508474576276,0.55000000000000004,0.55000000000000004,0.55000000000000004,1
F1 m=3 r=35%,surface_wape,30,6,90,0,0–5%,164,286,0.57342657342657344,0,0.047981545559400242,0.49642445213379471,0.26182237600922725,1
F1 m=3 r=35%,surface_wape,30,6,90,1,5–10%,37,286,0.12937062937062938,0.57342657342657344,0.5870049980776626,0.82299115724721261,0.40868896578239144,1
F1 m=3 r=35%,surface_wape,30,6,90,2,10–15%,6,286,0.02097902097902098,0.70279720279720281,0.99707804690503654,0.99876970396001541,0.74502114571318723,1
F1 m=3 r=35%,surface_wape,30,6,90,3,15–20%,9,286,0.031468531468531472,0.72377622377622375,0.9831603229527105,0.61737793156478282,0.35040369088811996,1
F1 m=3 r=35%,surface_wape,30,6,90,4,≥20%,34,286,0.11888111888111888,0.75524475524475521,0.73933102652825844,0.088581314878892731,0.15086505190311419,1
F1 m=3 r=35%,surface_wape,30,6,90,5,not lit,36,286,0.12587412587412589,0.87412587412587406,0.55000000000000004,0.55000000000000004,0.55000000000000004,1
F1 m=3 r=35%,surface_wape,30,7,105,0,0–5%,344,611,0.56301145662847796,0,0.047981545559400242,0.49642445213379471,0.26182237600922725,1
F1 m=3 r=35%,surface_wape,30,7,105,1,5–10%,52,611,0.085106382978723402,0.56301145662847796,0.5870049980776626,0.82299115724721261,0.40868896578239144,1
F1 m=3 r=35%,surface_wape,30,7,105,2,10–15%,23,611,0.037643207855973811,0.64811783960720137,0.99707804690503654,0.99876970396001541,0.74502114571318723,1
F1 m=3 r=35%,surface_wape,30,7,105,3,15–20%,12,611,0.019639934533551555,0.68576104746317523,0.9831603229527105,0.61737793156478282,0.35040369088811996,1
F1 m=3 r=35%,surface_wape,30,7,105,4,≥20%,58,611,0.094926350245499183,0.70540098199672674,0.73933102652825844,0.088581314878892731,0.15086505190311419,1
F1 m=3 r=35%,surface_wape,30,7,105,5,not lit,122,611,0.19967266775777415,0.80032733224222596,0.55000000000000004,0.55000000000000004,0.55000000000000004,1
F1 m=3 r=35%,surface_wape,30,8,120,0,0–5%,968,1778,0.54443194600674916,0,0.047981545559400242,0.49642445213379471,0.26182237600922725,1
F1 m=3 r=35%,surface_wape,30,8,120,1,5–10%,106,1778,0.059617547806524188,0.54443194600674916,0.5870049980776626,0.82299115724721261,0.40868896578239144,1
F1 m=3 r=35%,surface_wape,30,8,120,2,10–15%,58,1778,0.032620922384701913,0.60404949381327333,0.99707804690503654,0.99876970396001541,0.74502114571318723,1
F1 m=3 r=35%,surface_wape,30,8,120,3,15–20%,19,1778,0.010686164229471317,0.63667041619797526,0.9831603229527105,0.61737793156478282,0.35040369088811996,1
F1 m=3 r=35%,surface_wape,30,8,120,4,≥20%,127,1778,0.071428571428571425,0.64735658042744659,0.73933102652825844,0.088581314878892731,0.15086505190311419,1
F1 m=3 r=35%,surface_wape,30,8,120,5,not lit,500,1778,0.28121484814398201,0.71878515185601799,0.55000000000000004,0.55000000000000004,0.55000000000000004,1
F1 m=3 r=35%,surface_wape,30,9,135,0,0–5%,120,188,0.63829787234042556,0,0.047981545559400242,0.49642445213379471,0.26182237600922725,1
F1 m=3 r=35%,surface_wape,30,9,135,1,5–10%,7,188,0.037234042553191488,0.63829787234042556,0.5870049980776626,0.82299115724721261,0.40868896578239144,1
F1 m=3 r=35%,surface_wape,30,9,135,2,10–15%,5,188,0.026595744680851064,0.67553191489361708,0.99707804690503654,0.99876970396001541,0.74502114571318723,1
F1 m=3 r=35%,surface_wape,30,9,135,3,15–20%,6,188,0.031914893617021274,0.7021276595744681,0.9831603229527105,0.61737793156478282,0.35040369088811996,1
F1 m=3 r=35%,surface_wape,30,9,135,4,≥20%,13,188,0.069148936170212769,0.73404255319148937,0.73933102652825844,0.088581314878892731,0.15086505190311419,1
F1 m=3 r=35%,surface_wape,30,9,135,5,not lit,37,188,0.19680851063829788,0.80319148936170215,0.55000000000000004,0.55000000000000004,0.55000000000000004,1
F1 m=3 r=35%,surface_wape,30,10,150,0,0–5%,292,456,0.64035087719298245,0,0.047981545559400242,0.49642445213379471,0.26182237600922725,1
F1 m=3 r=35%,surface_wape,30,10,150,1,5–10%,26,456,0.05701754385964912,0.64035087719298245,0.5870049980776626,0.82299115724721261,0.40868896578239144,1
F1 m=3 r=35%,surface_wape,30,10,150,2,10–15%,11,456,0.024122807017543858,0.69736842105263153,0.99707804690503654,0.99876970396001541,0.74502114571318723,1
F1 m=3 r=35%,surface_wape,30,10,150,3,15–20%,3,456,0.0065789473684210523,0.72149122807017541,0.9831603229527105,0.61737793156478282,0.35040369088811996,1
F1 m=3 r=35%,surface_wape,30,10,150,4,≥20%,27,456,0.05921052631578947,0.72807017543859642,0.73933102652825844,0.088581314878892731,0.15086505190311419,1
F1 m=3 r=35%,surface_wape,30,10,150,5,not lit,97,456,0.21271929824561403,0.78728070175438591,0.55000000000000004,0.55000000000000004,0.55000000000000004,1
F1 m=3 r=35%,surface_wape,30,11,165,0,0–5%,562,907,0.61962513781697903,0,0.047981545559400242,0.49642445213379471,0.26182237600922725,1
F1 m=3 r=35%,surface_wape,30,11,165,1,5–10%,58,907,0.063947078280044103,0.61962513781697903,0.5870049980776626,0.82299115724721261,0.40868896578239144,1
F1 m=3 r=35%,surface_wape,30,11,165,2,10–15%,19,907,0.020948180815876516,0.68357221609702312,0.99707804690503654,0.99876970396001541,0.74502114571318723,1
F1 m=3 r=35%,surface_wape,30,11,165,3,15–20%,17,907,0.018743109151047408,0.70452039691289969,0.9831603229527105,0.61737793156478282,0.35040369088811996,1
F1 m=3 r=35%,surface_wape,30,11,165,4,≥20%,51,907,0.056229327453142228,0.72326350606394707,0.73933102652825844,0.088581314878892731,0.15086505190311419,1
F1 m=3 r=35%,surface_wape,30,11,165,5,not lit,200,907,0.22050716648291069,0.77949283351708931,0.55000000000000004,0.55000000000000004,0.55000000000000004,1
F1 m=3 r=35%,surface_wape,30,12,180,0,0–5%,160,276,0.57971014492753625,0,0.047981545559400242,0.49642445213379471,0.26182237600922725,1
F1 m=3 r=35%,surface_wape,30,12,180,1,5–10%,19,276,0.068840579710144928,0.57971014492753625,0.5870049980776626,0.82299115724721261,0.40868896578239144,1
F1 m=3 r=35%,surface_wape,30,12,180,2,10–15%,12,276,0.043478260869565216,0.64855072463768115,0.99707804690503654,0.99876970396001541,0.74502114571318723,1
F1 m=3 r=35%,surface_wape,30,12,180,3,15–20%,7,276,0.025362318840579712,0.69202898550724634,0.9831603229527105,0.61737793156478282,0.35040369088811996,1
F1 m=3 r=35%,surface_wape,30,12,180,4,≥20%,28,276,0.10144927536231885,0.71739130434782605,0.73933102652825844,0.088581314878892731,0.15086505190311419,1
F1 m=3 r=35%,surface_wape,30,12,180,5,not lit,50,276,0.18115942028985507,0.8188405797101449,0.55000000000000004,0.55000000000000004,0.55000000000000004,1
F1 m=3 r=35%,surface_wape,30,13,195,0,0–5%,408,610,0.66885245901639345,0,0.047981545559400242,0.49642445213379471,0.26182237600922725,1
F1 m=3 r=35%,surface_wape,30,13,195,1,5–10%,34,610,0.055737704918032788,0.66885245901639345,0.5870049980776626,0.82299115724721261,0.40868896578239144,1
F1 m=3 r=35%,surface_wape,30,13,195,2,10–15%,16,610,0.026229508196721311,0.72459016393442621,0.99707804690503654,0.99876970396001541,0.74502114571318723,1
F1 m=3 r=35%,surface_wape,30,13,195,3,15–20%,9,610,0.014754098360655738,0.75081967213114753,0.9831603229527105,0.61737793156478282,0.35040369088811996,1
F1 m=3 r=35%,surface_wape,30,13,195,4,≥20%,42,610,0.068852459016393447,0.76557377049180331,0.73933102652825844,0.088581314878892731,0.15086505190311419,1
F1 m=3 r=35%,surface_wape,30,13,195,5,not lit,101,610,0.16557377049180327,0.83442622950819678,0.55000000000000004,0.55000000000000004,0.55000000000000004,1
F1 m=3 r=35%,surface_wape,30,14,210,0,0–5%,1174,1679,0.69922572960095297,0,0.047981545559400242,0.49642445213379471,0.26182237600922725,1
F1 m=3 r=35%,surface_wape,30,14,210,1,5–10%,91,1679,0.054198927933293624,0.69922572960095297,0.5870049980776626,0.82299115724721261,0.40868896578239144,1
F1 m=3 r=35%,surface_wape,30,14,210,2,10–15%,36,1679,0.021441334127456819,0.75342465753424659,0.99707804690503654,0.99876970396001541,0.74502114571318723,1
F1 m=3 r=35%,surface_wape,30,14,210,3,15–20%,25,1679,0.014889815366289458,0.77486599166170345,0.9831603229527105,0.61737793156478282,0.35040369088811996,1
F1 m=3 r=35%,surface_wape,30,14,210,4,≥20%,73,1679,0.043478260869565216,0.78975580702799286,0.73933102652825844,0.088581314878892731,0.15086505190311419,1
F1 m=3 r=35%,surface_wape,30,14,210,5,not lit,280,1679,0.16676593210244192,0.83323406789755805,0.55000000000000004,0.55000000000000004,0.55000000000000004,1
F1 m=3 r=35%,surface_wape,30,15,225,0,0–5%,145,197,0.73604060913705582,0,0.047981545559400242,0.49642445213379471,0.26182237600922725,1
F1 m=3 r=35%,surface_wape,30,15,225,1,5–10%,19,197,0.096446700507614211,0.73604060913705582,0.5870049980776626,0.82299115724721261,0.40868896578239144,1
F1 m=3 r=35%,surface_wape,30,15,225,2,10–15%,4,197,0.02030456852791878,0.83248730964466999,0.99707804690503654,0.99876970396001541,0.74502114571318723,1
F1 m=3 r=35%,surface_wape,30,15,225,3,15–20%,2,197,0.01015228426395939,0.85279187817258872,0.9831603229527105,0.61737793156478282,0.35040369088811996,1
F1 m=3 r=35%,surface_wape,30,15,225,4,≥20%,9,197,0.045685279187817257,0.86294416243654815,0.73933102652825844,0.088581314878892731,0.15086505190311419,1
F1 m=3 r=35%,surface_wape,30,15,225,5,not lit,18,197,0.091370558375634514,0.90862944162436543,0.55000000000000004,0.55000000000000004,0.55000000000000004,1
F1 m=3 r=35%,surface_wape,30,16,240,0,0–5%,279,407,0.68550368550368546,0,0.047981545559400242,0.49642445213379471,0.26182237600922725,1
F1 m=3 r=35%,surface_wape,30,16,240,1,5–10%,26,407,0.063882063882063883,0.68550368550368546,0.5870049980776626,0.82299115724721261,0.40868896578239144,1
F1 m=3 r=35%,surface_wape,30,16,240,2,10–15%,16,407,0.039312039312039311,0.74938574938574931,0.99707804690503654,0.99876970396001541,0.74502114571318723,1
F1 m=3 r=35%,surface_wape,30,16,240,3,15–20%,8,407,0.019656019656019656,0.78869778869778862,0.9831603229527105,0.61737793156478282,0.35040369088811996,1
F1 m=3 r=35%,surface_wape,30,16,240,4,≥20%,34,407,0.083538083538083535,0.80835380835380832,0.73933102652825844,0.088581314878892731,0.15086505190311419,1
F1 m=3 r=35%,surface_wape,30,16,240,5,not lit,44,407,0.10810810810810811,0.89189189189189189,0.55000000000000004,0.55000000000000004,0.55000000000000004,1
F1 m=3 r=35%,surface_wape,30,17,255,0,0–5%,559,815,0.68588957055214728,0,0.047981545559400242,0.49642445213379471,0.26182237600922725,1
F1 m=3 r=35%,surface_wape,30,17,255,1,5–10%,67,815,0.082208588957055212,0.68588957055214728,0.5870049980776626,0.82299115724721261,0.40868896578239144,1
F1 m=3 r=35%,surface_wape,30,17,255,2,10–15%,28,815,0.034355828220858899,0.76809815950920246,0.99707804690503654,0.99876970396001541,0.74502114571318723,1
F1 m=3 r=35%,surface_wape,30,17,255,3,15–20%,10,815,0.012269938650306749,0.80245398773006138,0.9831603229527105,0.61737793156478282,0.35040369088811996,1
F1 m=3 r=35%,surface_wape,30,17,255,4,≥20%,62,815,0.076073619631901845,0.81472392638036817,0.73933102652825844,0.088581314878892731,0.15086505190311419,1
F1 m=3 r=35%,surface_wape,30,17,255,5,not lit,89,815,0.10920245398773006,0.89079754601227001,0.55000000000000004,0.55000000000000004,0.55000000000000004,1
F1 m=3 r=35%,surface_wape,30,18,270,0,0–5%,132,265,0.49811320754716981,0,0.047981545559400242,0.49642445213379471,0.26182237600922725,1
F1 m=3 r=35%,surface_wape,30,18,270,1,5–10%,33,265,0.12452830188679245,0.49811320754716981,0.5870049980776626,0.82299115724721261,0.40868896578239144,1
F1 m=3 r=35%,surface_wape,30,18,270,2,10–15%,15,265,0.056603773584905662,0.62264150943396224,0.99707804690503654,0.99876970396001541,0.74502114571318723,1
F1 m=3 r=35%,surface_wape,30,18,270,3,15–20%,12,265,0.045283018867924525,0.67924528301886788,0.9831603229527105,0.61737793156478282,0.35040369088811996,1
F1 m=3 r=35%,surface_wape,30,18,270,4,≥20%,42,265,0.15849056603773584,0.7245283018867924,0.73933102652825844,0.088581314878892731,0.15086505190311419,1
F1 m=3 r=35%,surface_wape,30,18,270,5,not lit,31,265,0.1169811320754717,0.88301886792452822,0.55000000000000004,0.55000000000000004,0.55000000000000004,1
F1 m=3 r=35%,surface_wape,30,19,285,0,0–5%,371,609,0.60919540229885061,0,0.047981545559400242,0.49642445213379471,0.26182237600922725,1
F1 m=3 r=35%,surface_wape,30,19,285,1,5–10%,42,609,0.068965517241379309,0.60919540229885061,0.5870049980776626,0.82299115724721261,0.40868896578239144,1
F1 m=3 r=35%,surface_wape,30,19,285,2,10–15%,18,609,0.029556650246305417,0.67816091954022995,0.99707804690503654,0.99876970396001541,0.74502114571318723,1
F1 m=3 r=35%,surface_wape,30,19,285,3,15–20%,15,609,0.024630541871921183,0.70771756978653533,0.9831603229527105,0.61737793156478282,0.35040369088811996,1
F1 m=3 r=35%,surface_wape,30,19,285,4,≥20%,59,609,0.09688013136288999,0.73234811165845648,0.73933102652825844,0.088581314878892731,0.15086505190311419,1
F1 m=3 r=35%,surface_wape,30,19,285,5,not lit,104,609,0.17077175697865354,0.82922824302134646,0.55000000000000004,0.55000000000000004,0.55000000000000004,1
F1 m=3 r=35%,surface_wape,30,20,300,0,0–5%,883,1781,0.49578888265019649,0,0.047981545559400242,0.49642445213379471,0.26182237600922725,1
F1 m=3 r=35%,surface_wape,30,20,300,1,5–10%,160,1781,0.089837170129140928,0.49578888265019649,0.5870049980776626,0.82299115724721261,0.40868896578239144,1
F1 m=3 r=35%,surface_wape,30,20,300,2,10–15%,58,1781,0.032565974171813589,0.58562605277933744,0.99707804690503654,0.99876970396001541,0.74502114571318723,1
F1 m=3 r=35%,surface_wape,30,20,300,3,15–20%,34,1781,0.019090398652442449,0.61819202695115105,0.9831603229527105,0.61737793156478282,0.35040369088811996,1
F1 m=3 r=35%,surface_wape,30,20,300,4,≥20%,161,1781,0.09039865244244806,0.63728242560359349,0.73933102652825844,0.088581314878892731,0.15086505190311419,1
F1 m=3 r=35%,surface_wape,30,20,300,5,not lit,485,1781,0.27231892195395846,0.72768107804604154,0.55000000000000004,0.55000000000000004,0.55000000000000004,1
F1 m=3 r=35%,surface_wape,30,21,315,0,0–5%,95,190,0.5,0,0.047981545559400242,0.49642445213379471,0.26182237600922725,1
F1 m=3 r=35%,surface_wape,30,21,315,1,5–10%,30,190,0.15789473684210525,0.5,0.5870049980776626,0.82299115724721261,0.40868896578239144,1
F1 m=3 r=35%,surface_wape,30,21,315,2,10–15%,12,190,0.063157894736842107,0.65789473684210531,0.99707804690503654,0.99876970396001541,0.74502114571318723,1
F1 m=3 r=35%,surface_wape,30,21,315,3,15–20%,5,190,0.026315789473684209,0.72105263157894739,0.9831603229527105,0.61737793156478282,0.35040369088811996,1
F1 m=3 r=35%,surface_wape,30,21,315,4,≥20%,22,190,0.11578947368421053,0.74736842105263157,0.73933102652825844,0.088581314878892731,0.15086505190311419,1
F1 m=3 r=35%,surface_wape,30,21,315,5,not lit,26,190,0.1368421052631579,0.86315789473684212,0.55000000000000004,0.55000000000000004,0.55000000000000004,1
F1 m=3 r=35%,surface_wape,30,22,330,0,0–5%,166,442,0.3755656108597285,0,0.047981545559400242,0.49642445213379471,0.26182237600922725,1
F1 m=3 r=35%,surface_wape,30,22,330,1,5–10%,52,442,0.11764705882352941,0.3755656108597285,0.5870049980776626,0.82299115724721261,0.40868896578239144,1
F1 m=3 r=35%,surface_wape,30,22,330,2,10–15%,31,442,0.070135746606334842,0.49321266968325794,0.99707804690503654,0.99876970396001541,0.74502114571318723,1
F1 m=3 r=35%,surface_wape,30,22,330,3,15–20%,15,442,0.033936651583710405,0.56334841628959276,0.9831603229527105,0.61737793156478282,0.35040369088811996,1
F1 m=3 r=35%,surface_wape,30,22,330,4,≥20%,78,442,0.17647058823529413,0.59728506787330315,0.73933102652825844,0.088581314878892731,0.15086505190311419,1
F1 m=3 r=35%,surface_wape,30,22,330,5,not lit,100,442,0.22624434389140272,0.77375565610859731,0.55000000000000004,0.55000000000000004,0.55000000000000004,1
F1 m=3 r=35%,surface_wape,30,23,345,0,0–5%,378,924,0.40909090909090912,0,0.047981545559400242,0.49642445213379471,0.26182237600922725,1
F1 m=3 r=35%,surface_wape,30,23,345,1,5–10%,95,924,0.10281385281385282,0.40909090909090912,0.5870049980776626,0.82299115724721261,0.40868896578239144,1
F1 m=3 r=35%,surface_wape,30,23,345,2,10–15%,61,924,0.066017316017316016,0.51190476190476197,0.99707804690503654,0.99876970396001541,0.74502114571318723,1
F1 m=3 r=35%,surface_wape,30,23,345,3,15–20%,28,924,0.030303030303030304,0.57792207792207795,0.9831603229527105,0.61737793156478282,0.35040369088811996,1
F1 m=3 r=35%,surface_wape,30,23,345,4,≥20%,136,924,0.1471861471861472,0.60822510822510822,0.73933102652825844,0.088581314878892731,0.15086505190311419,1
F1 m=3 r=35%,surface_wape,30,23,345,5,not lit,226,924,0.24458874458874458,0.75541125541125542,0.55000000000000004,0.55000000000000004,0.55000000000000004,1
F1 m=3 r=35%,surface_wape,45,0,0,0,0–5%,81,290,0.27931034482758621,0,0.047981545559400242,0.49642445213379471,0.26182237600922725,1
F1 m=3 r=35%,surface_wape,45,0,0,1,5–10%,32,290,0.1103448275862069,0.27931034482758621,0.5870049980776626,0.82299115724721261,0.40868896578239144,1
F1 m=3 r=35%,surface_wape,45,0,0,2,10–15%,17,290,0.058620689655172413,0.3896551724137931,0.99707804690503654,0.99876970396001541,0.74502114571318723,1
F1 m=3 r=35%,surface_wape,45,0,0,3,15–20%,9,290,0.031034482758620689,0.44827586206896552,0.9831603229527105,0.61737793156478282,0.35040369088811996,1
F1 m=3 r=35%,surface_wape,45,0,0,4,≥20%,71,290,0.24482758620689654,0.47931034482758622,0.73933102652825844,0.088581314878892731,0.15086505190311419,1
F1 m=3 r=35%,surface_wape,45,0,0,5,not lit,80,290,0.27586206896551724,0.72413793103448276,0.55000000000000004,0.55000000000000004,0.55000000000000004,1
F1 m=3 r=35%,surface_wape,45,1,15,0,0–5%,237,637,0.37205651491365777,0,0.047981545559400242,0.49642445213379471,0.26182237600922725,1
F1 m=3 r=35%,surface_wape,45,1,15,1,5–10%,82,637,0.12872841444270017,0.37205651491365777,0.5870049980776626,0.82299115724721261,0.40868896578239144,1
F1 m=3 r=35%,surface_wape,45,1,15,2,10–15%,42,637,0.065934065934065936,0.50078492935635799,0.99707804690503654,0.99876970396001541,0.74502114571318723,1
F1 m=3 r=35%,surface_wape,45,1,15,3,15–20%,18,637,0.028257456828885402,0.56671899529042391,0.9831603229527105,0.61737793156478282,0.35040369088811996,1
F1 m=3 r=35%,surface_wape,45,1,15,4,≥20%,132,637,0.20722135007849293,0.59497645211930927,0.73933102652825844,0.088581314878892731,0.15086505190311419,1
F1 m=3 r=35%,surface_wape,45,1,15,5,not lit,126,637,0.19780219780219779,0.80219780219780223,0.55000000000000004,0.55000000000000004,0.55000000000000004,1
F1 m=3 r=35%,surface_wape,45,2,30,0,0–5%,726,1703,0.42630651790957136,0,0.047981545559400242,0.49642445213379471,0.26182237600922725,1
F1 m=3 r=35%,surface_wape,45,2,30,1,5–10%,237,1703,0.13916617733411626,0.42630651790957136,0.5870049980776626,0.82299115724721261,0.40868896578239144,1
F1 m=3 r=35%,surface_wape,45,2,30,2,10–15%,108,1703,0.063417498532002348,0.5654726952436876,0.99707804690503654,0.99876970396001541,0.74502114571318723,1
F1 m=3 r=35%,surface_wape,45,2,30,3,15–20%,46,1703,0.027011156782149149,0.62889019377568989,0.9831603229527105,0.61737793156478282,0.35040369088811996,1
F1 m=3 r=35%,surface_wape,45,2,30,4,≥20%,220,1703,0.12918379330593072,0.65590135055783905,0.73933102652825844,0.088581314878892731,0.15086505190311419,1
F1 m=3 r=35%,surface_wape,45,2,30,5,not lit,366,1703,0.21491485613623018,0.78508514386376982,0.55000000000000004,0.55000000000000004,0.55000000000000004,1
F1 m=3 r=35%,surface_wape,45,3,45,0,0–5%,86,187,0.45989304812834225,0,0.047981545559400242,0.49642445213379471,0.26182237600922725,1
F1 m=3 r=35%,surface_wape,45,3,45,1,5–10%,30,187,0.16042780748663102,0.45989304812834225,0.5870049980776626,0.82299115724721261,0.40868896578239144,1
F1 m=3 r=35%,surface_wape,45,3,45,2,10–15%,14,187,0.074866310160427801,0.6203208556149733,0.99707804690503654,0.99876970396001541,0.74502114571318723,1
F1 m=3 r=35%,surface_wape,45,3,45,3,15–20%,7,187,0.037433155080213901,0.69518716577540107,0.9831603229527105,0.61737793156478282,0.35040369088811996,1
F1 m=3 r=35%,surface_wape,45,3,45,4,≥20%,20,187,0.10695187165775401,0.73262032085561501,0.73933102652825844,0.088581314878892731,0.15086505190311419,1
F1 m=3 r=35%,surface_wape,45,3,45,5,not lit,30,187,0.16042780748663102,0.83957219251336901,0.55000000000000004,0.55000000000000004,0.55000000000000004,1
F1 m=3 r=35%,surface_wape,45,4,60,0,0–5%,244,412,0.59223300970873782,0,0.047981545559400242,0.49642445213379471,0.26182237600922725,1
F1 m=3 r=35%,surface_wape,45,4,60,1,5–10%,28,412,0.067961165048543687,0.59223300970873782,0.5870049980776626,0.82299115724721261,0.40868896578239144,1
F1 m=3 r=35%,surface_wape,45,4,60,2,10–15%,11,412,0.026699029126213591,0.66019417475728148,0.99707804690503654,0.99876970396001541,0.74502114571318723,1
F1 m=3 r=35%,surface_wape,45,4,60,3,15–20%,13,412,0.031553398058252427,0.68689320388349506,0.9831603229527105,0.61737793156478282,0.35040369088811996,1
F1 m=3 r=35%,surface_wape,45,4,60,4,≥20%,53,412,0.12864077669902912,0.71844660194174748,0.73933102652825844,0.088581314878892731,0.15086505190311419,1
F1 m=3 r=35%,surface_wape,45,4,60,5,not lit,63,412,0.15291262135922329,0.84708737864077666,0.55000000000000004,0.55000000000000004,0.55000000000000004,1
F1 m=3 r=35%,surface_wape,45,5,75,0,0–5%,511,826,0.61864406779661019,0,0.047981545559400242,0.49642445213379471,0.26182237600922725,1
F1 m=3 r=35%,surface_wape,45,5,75,1,5–10%,72,826,0.087167070217917669,0.61864406779661019,0.5870049980776626,0.82299115724721261,0.40868896578239144,1
F1 m=3 r=35%,surface_wape,45,5,75,2,10–15%,25,826,0.03026634382566586,0.70581113801452788,0.99707804690503654,0.99876970396001541,0.74502114571318723,1
F1 m=3 r=35%,surface_wape,45,5,75,3,15–20%,27,826,0.032687651331719129,0.73607748184019373,0.9831603229527105,0.61737793156478282,0.35040369088811996,1
F1 m=3 r=35%,surface_wape,45,5,75,4,≥20%,100,826,0.12106537530266344,0.76876513317191286,0.73933102652825844,0.088581314878892731,0.15086505190311419,1
F1 m=3 r=35%,surface_wape,45,5,75,5,not lit,91,826,0.11016949152542373,0.88983050847457634,0.55000000000000004,0.55000000000000004,0.55000000000000004,1
F1 m=3 r=35%,surface_wape,45,6,90,0,0–5%,149,286,0.52097902097902093,0,0.047981545559400242,0.49642445213379471,0.26182237600922725,1
F1 m=3 r=35%,surface_wape,45,6,90,1,5–10%,39,286,0.13636363636363635,0.52097902097902093,0.5870049980776626,0.82299115724721261,0.40868896578239144,1
F1 m=3 r=35%,surface_wape,45,6,90,2,10–15%,13,286,0.045454545454545456,0.65734265734265729,0.99707804690503654,0.99876970396001541,0.74502114571318723,1
F1 m=3 r=35%,surface_wape,45,6,90,3,15–20%,7,286,0.024475524475524476,0.7027972027972027,0.9831603229527105,0.61737793156478282,0.35040369088811996,1
F1 m=3 r=35%,surface_wape,45,6,90,4,≥20%,42,286,0.14685314685314685,0.72727272727272718,0.73933102652825844,0.088581314878892731,0.15086505190311419,1
F1 m=3 r=35%,surface_wape,45,6,90,5,not lit,36,286,0.12587412587412589,0.87412587412587406,0.55000000000000004,0.55000000000000004,0.55000000000000004,1
F1 m=3 r=35%,surface_wape,45,7,105,0,0–5%,347,611,0.56792144026186575,0,0.047981545559400242,0.49642445213379471,0.26182237600922725,1
F1 m=3 r=35%,surface_wape,45,7,105,1,5–10%,46,611,0.075286415711947621,0.56792144026186575,0.5870049980776626,0.82299115724721261,0.40868896578239144,1
F1 m=3 r=35%,surface_wape,45,7,105,2,10–15%,17,611,0.027823240589198037,0.64320785597381336,0.99707804690503654,0.99876970396001541,0.74502114571318723,1
F1 m=3 r=35%,surface_wape,45,7,105,3,15–20%,14,611,0.022913256955810146,0.67103109656301141,0.9831603229527105,0.61737793156478282,0.35040369088811996,1
F1 m=3 r=35%,surface_wape,45,7,105,4,≥20%,62,611,0.10147299509001637,0.69394435351882156,0.73933102652825844,0.088581314878892731,0.15086505190311419,1
F1 m=3 r=35%,surface_wape,45,7,105,5,not lit,125,611,0.20458265139116202,0.79541734860883795,0.55000000000000004,0.55000000000000004,0.55000000000000004,1
F1 m=3 r=35%,surface_wape,45,8,120,0,0–5%,948,1778,0.53318335208098988,0,0.047981545559400242,0.49642445213379471,0.26182237600922725,1
F1 m=3 r=35%,surface_wape,45,8,120,1,5–10%,120,1778,0.067491563554555684,0.53318335208098988,0.5870049980776626,0.82299115724721261,0.40868896578239144,1
F1 m=3 r=35%,surface_wape,45,8,120,2,10–15%,39,1778,0.021934758155230598,0.60067491563554554,0.99707804690503654,0.99876970396001541,0.74502114571318723,1
F1 m=3 r=35%,surface_wape,45,8,120,3,15–20%,30,1778,0.016872890888638921,0.62260967379077614,0.9831603229527105,0.61737793156478282,0.35040369088811996,1
F1 m=3 r=35%,surface_wape,45,8,120,4,≥20%,157,1778,0.088301462317210352,0.63948256467941511,0.73933102652825844,0.088581314878892731,0.15086505190311419,1
F1 m=3 r=35%,surface_wape,45,8,120,5,not lit,484,1778,0.27221597300337458,0.72778402699662548,0.55000000000000004,0.55000000000000004,0.55000000000000004,1
F1 m=3 r=35%,surface_wape,45,9,135,0,0–5%,124,188,0.65957446808510634,0,0.047981545559400242,0.49642445213379471,0.26182237600922725,1
F1 m=3 r=35%,surface_wape,45,9,135,1,5–10%,7,188,0.037234042553191488,0.65957446808510634,0.5870049980776626,0.82299115724721261,0.40868896578239144,1
F1 m=3 r=35%,surface_wape,45,9,135,2,10–15%,8,188,0.042553191489361701,0.69680851063829785,0.99707804690503654,0.99876970396001541,0.74502114571318723,1
F1 m=3 r=35%,surface_wape,45,9,135,3,15–20%,2,188,0.010638297872340425,0.7393617021276595,0.9831603229527105,0.61737793156478282,0.35040369088811996,1
F1 m=3 r=35%,surface_wape,45,9,135,4,≥20%,8,188,0.042553191489361701,0.74999999999999989,0.73933102652825844,0.088581314878892731,0.15086505190311419,1
F1 m=3 r=35%,surface_wape,45,9,135,5,not lit,39,188,0.20744680851063829,0.79255319148936154,0.55000000000000004,0.55000000000000004,0.55000000000000004,1
F1 m=3 r=35%,surface_wape,45,10,150,0,0–5%,276,456,0.60526315789473684,0,0.047981545559400242,0.49642445213379471,0.26182237600922725,1
F1 m=3 r=35%,surface_wape,45,10,150,1,5–10%,34,456,0.074561403508771926,0.60526315789473684,0.5870049980776626,0.82299115724721261,0.40868896578239144,1
F1 m=3 r=35%,surface_wape,45,10,150,2,10–15%,12,456,0.026315789473684209,0.67982456140350878,0.99707804690503654,0.99876970396001541,0.74502114571318723,1
F1 m=3 r=35%,surface_wape,45,10,150,3,15–20%,5,456,0.010964912280701754,0.70614035087719296,0.9831603229527105,0.61737793156478282,0.35040369088811996,1
F1 m=3 r=35%,surface_wape,45,10,150,4,≥20%,33,456,0.072368421052631582,0.71710526315789469,0.73933102652825844,0.088581314878892731,0.15086505190311419,1
F1 m=3 r=35%,surface_wape,45,10,150,5,not lit,96,456,0.21052631578947367,0.78947368421052633,0.55000000000000004,0.55000000000000004,0.55000000000000004,1
F1 m=3 r=35%,surface_wape,45,11,165,0,0–5%,564,907,0.62183020948180812,0,0.047981545559400242,0.49642445213379471,0.26182237600922725,1
F1 m=3 r=35%,surface_wape,45,11,165,1,5–10%,47,907,0.051819184123484012,0.62183020948180812,0.5870049980776626,0.82299115724721261,0.40868896578239144,1
F1 m=3 r=35%,surface_wape,45,11,165,2,10–15%,20,907,0.022050716648291068,0.67364939360529208,0.99707804690503654,0.99876970396001541,0.74502114571318723,1
F1 m=3 r=35%,surface_wape,45,11,165,3,15–20%,12,907,0.013230429988974642,0.69570011025358314,0.9831603229527105,0.61737793156478282,0.35040369088811996,1
F1 m=3 r=35%,surface_wape,45,11,165,4,≥20%,54,907,0.059536934950385888,0.70893054024255775,0.73933102652825844,0.088581314878892731,0.15086505190311419,1
F1 m=3 r=35%,surface_wape,45,11,165,5,not lit,210,907,0.23153252480705622,0.76846747519294367,0.55000000000000004,0.55000000000000004,0.55000000000000004,1
F1 m=3 r=35%,surface_wape,45,12,180,0,0–5%,155,276,0.56159420289855078,0,0.047981545559400242,0.49642445213379471,0.26182237600922725,1
F1 m=3 r=35%,surface_wape,45,12,180,1,5–10%,21,276,0.076086956521739135,0.56159420289855078,0.5870049980776626,0.82299115724721261,0.40868896578239144,1
F1 m=3 r=35%,surface_wape,45,12,180,2,10–15%,8,276,0.028985507246376812,0.63768115942028991,0.99707804690503654,0.99876970396001541,0.74502114571318723,1
F1 m=3 r=35%,surface_wape,45,12,180,3,15–20%,4,276,0.014492753623188406,0.66666666666666674,0.9831603229527105,0.61737793156478282,0.35040369088811996,1
F1 m=3 r=35%,surface_wape,45,12,180,4,≥20%,35,276,0.12681159420289856,0.6811594202898551,0.73933102652825844,0.088581314878892731,0.15086505190311419,1
F1 m=3 r=35%,surface_wape,45,12,180,5,not lit,53,276,0.19202898550724637,0.80797101449275366,0.55000000000000004,0.55000000000000004,0.55000000000000004,1
F1 m=3 r=35%,surface_wape,45,13,195,0,0–5%,403,610,0.66065573770491803,0,0.047981545559400242,0.49642445213379471,0.26182237600922725,1
F1 m=3 r=35%,surface_wape,45,13,195,1,5–10%,43,610,0.070491803278688522,0.66065573770491803,0.5870049980776626,0.82299115724721261,0.40868896578239144,1
F1 m=3 r=35%,surface_wape,45,13,195,2,10–15%,11,610,0.018032786885245903,0.73114754098360657,0.99707804690503654,0.99876970396001541,0.74502114571318723,1
F1 m=3 r=35%,surface_wape,45,13,195,3,15–20%,9,610,0.014754098360655738,0.74918032786885247,0.9831603229527105,0.61737793156478282,0.35040369088811996,1
F1 m=3 r=35%,surface_wape,45,13,195,4,≥20%,42,610,0.068852459016393447,0.76393442622950825,0.73933102652825844,0.088581314878892731,0.15086505190311419,1
F1 m=3 r=35%,surface_wape,45,13,195,5,not lit,102,610,0.16721311475409836,0.83278688524590172,0.55000000000000004,0.55000000000000004,0.55000000000000004,1
F1 m=3 r=35%,surface_wape,45,14,210,0,0–5%,1126,1679,0.6706372840976772,0,0.047981545559400242,0.49642445213379471,0.26182237600922725,1
F1 m=3 r=35%,surface_wape,45,14,210,1,5–10%,121,1679,0.072066706372840975,0.6706372840976772,0.5870049980776626,0.82299115724721261,0.40868896578239144,1
F1 m=3 r=35%,surface_wape,45,14,210,2,10–15%,34,1679,0.020250148898153662,0.74270399047051816,0.99707804690503654,0.99876970396001541,0.74502114571318723,1
F1 m=3 r=35%,surface_wape,45,14,210,3,15–20%,19,1679,0.011316259678379988,0.76295413936867185,0.9831603229527105,0.61737793156478282,0.35040369088811996,1
F1 m=3 r=35%,surface_wape,45,14,210,4,≥20%,80,1679,0.047647409172126266,0.77427039904705186,0.73933102652825844,0.088581314878892731,0.15086505190311419,1
F1 m=3 r=35%,surface_wape,45,14,210,5,not lit,299,1679,0.17808219178082191,0.82191780821917815,0.55000000000000004,0.55000000000000004,0.55000000000000004,1
F1 m=3 r=35%,surface_wape,45,15,225,0,0–5%,129,197,0.65482233502538068,0,0.047981545559400242,0.49642445213379471,0.26182237600922725,1
F1 m=3 r=35%,surface_wape,45,15,225,1,5–10%,18,197,0.091370558375634514,0.65482233502538068,0.5870049980776626,0.82299115724721261,0.40868896578239144,1
F1 m=3 r=35%,surface_wape,45,15,225,2,10–15%,11,197,0.055837563451776651,0.74619289340101513,0.99707804690503654,0.99876970396001541,0.74502114571318723,1
F1 m=3 r=35%,surface_wape,45,15,225,3,15–20%,6,197,0.030456852791878174,0.80203045685279184,0.9831603229527105,0.61737793156478282,0.35040369088811996,1
F1 m=3 r=35%,surface_wape,45,15,225,4,≥20%,14,197,0.071065989847715741,0.83248730964466999,0.73933102652825844,0.088581314878892731,0.15086505190311419,1
F1 m=3 r=35%,surface_wape,45,15,225,5,not lit,19,197,0.096446700507614211,0.90355329949238572,0.55000000000000004,0.55000000000000004,0.55000000000000004,1
F1 m=3 r=35%,surface_wape,45,16,240,0,0–5%,266,407,0.65356265356265353,0,0.047981545559400242,0.49642445213379471,0.26182237600922725,1
F1 m=3 r=35%,surface_wape,45,16,240,1,5–10%,22,407,0.054054054054054057,0.65356265356265353,0.5870049980776626,0.82299115724721261,0.40868896578239144,1
F1 m=3 r=35%,surface_wape,45,16,240,2,10–15%,21,407,0.051597051597051594,0.70761670761670759,0.99707804690503654,0.99876970396001541,0.74502114571318723,1
F1 m=3 r=35%,surface_wape,45,16,240,3,15–20%,10,407,0.024570024570024569,0.75921375921375922,0.9831603229527105,0.61737793156478282,0.35040369088811996,1
F1 m=3 r=35%,surface_wape,45,16,240,4,≥20%,40,407,0.098280098280098274,0.78378378378378377,0.73933102652825844,0.088581314878892731,0.15086505190311419,1
F1 m=3 r=35%,surface_wape,45,16,240,5,not lit,48,407,0.11793611793611794,0.88206388206388209,0.55000000000000004,0.55000000000000004,0.55000000000000004,1
F1 m=3 r=35%,surface_wape,45,17,255,0,0–5%,536,815,0.6576687116564417,0,0.047981545559400242,0.49642445213379471,0.26182237600922725,1
F1 m=3 r=35%,surface_wape,45,17,255,1,5–10%,75,815,0.09202453987730061,0.6576687116564417,0.5870049980776626,0.82299115724721261,0.40868896578239144,1
F1 m=3 r=35%,surface_wape,45,17,255,2,10–15%,27,815,0.033128834355828224,0.74969325153374233,0.99707804690503654,0.99876970396001541,0.74502114571318723,1
F1 m=3 r=35%,surface_wape,45,17,255,3,15–20%,23,815,0.028220858895705522,0.78282208588957058,0.9831603229527105,0.61737793156478282,0.35040369088811996,1
F1 m=3 r=35%,surface_wape,45,17,255,4,≥20%,61,815,0.074846625766871164,0.81104294478527605,0.73933102652825844,0.088581314878892731,0.15086505190311419,1
F1 m=3 r=35%,surface_wape,45,17,255,5,not lit,93,815,0.11411042944785275,0.88588957055214723,0.55000000000000004,0.55000000000000004,0.55000000000000004,1
F1 m=3 r=35%,surface_wape,45,18,270,0,0–5%,128,265,0.48301886792452831,0,0.047981545559400242,0.49642445213379471,0.26182237600922725,1
F1 m=3 r=35%,surface_wape,45,18,270,1,5–10%,26,265,0.098113207547169817,0.48301886792452831,0.5870049980776626,0.82299115724721261,0.40868896578239144,1
F1 m=3 r=35%,surface_wape,45,18,270,2,10–15%,16,265,0.060377358490566038,0.5811320754716981,0.99707804690503654,0.99876970396001541,0.74502114571318723,1
F1 m=3 r=35%,surface_wape,45,18,270,3,15–20%,12,265,0.045283018867924525,0.64150943396226412,0.9831603229527105,0.61737793156478282,0.35040369088811996,1
F1 m=3 r=35%,surface_wape,45,18,270,4,≥20%,48,265,0.1811320754716981,0.68679245283018864,0.73933102652825844,0.088581314878892731,0.15086505190311419,1
F1 m=3 r=35%,surface_wape,45,18,270,5,not lit,35,265,0.13207547169811321,0.86792452830188671,0.55000000000000004,0.55000000000000004,0.55000000000000004,1
F1 m=3 r=35%,surface_wape,45,19,285,0,0–5%,349,609,0.57307060755336614,0,0.047981545559400242,0.49642445213379471,0.26182237600922725,1
F1 m=3 r=35%,surface_wape,45,19,285,1,5–10%,47,609,0.077175697865353041,0.57307060755336614,0.5870049980776626,0.82299115724721261,0.40868896578239144,1
F1 m=3 r=35%,surface_wape,45,19,285,2,10–15%,25,609,0.041050903119868636,0.65024630541871919,0.99707804690503654,0.99876970396001541,0.74502114571318723,1
F1 m=3 r=35%,surface_wape,45,19,285,3,15–20%,17,609,0.027914614121510674,0.69129720853858778,0.9831603229527105,0.61737793156478282,0.35040369088811996,1
F1 m=3 r=35%,surface_wape,45,19,285,4,≥20%,65,609,0.10673234811165845,0.71921182266009842,0.73933102652825844,0.088581314878892731,0.15086505190311419,1
F1 m=3 r=35%,surface_wape,45,19,285,5,not lit,106,609,0.17405582922824303,0.82594417077175686,0.55000000000000004,0.55000000000000004,0.55000000000000004,1
F1 m=3 r=35%,surface_wape,45,20,300,0,0–5%,799,1781,0.44862436833239755,0,0.047981545559400242,0.49642445213379471,0.26182237600922725,1
F1 m=3 r=35%,surface_wape,45,20,300,1,5–10%,170,1781,0.095451993262212237,0.44862436833239755,0.5870049980776626,0.82299115724721261,0.40868896578239144,1
F1 m=3 r=35%,surface_wape,45,20,300,2,10–15%,69,1781,0.03874227961819203,0.54407636159460981,0.99707804690503654,0.99876970396001541,0.74502114571318723,1
F1 m=3 r=35%,surface_wape,45,20,300,3,15–20%,41,1781,0.023020774845592364,0.5828186412128018,0.9831603229527105,0.61737793156478282,0.35040369088811996,1
F1 m=3 r=35%,surface_wape,45,20,300,4,≥20%,143,1781,0.080291970802919707,0.6058394160583942,0.73933102652825844,0.088581314878892731,0.15086505190311419,1
F1 m=3 r=35%,surface_wape,45,20,300,5,not lit,559,1781,0.31386861313868614,0.68613138686131392,0.55000000000000004,0.55000000000000004,0.55000000000000004,1
F1 m=3 r=35%,surface_wape,45,21,315,0,0–5%,72,190,0.37894736842105264,0,0.047981545559400242,0.49642445213379471,0.26182237600922725,1
F1 m=3 r=35%,surface_wape,45,21,315,1,5–10%,30,190,0.15789473684210525,0.37894736842105264,0.5870049980776626,0.82299115724721261,0.40868896578239144,1
F1 m=3 r=35%,surface_wape,45,21,315,2,10–15%,18,190,0.094736842105263161,0.5368421052631579,0.99707804690503654,0.99876970396001541,0.74502114571318723,1
F1 m=3 r=35%,surface_wape,45,21,315,3,15–20%,8,190,0.042105263157894736,0.63157894736842102,0.9831603229527105,0.61737793156478282,0.35040369088811996,1
F1 m=3 r=35%,surface_wape,45,21,315,4,≥20%,31,190,0.16315789473684211,0.67368421052631577,0.73933102652825844,0.088581314878892731,0.15086505190311419,1
F1 m=3 r=35%,surface_wape,45,21,315,5,not lit,31,190,0.16315789473684211,0.83684210526315783,0.55000000000000004,0.55000000000000004,0.55000000000000004,1
F1 m=3 r=35%,surface_wape,45,22,330,0,0–5%,125,442,0.28280542986425339,0,0.047981545559400242,0.49642445213379471,0.26182237600922725,1
F1 m=3 r=35%,surface_wape,45,22,330,1,5–10%,41,442,0.092760180995475117,0.28280542986425339,0.5870049980776626,0.82299115724721261,0.40868896578239144,1
F1 m=3 r=35%,surface_wape,45,22,330,2,10–15%,31,442,0.070135746606334842,0.3755656108597285,0.99707804690503654,0.99876970396001541,0.74502114571318723,1
F1 m=3 r=35%,surface_wape,45,22,330,3,15–20%,24,442,0.054298642533936653,0.44570135746606332,0.9831603229527105,0.61737793156478282,0.35040369088811996,1
F1 m=3 r=35%,surface_wape,45,22,330,4,≥20%,103,442,0.2330316742081448,0.5,0.73933102652825844,0.088581314878892731,0.15086505190311419,1
F1 m=3 r=35%,surface_wape,45,22,330,5,not lit,118,442,0.2669683257918552,0.73303167420814486,0.55000000000000004,0.55000000000000004,0.55000000000000004,1
F1 m=3 r=35%,surface_wape,45,23,345,0,0–5%,275,924,0.29761904761904762,0,0.047981545559400242,0.49642445213379471,0.26182237600922725,1
F1 m=3 r=35%,surface_wape,45,23,345,1,5–10%,108,924,0.11688311688311688,0.29761904761904762,0.5870049980776626,0.82299115724721261,0.40868896578239144,1
F1 m=3 r=35%,surface_wape,45,23,345,2,10–15%,46,924,0.049783549783549784,0.41450216450216448,0.99707804690503654,0.99876970396001541,0.74502114571318723,1
F1 m=3 r=35%,surface_wape,45,23,345,3,15–20%,34,924,0.0367965367965368,0.46428571428571425,0.9831603229527105,0.61737793156478282,0.35040369088811996,1
F1 m=3 r=35%,surface_wape,45,23,345,4,≥20%,185,924,0.20021645021645021,0.50108225108225102,0.73933102652825844,0.088581314878892731,0.15086505190311419,1
F1 m=3 r=35%,surface_wape,45,23,345,5,not lit,276,924,0.29870129870129869,0.7012987012987012,0.55000000000000004,0.55000000000000004,0.55000000000000004,1
F1 m=3 r=35%,surface_wape,60,0,0,0,0–5%,59,290,0.20344827586206896,0,0.047981545559400242,0.49642445213379471,0.26182237600922725,1
F1 m=3 r=35%,surface_wape,60,0,0,1,5–10%,36,290,0.12413793103448276,0.20344827586206896,0.5870049980776626,0.82299115724721261,0.40868896578239144,1
F1 m=3 r=35%,surface_wape,60,0,0,2,10–15%,28,290,0.096551724137931033,0.32758620689655171,0.99707804690503654,0.99876970396001541,0.74502114571318723,1
F1 m=3 r=35%,surface_wape,60,0,0,3,15–20%,14,290,0.048275862068965517,0.42413793103448272,0.9831603229527105,0.61737793156478282,0.35040369088811996,1
F1 m=3 r=35%,surface_wape,60,0,0,4,≥20%,68,290,0.23448275862068965,0.47241379310344822,0.73933102652825844,0.088581314878892731,0.15086505190311419,1
F1 m=3 r=35%,surface_wape,60,0,0,5,not lit,85,290,0.29310344827586204,0.7068965517241379,0.55000000000000004,0.55000000000000004,0.55000000000000004,1
F1 m=3 r=35%,surface_wape,60,1,15,0,0–5%,193,637,0.30298273155416011,0,0.047981545559400242,0.49642445213379471,0.26182237600922725,1
F1 m=3 r=35%,surface_wape,60,1,15,1,5–10%,83,637,0.13029827315541601,0.30298273155416011,0.5870049980776626,0.82299115724721261,0.40868896578239144,1
F1 m=3 r=35%,surface_wape,60,1,15,2,10–15%,34,637,0.053375196232339092,0.43328100470957609,0.99707804690503654,0.99876970396001541,0.74502114571318723,1
F1 m=3 r=35%,surface_wape,60,1,15,3,15–20%,33,637,0.051805337519623233,0.4866562009419152,0.9831603229527105,0.61737793156478282,0.35040369088811996,1
F1 m=3 r=35%,surface_wape,60,1,15,4,≥20%,153,637,0.24018838304552589,0.53846153846153844,0.73933102652825844,0.088581314878892731,0.15086505190311419,1
F1 m=3 r=35%,surface_wape,60,1,15,5,not lit,141,637,0.22135007849293564,0.77864992150706436,0.55000000000000004,0.55000000000000004,0.55000000000000004,1
F1 m=3 r=35%,surface_wape,60,2,30,0,0–5%,591,1703,0.34703464474456841,0,0.047981545559400242,0.49642445213379471,0.26182237600922725,1
F1 m=3 r=35%,surface_wape,60,2,30,1,5–10%,249,1703,0.1462125660598943,0.34703464474456841,0.5870049980776626,0.82299115724721261,0.40868896578239144,1
F1 m=3 r=35%,surface_wape,60,2,30,2,10–15%,107,1703,0.062830299471520842,0.49324721080446271,0.99707804690503654,0.99876970396001541,0.74502114571318723,1
F1 m=3 r=35%,surface_wape,60,2,30,3,15–20%,72,1703,0.042278332354668234,0.55607751027598351,0.9831603229527105,0.61737793156478282,0.35040369088811996,1
F1 m=3 r=35%,surface_wape,60,2,30,4,≥20%,256,1703,0.15032295948326482,0.59835584263065178,0.73933102652825844,0.088581314878892731,0.15086505190311419,1
F1 m=3 r=35%,surface_wape,60,2,30,5,not lit,428,1703,0.25132119788608337,0.74867880211391657,0.55000000000000004,0.55000000000000004,0.55000000000000004,1
F1 m=3 r=35%,surface_wape,60,3,45,0,0–5%,76,187,0.40641711229946526,0,0.047981545559400242,0.49642445213379471,0.26182237600922725,1
F1 m=3 r=35%,surface_wape,60,3,45,1,5–10%,27,187,0.14438502673796791,0.40641711229946526,0.5870049980776626,0.82299115724721261,0.40868896578239144,1
F1 m=3 r=35%,surface_wape,60,3,45,2,10–15%,12,187,0.064171122994652413,0.55080213903743314,0.99707804690503654,0.99876970396001541,0.74502114571318723,1
F1 m=3 r=35%,surface_wape,60,3,45,3,15–20%,6,187,0.032085561497326207,0.61497326203208558,0.9831603229527105,0.61737793156478282,0.35040369088811996,1
F1 m=3 r=35%,surface_wape,60,3,45,4,≥20%,29,187,0.15508021390374332,0.6470588235294118,0.73933102652825844,0.088581314878892731,0.15086505190311419,1
F1 m=3 r=35%,surface_wape,60,3,45,5,not lit,37,187,0.19786096256684493,0.80213903743315518,0.55000000000000004,0.55000000000000004,0.55000000000000004,1
F1 m=3 r=35%,surface_wape,60,4,60,0,0–5%,226,412,0.54854368932038833,0,0.047981545559400242,0.49642445213379471,0.26182237600922725,1
F1 m=3 r=35%,surface_wape,60,4,60,1,5–10%,35,412,0.084951456310679616,0.54854368932038833,0.5870049980776626,0.82299115724721261,0.40868896578239144,1
F1 m=3 r=35%,surface_wape,60,4,60,2,10–15%,22,412,0.053398058252427182,0.6334951456310679,0.99707804690503654,0.99876970396001541,0.74502114571318723,1
F1 m=3 r=35%,surface_wape,60,4,60,3,15–20%,9,412,0.021844660194174758,0.68689320388349506,0.9831603229527105,0.61737793156478282,0.35040369088811996,1
F1 m=3 r=35%,surface_wape,60,4,60,4,≥20%,54,412,0.13106796116504854,0.70873786407766981,0.73933102652825844,0.088581314878892731,0.15086505190311419,1
F1 m=3 r=35%,surface_wape,60,4,60,5,not lit,66,412,0.16019417475728157,0.8398058252427183,0.55000000000000004,0.55000000000000004,0.55000000000000004,1
F1 m=3 r=35%,surface_wape,60,5,75,0,0–5%,433,826,0.52421307506053272,0,0.047981545559400242,0.49642445213379471,0.26182237600922725,1
F1 m=3 r=35%,surface_wape,60,5,75,1,5–10%,95,826,0.11501210653753027,0.52421307506053272,0.5870049980776626,0.82299115724721261,0.40868896578239144,1
F1 m=3 r=35%,surface_wape,60,5,75,2,10–15%,42,826,0.050847457627118647,0.63922518159806296,0.99707804690503654,0.99876970396001541,0.74502114571318723,1
F1 m=3 r=35%,surface_wape,60,5,75,3,15–20%,23,826,0.02784503631961259,0.69007263922518158,0.9831603229527105,0.61737793156478282,0.35040369088811996,1
F1 m=3 r=35%,surface_wape,60,5,75,4,≥20%,127,826,0.15375302663438256,0.71791767554479413,0.73933102652825844,0.088581314878892731,0.15086505190311419,1
F1 m=3 r=35%,surface_wape,60,5,75,5,not lit,106,826,0.12832929782082325,0.87167070217917675,0.55000000000000004,0.55000000000000004,0.55000000000000004,1
F1 m=3 r=35%,surface_wape,60,6,90,0,0–5%,134,286,0.46853146853146854,0,0.047981545559400242,0.49642445213379471,0.26182237600922725,1
F1 m=3 r=35%,surface_wape,60,6,90,1,5–10%,38,286,0.13286713286713286,0.46853146853146854,0.5870049980776626,0.82299115724721261,0.40868896578239144,1
F1 m=3 r=35%,surface_wape,60,6,90,2,10–15%,19,286,0.066433566433566432,0.60139860139860146,0.99707804690503654,0.99876970396001541,0.74502114571318723,1
F1 m=3 r=35%,surface_wape,60,6,90,3,15–20%,8,286,0.027972027972027972,0.66783216783216792,0.9831603229527105,0.61737793156478282,0.35040369088811996,1
F1 m=3 r=35%,surface_wape,60,6,90,4,≥20%,50,286,0.17482517482517482,0.69580419580419595,0.73933102652825844,0.088581314878892731,0.15086505190311419,1
F1 m=3 r=35%,surface_wape,60,6,90,5,not lit,37,286,0.12937062937062938,0.87062937062937074,0.55000000000000004,0.55000000000000004,0.55000000000000004,1
F1 m=3 r=35%,surface_wape,60,7,105,0,0–5%,323,611,0.52864157119476274,0,0.047981545559400242,0.49642445213379471,0.26182237600922725,1
F1 m=3 r=35%,surface_wape,60,7,105,1,5–10%,61,611,0.099836333878887074,0.52864157119476274,0.5870049980776626,0.82299115724721261,0.40868896578239144,1
F1 m=3 r=35%,surface_wape,60,7,105,2,10–15%,19,611,0.031096563011456628,0.62847790507364976,0.99707804690503654,0.99876970396001541,0.74502114571318723,1
F1 m=3 r=35%,surface_wape,60,7,105,3,15–20%,11,611,0.018003273322422259,0.65957446808510634,0.9831603229527105,0.61737793156478282,0.35040369088811996,1
F1 m=3 r=35%,surface_wape,60,7,105,4,≥20%,63,611,0.10310965630114566,0.67757774140752858,0.73933102652825844,0.088581314878892731,0.15086505190311419,1
F1 m=3 r=35%,surface_wape,60,7,105,5,not lit,134,611,0.21931260229132571,0.78068739770867424,0.55000000000000004,0.55000000000000004,0.55000000000000004,1
F1 m=3 r=35%,surface_wape,60,8,120,0,0–5%,871,1778,0.48987626546681667,0,0.047981545559400242,0.49642445213379471,0.26182237600922725,1
F1 m=3 r=35%,surface_wape,60,8,120,1,5–10%,126,1778,0.070866141732283464,0.48987626546681667,0.5870049980776626,0.82299115724721261,0.40868896578239144,1
F1 m=3 r=35%,surface_wape,60,8,120,2,10–15%,60,1778,0.033745781777277842,0.56074240719910018,0.99707804690503654,0.99876970396001541,0.74502114571318723,1
F1 m=3 r=35%,surface_wape,60,8,120,3,15–20%,27,1778,0.015185601799775027,0.59448818897637801,0.9831603229527105,0.61737793156478282,0.35040369088811996,1
F1 m=3 r=35%,surface_wape,60,8,120,4,≥20%,161,1778,0.09055118110236221,0.60967379077615302,0.73933102652825844,0.088581314878892731,0.15086505190311419,1
F1 m=3 r=35%,surface_wape,60,8,120,5,not lit,533,1778,0.29977502812148482,0.70022497187851518,0.55000000000000004,0.55000000000000004,0.55000000000000004,1
F1 m=3 r=35%,surface_wape,60,9,135,0,0–5%,110,188,0.58510638297872342,0,0.047981545559400242,0.49642445213379471,0.26182237600922725,1
F1 m=3 r=35%,surface_wape,60,9,135,1,5–10%,16,188,0.085106382978723402,0.58510638297872342,0.5870049980776626,0.82299115724721261,0.40868896578239144,1
F1 m=3 r=35%,surface_wape,60,9,135,2,10–15%,2,188,0.010638297872340425,0.67021276595744683,0.99707804690503654,0.99876970396001541,0.74502114571318723,1
F1 m=3 r=35%,surface_wape,60,9,135,3,15–20%,5,188,0.026595744680851064,0.68085106382978722,0.9831603229527105,0.61737793156478282,0.35040369088811996,1
F1 m=3 r=35%,surface_wape,60,9,135,4,≥20%,16,188,0.085106382978723402,0.70744680851063824,0.73933102652825844,0.088581314878892731,0.15086505190311419,1
F1 m=3 r=35%,surface_wape,60,9,135,5,not lit,39,188,0.20744680851063829,0.79255319148936165,0.55000000000000004,0.55000000000000004,0.55000000000000004,1
F1 m=3 r=35%,surface_wape,60,10,150,0,0–5%,267,456,0.58552631578947367,0,0.047981545559400242,0.49642445213379471,0.26182237600922725,1
F1 m=3 r=35%,surface_wape,60,10,150,1,5–10%,33,456,0.072368421052631582,0.58552631578947367,0.5870049980776626,0.82299115724721261,0.40868896578239144,1
F1 m=3 r=35%,surface_wape,60,10,150,2,10–15%,8,456,0.017543859649122806,0.65789473684210531,0.99707804690503654,0.99876970396001541,0.74502114571318723,1
F1 m=3 r=35%,surface_wape,60,10,150,3,15–20%,4,456,0.008771929824561403,0.67543859649122817,0.9831603229527105,0.61737793156478282,0.35040369088811996,1
F1 m=3 r=35%,surface_wape,60,10,150,4,≥20%,38,456,0.083333333333333329,0.6842105263157896,0.73933102652825844,0.088581314878892731,0.15086505190311419,1
F1 m=3 r=35%,surface_wape,60,10,150,5,not lit,106,456,0.23245614035087719,0.76754385964912297,0.55000000000000004,0.55000000000000004,0.55000000000000004,1
F1 m=3 r=35%,surface_wape,60,11,165,0,0–5%,522,907,0.57552370452039692,0,0.047981545559400242,0.49642445213379471,0.26182237600922725,1
F1 m=3 r=35%,surface_wape,60,11,165,1,5–10%,62,907,0.068357221609702312,0.57552370452039692,0.5870049980776626,0.82299115724721261,0.40868896578239144,1
F1 m=3 r=35%,surface_wape,60,11,165,2,10–15%,26,907,0.028665931642778392,0.64388092613009928,0.99707804690503654,0.99876970396001541,0.74502114571318723,1
F1 m=3 r=35%,surface_wape,60,11,165,3,15–20%,15,907,0.016538037486218304,0.6725468577728777,0.9831603229527105,0.61737793156478282,0.35040369088811996,1
F1 m=3 r=35%,surface_wape,60,11,165,4,≥20%,67,907,0.073869900771775077,0.689084895259096,0.73933102652825844,0.088581314878892731,0.15086505190311419,1
F1 m=3 r=35%,surface_wape,60,11,165,5,not lit,215,907,0.23704520396912901,0.76295479603087113,0.55000000000000004,0.55000000000000004,0.55000000000000004,1
F1 m=3 r=35%,surface_wape,60,12,180,0,0–5%,144,276,0.52173913043478259,0,0.047981545559400242,0.49642445213379471,0.26182237600922725,1
F1 m=3 r=35%,surface_wape,60,12,180,1,5–10%,25,276,0.090579710144927536,0.52173913043478259,0.5870049980776626,0.82299115724721261,0.40868896578239144,1
F1 m=3 r=35%,surface_wape,60,12,180,2,10–15%,8,276,0.028985507246376812,0.61231884057971009,0.99707804690503654,0.99876970396001541,0.74502114571318723,1
F1 m=3 r=35%,surface_wape,60,12,180,3,15–20%,6,276,0.021739130434782608,0.64130434782608692,0.9831603229527105,0.61737793156478282,0.35040369088811996,1
F1 m=3 r=35%,surface_wape,60,12,180,4,≥20%,38,276,0.13768115942028986,0.66304347826086951,0.73933102652825844,0.088581314878892731,0.15086505190311419,1
F1 m=3 r=35%,surface_wape,60,12,180,5,not lit,55,276,0.19927536231884058,0.80072463768115942,0.55000000000000004,0.55000000000000004,0.55000000000000004,1
F1 m=3 r=35%,surface_wape,60,13,195,0,0–5%,406,610,0.66557377049180333,0,0.047981545559400242,0.49642445213379471,0.26182237600922725,1
F1 m=3 r=35%,surface_wape,60,13,195,1,5–10%,28,610,0.045901639344262293,0.66557377049180333,0.5870049980776626,0.82299115724721261,0.40868896578239144,1
F1 m=3 r=35%,surface_wape,60,13,195,2,10–15%,14,610,0.022950819672131147,0.71147540983606561,0.99707804690503654,0.99876970396001541,0.74502114571318723,1
F1 m=3 r=35%,surface_wape,60,13,195,3,15–20%,11,610,0.018032786885245903,0.7344262295081968,0.9831603229527105,0.61737793156478282,0.35040369088811996,1
F1 m=3 r=35%,surface_wape,60,13,195,4,≥20%,47,610,0.077049180327868852,0.7524590163934427,0.73933102652825844,0.088581314878892731,0.15086505190311419,1
F1 m=3 r=35%,surface_wape,60,13,195,5,not lit,104,610,0.17049180327868851,0.8295081967213116,0.55000000000000004,0.55000000000000004,0.55000000000000004,1
F1 m=3 r=35%,surface_wape,60,14,210,0,0–5%,1059,1679,0.63073257891602141,0,0.047981545559400242,0.49642445213379471,0.26182237600922725,1
F1 m=3 r=35%,surface_wape,60,14,210,1,5–10%,119,1679,0.070875521143537817,0.63073257891602141,0.5870049980776626,0.82299115724721261,0.40868896578239144,1
F1 m=3 r=35%,surface_wape,60,14,210,2,10–15%,45,1679,0.026801667659321026,0.7016081000595592,0.99707804690503654,0.99876970396001541,0.74502114571318723,1
F1 m=3 r=35%,surface_wape,60,14,210,3,15–20%,27,1679,0.016081000595592615,0.72840976771888022,0.9831603229527105,0.61737793156478282,0.35040369088811996,1
F1 m=3 r=35%,surface_wape,60,14,210,4,≥20%,129,1679,0.076831447290053603,0.74449076831447281,0.73933102652825844,0.088581314878892731,0.15086505190311419,1
F1 m=3 r=35%,surface_wape,60,14,210,5,not lit,300,1679,0.17867778439547349,0.82132221560452645,0.55000000000000004,0.55000000000000004,0.55000000000000004,1
F1 m=3 r=35%,surface_wape,60,15,225,0,0–5%,120,197,0.6091370558375635,0,0.047981545559400242,0.49642445213379471,0.26182237600922725,1
F1 m=3 r=35%,surface_wape,60,15,225,1,5–10%,19,197,0.096446700507614211,0.6091370558375635,0.5870049980776626,0.82299115724721261,0.40868896578239144,1
F1 m=3 r=35%,surface_wape,60,15,225,2,10–15%,16,197,0.081218274111675121,0.70558375634517767,0.99707804690503654,0.99876970396001541,0.74502114571318723,1
F1 m=3 r=35%,surface_wape,60,15,225,3,15–20%,3,197,0.015228426395939087,0.78680203045685282,0.9831603229527105,0.61737793156478282,0.35040369088811996,1
F1 m=3 r=35%,surface_wape,60,15,225,4,≥20%,16,197,0.081218274111675121,0.80203045685279195,0.73933102652825844,0.088581314878892731,0.15086505190311419,1
F1 m=3 r=35%,surface_wape,60,15,225,5,not lit,23,197,0.116751269035533,0.8832487309644671,0.55000000000000004,0.55000000000000004,0.55000000000000004,1
F1 m=3 r=35%,surface_wape,60,16,240,0,0–5%,265,407,0.65110565110565111,0,0.047981545559400242,0.49642445213379471,0.26182237600922725,1
F1 m=3 r=35%,surface_wape,60,16,240,1,5–10%,25,407,0.061425061425061427,0.65110565110565111,0.5870049980776626,0.82299115724721261,0.40868896578239144,1
F1 m=3 r=35%,surface_wape,60,16,240,2,10–15%,15,407,0.036855036855036855,0.71253071253071254,0.99707804690503654,0.99876970396001541,0.74502114571318723,1
F1 m=3 r=35%,surface_wape,60,16,240,3,15–20%,13,407,0.031941031941031942,0.74938574938574942,0.9831603229527105,0.61737793156478282,0.35040369088811996,1
F1 m=3 r=35%,surface_wape,60,16,240,4,≥20%,38,407,0.093366093366093361,0.78132678132678135,0.73933102652825844,0.088581314878892731,0.15086505190311419,1
F1 m=3 r=35%,surface_wape,60,16,240,5,not lit,51,407,0.12530712530712532,0.87469287469287471,0.55000000000000004,0.55000000000000004,0.55000000000000004,1
F1 m=3 r=35%,surface_wape,60,17,255,0,0–5%,505,815,0.61963190184049077,0,0.047981545559400242,0.49642445213379471,0.26182237600922725,1
F1 m=3 r=35%,surface_wape,60,17,255,1,5–10%,70,815,0.085889570552147243,0.61963190184049077,0.5870049980776626,0.82299115724721261,0.40868896578239144,1
F1 m=3 r=35%,surface_wape,60,17,255,2,10–15%,37,815,0.045398773006134971,0.70552147239263796,0.99707804690503654,0.99876970396001541,0.74502114571318723,1
F1 m=3 r=35%,surface_wape,60,17,255,3,15–20%,26,815,0.031901840490797549,0.75092024539877289,0.9831603229527105,0.61737793156478282,0.35040369088811996,1
F1 m=3 r=35%,surface_wape,60,17,255,4,≥20%,85,815,0.10429447852760736,0.78282208588957047,0.73933102652825844,0.088581314878892731,0.15086505190311419,1
F1 m=3 r=35%,surface_wape,60,17,255,5,not lit,92,815,0.11288343558282209,0.88711656441717779,0.55000000000000004,0.55000000000000004,0.55000000000000004,1
F1 m=3 r=35%,surface_wape,60,18,270,0,0–5%,110,265,0.41509433962264153,0,0.047981545559400242,0.49642445213379471,0.26182237600922725,1
F1 m=3 r=35%,surface_wape,60,18,270,1,5–10%,20,265,0.075471698113207544,0.41509433962264153,0.5870049980776626,0.82299115724721261,0.40868896578239144,1
F1 m=3 r=35%,surface_wape,60,18,270,2,10–15%,23,265,0.086792452830188674,0.49056603773584906,0.99707804690503654,0.99876970396001541,0.74502114571318723,1
F1 m=3 r=35%,surface_wape,60,18,270,3,15–20%,15,265,0.056603773584905662,0.57735849056603772,0.9831603229527105,0.61737793156478282,0.35040369088811996,1
F1 m=3 r=35%,surface_wape,60,18,270,4,≥20%,59,265,0.22264150943396227,0.63396226415094337,0.73933102652825844,0.088581314878892731,0.15086505190311419,1
F1 m=3 r=35%,surface_wape,60,18,270,5,not lit,38,265,0.14339622641509434,0.85660377358490569,0.55000000000000004,0.55000000000000004,0.55000000000000004,1
F1 m=3 r=35%,surface_wape,60,19,285,0,0–5%,310,609,0.50903119868637114,0,0.047981545559400242,0.49642445213379471,0.26182237600922725,1
F1 m=3 r=35%,surface_wape,60,19,285,1,5–10%,75,609,0.12315270935960591,0.50903119868637114,0.5870049980776626,0.82299115724721261,0.40868896578239144,1
F1 m=3 r=35%,surface_wape,60,19,285,2,10–15%,19,609,0.031198686371100164,0.63218390804597702,0.99707804690503654,0.99876970396001541,0.74502114571318723,1
F1 m=3 r=35%,surface_wape,60,19,285,3,15–20%,13,609,0.021346469622331693,0.66338259441707714,0.9831603229527105,0.61737793156478282,0.35040369088811996,1
F1 m=3 r=35%,surface_wape,60,19,285,4,≥20%,80,609,0.13136288998357964,0.68472906403940881,0.73933102652825844,0.088581314878892731,0.15086505190311419,1
F1 m=3 r=35%,surface_wape,60,19,285,5,not lit,112,609,0.18390804597701149,0.81609195402298851,0.55000000000000004,0.55000000000000004,0.55000000000000004,1
F1 m=3 r=35%,surface_wape,60,20,300,0,0–5%,683,1781,0.38349241998877037,0,0.047981545559400242,0.49642445213379471,0.26182237600922725,1
F1 m=3 r=35%,surface_wape,60,20,300,1,5–10%,193,1781,0.10836608646827625,0.38349241998877037,0.5870049980776626,0.82299115724721261,0.40868896578239144,1
F1 m=3 r=35%,surface_wape,60,20,300,2,10–15%,85,1781,0.047725996631106118,0.49185850645704665,0.99707804690503654,0.99876970396001541,0.74502114571318723,1
F1 m=3 r=35%,surface_wape,60,20,300,3,15–20%,31,1781,0.017405951712521055,0.53958450308815276,0.9831603229527105,0.61737793156478282,0.35040369088811996,1
F1 m=3 r=35%,surface_wape,60,20,300,4,≥20%,200,1781,0.11229646266142616,0.55699045480067377,0.73933102652825844,0.088581314878892731,0.15086505190311419,1
F1 m=3 r=35%,surface_wape,60,20,300,5,not lit,589,1781,0.33071308253790005,0.6692869174620999,0.55000000000000004,0.55000000000000004,0.55000000000000004,1
F1 m=3 r=35%,surface_wape,60,21,315,0,0–5%,69,190,0.36315789473684212,0,0.047981545559400242,0.49642445213379471,0.26182237600922725,1
F1 m=3 r=35%,surface_wape,60,21,315,1,5–10%,24,190,0.12631578947368421,0.36315789473684212,0.5870049980776626,0.82299115724721261,0.40868896578239144,1
F1 m=3 r=35%,surface_wape,60,21,315,2,10–15%,12,190,0.063157894736842107,0.48947368421052634,0.99707804690503654,0.99876970396001541,0.74502114571318723,1
F1 m=3 r=35%,surface_wape,60,21,315,3,15–20%,6,190,0.031578947368421054,0.55263157894736847,0.9831603229527105,0.61737793156478282,0.35040369088811996,1
F1 m=3 r=35%,surface_wape,60,21,315,4,≥20%,41,190,0.21578947368421053,0.58421052631578951,0.73933102652825844,0.088581314878892731,0.15086505190311419,1
F1 m=3 r=35%,surface_wape,60,21,315,5,not lit,38,190,0.20000000000000001,0.80000000000000004,0.55000000000000004,0.55000000000000004,0.55000000000000004,1
F1 m=3 r=35%,surface_wape,60,22,330,0,0–5%,110,442,0.24886877828054299,0,0.047981545559400242,0.49642445213379471,0.26182237600922725,1
F1 m=3 r=35%,surface_wape,60,22,330,1,5–10%,37,442,0.083710407239818999,0.24886877828054299,0.5870049980776626,0.82299115724721261,0.40868896578239144,1
F1 m=3 r=35%,surface_wape,60,22,330,2,10–15%,22,442,0.049773755656108594,0.33257918552036198,0.99707804690503654,0.99876970396001541,0.74502114571318723,1
F1 m=3 r=35%,surface_wape,60,22,330,3,15–20%,22,442,0.049773755656108594,0.38235294117647056,0.9831603229527105,0.61737793156478282,0.35040369088811996,1
F1 m=3 r=35%,surface_wape,60,22,330,4,≥20%,125,442,0.28280542986425339,0.43212669683257915,0.73933102652825844,0.088581314878892731,0.15086505190311419,1
F1 m=3 r=35%,surface_wape,60,22,330,5,not lit,126,442,0.28506787330316741,0.71493212669683248,0.55000000000000004,0.55000000000000004,0.55000000000000004,1
F1 m=3 r=35%,surface_wape,60,23,345,0,0–5%,218,924,0.23593073593073594,0,0.047981545559400242,0.49642445213379471,0.26182237600922725,1
F1 m=3 r=35%,surface_wape,60,23,345,1,5–10%,101,924,0.10930735930735931,0.23593073593073594,0.5870049980776626,0.82299115724721261,0.40868896578239144,1
F1 m=3 r=35%,surface_wape,60,23,345,2,10–15%,55,924,0.059523809523809521,0.34523809523809523,0.99707804690503654,0.99876970396001541,0.74502114571318723,1
F1 m=3 r=35%,surface_wape,60,23,345,3,15–20%,38,924,0.041125541125541128,0.40476190476190477,0.9831603229527105,0.61737793156478282,0.35040369088811996,1
F1 m=3 r=35%,surface_wape,60,23,345,4,≥20%,220,924,0.23809523809523808,0.44588744588744589,0.73933102652825844,0.088581314878892731,0.15086505190311419,1
F1 m=3 r=35%,surface_wape,60,23,345,5,not lit,292,924,0.31601731601731603,0.68398268398268391,0.55000000000000004,0.55000000000000004,0.55000000000000004,1
F2 m=0 r=5%,surface_sensor_wmape,0,0,0,0,0–5%,21,290,0.072413793103448282,0,0.047981545559400242,0.49642445213379471,0.26182237600922725,1
F2 m=0 r=5%,surface_sensor_wmape,0,0,0,1,5–10%,15,290,0.051724137931034482,0.072413793103448282,0.5870049980776626,0.82299115724721261,0.40868896578239144,1
F2 m=0 r=5%,surface_sensor_wmape,0,0,0,2,10–15%,13,290,0.044827586206896551,0.12413793103448276,0.99707804690503654,0.99876970396001541,0.74502114571318723,1
F2 m=0 r=5%,surface_sensor_wmape,0,0,0,3,15–20%,12,290,0.041379310344827586,0.16896551724137931,0.9831603229527105,0.61737793156478282,0.35040369088811996,1
F2 m=0 r=5%,surface_sensor_wmape,0,0,0,4,≥20%,183,290,0.63103448275862073,0.2103448275862069,0.73933102652825844,0.088581314878892731,0.15086505190311419,1
F2 m=0 r=5%,surface_sensor_wmape,0,0,0,5,not lit,46,290,0.15862068965517243,0.8413793103448276,0.55000000000000004,0.55000000000000004,0.55000000000000004,1
F2 m=0 r=5%,surface_sensor_wmape,0,1,15,0,0–5%,30,637,0.04709576138147567,0,0.047981545559400242,0.49642445213379471,0.26182237600922725,1
F2 m=0 r=5%,surface_sensor_wmape,0,1,15,1,5–10%,34,637,0.053375196232339092,0.04709576138147567,0.5870049980776626,0.82299115724721261,0.40868896578239144,1
F2 m=0 r=5%,surface_sensor_wmape,0,1,15,2,10–15%,38,637,0.059654631083202514,0.10047095761381476,0.99707804690503654,0.99876970396001541,0.74502114571318723,1
F2 m=0 r=5%,surface_sensor_wmape,0,1,15,3,15–20%,27,637,0.042386185243328101,0.16012558869701726,0.9831603229527105,0.61737793156478282,0.35040369088811996,1
F2 m=0 r=5%,surface_sensor_wmape,0,1,15,4,≥20%,429,637,0.67346938775510201,0.20251177394034536,0.73933102652825844,0.088581314878892731,0.15086505190311419,1
F2 m=0 r=5%,surface_sensor_wmape,0,1,15,5,not lit,79,637,0.12401883830455258,0.87598116169544737,0.55000000000000004,0.55000000000000004,0.55000000000000004,1
F2 m=0 r=5%,surface_sensor_wmape,0,2,30,0,0–5%,77,1703,0.045214327657075747,0,0.047981545559400242,0.49642445213379471,0.26182237600922725,1
F2 m=0 r=5%,surface_sensor_wmape,0,2,30,1,5–10%,86,1703,0.05049911920140928,0.045214327657075747,0.5870049980776626,0.82299115724721261,0.40868896578239144,1
F2 m=0 r=5%,surface_sensor_wmape,0,2,30,2,10–15%,96,1703,0.056371109806224312,0.095713446858485027,0.99707804690503654,0.99876970396001541,0.74502114571318723,1
F2 m=0 r=5%,surface_sensor_wmape,0,2,30,3,15–20%,93,1703,0.054609512624779803,0.15208455666470932,0.9831603229527105,0.61737793156478282,0.35040369088811996,1
F2 m=0 r=5%,surface_sensor_wmape,0,2,30,4,≥20%,1060,1703,0.62243100411039343,0.20669406928948914,0.73933102652825844,0.088581314878892731,0.15086505190311419,1
F2 m=0 r=5%,surface_sensor_wmape,0,2,30,5,not lit,291,1703,0.17087492660011744,0.82912507339988251,0.55000000000000004,0.55000000000000004,0.55000000000000004,1
F2 m=0 r=5%,surface_sensor_wmape,0,3,45,0,0–5%,11,187,0.058823529411764705,0,0.047981545559400242,0.49642445213379471,0.26182237600922725,1
F2 m=0 r=5%,surface_sensor_wmape,0,3,45,1,5–10%,18,187,0.096256684491978606,0.058823529411764705,0.5870049980776626,0.82299115724721261,0.40868896578239144,1
F2 m=0 r=5%,surface_sensor_wmape,0,3,45,2,10–15%,9,187,0.048128342245989303,0.15508021390374332,0.99707804690503654,0.99876970396001541,0.74502114571318723,1
F2 m=0 r=5%,surface_sensor_wmape,0,3,45,3,15–20%,12,187,0.064171122994652413,0.20320855614973263,0.9831603229527105,0.61737793156478282,0.35040369088811996,1
F2 m=0 r=5%,surface_sensor_wmape,0,3,45,4,≥20%,115,187,0.61497326203208558,0.26737967914438504,0.73933102652825844,0.088581314878892731,0.15086505190311419,1
F2 m=0 r=5%,surface_sensor_wmape,0,3,45,5,not lit,22,187,0.11764705882352941,0.88235294117647056,0.55000000000000004,0.55000000000000004,0.55000000000000004,1
F2 m=0 r=5%,surface_sensor_wmape,0,4,60,0,0–5%,27,412,0.06553398058252427,0,0.047981545559400242,0.49642445213379471,0.26182237600922725,1
F2 m=0 r=5%,surface_sensor_wmape,0,4,60,1,5–10%,38,412,0.092233009708737865,0.06553398058252427,0.5870049980776626,0.82299115724721261,0.40868896578239144,1
F2 m=0 r=5%,surface_sensor_wmape,0,4,60,2,10–15%,25,412,0.060679611650485438,0.15776699029126212,0.99707804690503654,0.99876970396001541,0.74502114571318723,1
F2 m=0 r=5%,surface_sensor_wmape,0,4,60,3,15–20%,21,412,0.050970873786407765,0.21844660194174756,0.9831603229527105,0.61737793156478282,0.35040369088811996,1
F2 m=0 r=5%,surface_sensor_wmape,0,4,60,4,≥20%,243,412,0.58980582524271841,0.26941747572815533,0.73933102652825844,0.088581314878892731,0.15086505190311419,1
F2 m=0 r=5%,surface_sensor_wmape,0,4,60,5,not lit,58,412,0.14077669902912621,0.85922330097087374,0.55000000000000004,0.55000000000000004,0.55000000000000004,1
F2 m=0 r=5%,surface_sensor_wmape,0,5,75,0,0–5%,38,826,0.046004842615012108,0,0.047981545559400242,0.49642445213379471,0.26182237600922725,1
F2 m=0 r=5%,surface_sensor_wmape,0,5,75,1,5–10%,40,826,0.048426150121065374,0.046004842615012108,0.5870049980776626,0.82299115724721261,0.40868896578239144,1
F2 m=0 r=5%,surface_sensor_wmape,0,5,75,2,10–15%,56,826,0.067796610169491525,0.094430992736077482,0.99707804690503654,0.99876970396001541,0.74502114571318723,1
F2 m=0 r=5%,surface_sensor_wmape,0,5,75,3,15–20%,38,826,0.046004842615012108,0.16222760290556901,0.9831603229527105,0.61737793156478282,0.35040369088811996,1
F2 m=0 r=5%,surface_sensor_wmape,0,5,75,4,≥20%,571,826,0.69128329297820823,0.20823244552058112,0.73933102652825844,0.088581314878892731,0.15086505190311419,1
F2 m=0 r=5%,surface_sensor_wmape,0,5,75,5,not lit,83,826,0.10048426150121065,0.8995157384987893,0.55000000000000004,0.55000000000000004,0.55000000000000004,1
F2 m=0 r=5%,surface_sensor_wmape,0,6,90,0,0–5%,12,286,0.04195804195804196,0,0.047981545559400242,0.49642445213379471,0.26182237600922725,1
F2 m=0 r=5%,surface_sensor_wmape,0,6,90,1,5–10%,12,286,0.04195804195804196,0.04195804195804196,0.5870049980776626,0.82299115724721261,0.40868896578239144,1
F2 m=0 r=5%,surface_sensor_wmape,0,6,90,2,10–15%,16,286,0.055944055944055944,0.083916083916083919,0.99707804690503654,0.99876970396001541,0.74502114571318723,1
F2 m=0 r=5%,surface_sensor_wmape,0,6,90,3,15–20%,11,286,0.038461538461538464,0.13986013986013987,0.9831603229527105,0.61737793156478282,0.35040369088811996,1
F2 m=0 r=5%,surface_sensor_wmape,0,6,90,4,≥20%,200,286,0.69930069930069927,0.17832167832167833,0.73933102652825844,0.088581314878892731,0.15086505190311419,1
F2 m=0 r=5%,surface_sensor_wmape,0,6,90,5,not lit,35,286,0.12237762237762238,0.8776223776223776,0.55000000000000004,0.55000000000000004,0.55000000000000004,1
F2 m=0 r=5%,surface_sensor_wmape,0,7,105,0,0–5%,18,611,0.029459901800327332,0,0.047981545559400242,0.49642445213379471,0.26182237600922725,1
F2 m=0 r=5%,surface_sensor_wmape,0,7,105,1,5–10%,18,611,0.029459901800327332,0.029459901800327332,0.5870049980776626,0.82299115724721261,0.40868896578239144,1
F2 m=0 r=5%,surface_sensor_wmape,0,7,105,2,10–15%,20,611,0.032733224222585927,0.058919803600654665,0.99707804690503654,0.99876970396001541,0.74502114571318723,1
F2 m=0 r=5%,surface_sensor_wmape,0,7,105,3,15–20%,38,611,0.062193126022913256,0.091653027823240585,0.9831603229527105,0.61737793156478282,0.35040369088811996,1
F2 m=0 r=5%,surface_sensor_wmape,0,7,105,4,≥20%,392,611,0.64157119476268409,0.15384615384615385,0.73933102652825844,0.088581314878892731,0.15086505190311419,1
F2 m=0 r=5%,surface_sensor_wmape,0,7,105,5,not lit,125,611,0.20458265139116202,0.79541734860883795,0.55000000000000004,0.55000000000000004,0.55000000000000004,1
F2 m=0 r=5%,surface_sensor_wmape,0,8,120,0,0–5%,52,1778,0.029246344206974129,0,0.047981545559400242,0.49642445213379471,0.26182237600922725,1
F2 m=0 r=5%,surface_sensor_wmape,0,8,120,1,5–10%,52,1778,0.029246344206974129,0.029246344206974129,0.5870049980776626,0.82299115724721261,0.40868896578239144,1
F2 m=0 r=5%,surface_sensor_wmape,0,8,120,2,10–15%,61,1778,0.034308211473565803,0.058492688413948259,0.99707804690503654,0.99876970396001541,0.74502114571318723,1
F2 m=0 r=5%,surface_sensor_wmape,0,8,120,3,15–20%,62,1778,0.034870641169853771,0.092800899887514054,0.9831603229527105,0.61737793156478282,0.35040369088811996,1
F2 m=0 r=5%,surface_sensor_wmape,0,8,120,4,≥20%,1050,1778,0.59055118110236215,0.12767154105736783,0.73933102652825844,0.088581314878892731,0.15086505190311419,1
F2 m=0 r=5%,surface_sensor_wmape,0,8,120,5,not lit,501,1778,0.28177727784026996,0.71822272215972993,0.55000000000000004,0.55000000000000004,0.55000000000000004,1
F2 m=0 r=5%,surface_sensor_wmape,0,9,135,0,0–5%,4,188,0.021276595744680851,0,0.047981545559400242,0.49642445213379471,0.26182237600922725,1
F2 m=0 r=5%,surface_sensor_wmape,0,9,135,1,5–10%,7,188,0.037234042553191488,0.021276595744680851,0.5870049980776626,0.82299115724721261,0.40868896578239144,1
F2 m=0 r=5%,surface_sensor_wmape,0,9,135,2,10–15%,8,188,0.042553191489361701,0.058510638297872342,0.99707804690503654,0.99876970396001541,0.74502114571318723,1
F2 m=0 r=5%,surface_sensor_wmape,0,9,135,3,15–20%,7,188,0.037234042553191488,0.10106382978723405,0.9831603229527105,0.61737793156478282,0.35040369088811996,1
F2 m=0 r=5%,surface_sensor_wmape,0,9,135,4,≥20%,125,188,0.66489361702127658,0.13829787234042554,0.73933102652825844,0.088581314878892731,0.15086505190311419,1
F2 m=0 r=5%,surface_sensor_wmape,0,9,135,5,not lit,37,188,0.19680851063829788,0.80319148936170215,0.55000000000000004,0.55000000000000004,0.55000000000000004,1
F2 m=0 r=5%,surface_sensor_wmape,0,10,150,0,0–5%,19,456,0.041666666666666664,0,0.047981545559400242,0.49642445213379471,0.26182237600922725,1
F2 m=0 r=5%,surface_sensor_wmape,0,10,150,1,5–10%,17,456,0.037280701754385963,0.041666666666666664,0.5870049980776626,0.82299115724721261,0.40868896578239144,1
F2 m=0 r=5%,surface_sensor_wmape,0,10,150,2,10–15%,23,456,0.050438596491228067,0.078947368421052627,0.99707804690503654,0.99876970396001541,0.74502114571318723,1
F2 m=0 r=5%,surface_sensor_wmape,0,10,150,3,15–20%,24,456,0.052631578947368418,0.12938596491228069,0.9831603229527105,0.61737793156478282,0.35040369088811996,1
F2 m=0 r=5%,surface_sensor_wmape,0,10,150,4,≥20%,281,456,0.61622807017543857,0.18201754385964911,0.73933102652825844,0.088581314878892731,0.15086505190311419,1
F2 m=0 r=5%,surface_sensor_wmape,0,10,150,5,not lit,92,456,0.20175438596491227,0.79824561403508765,0.55000000000000004,0.55000000000000004,0.55000000000000004,1
F2 m=0 r=5%,surface_sensor_wmape,0,11,165,0,0–5%,49,907,0.054024255788313123,0,0.047981545559400242,0.49642445213379471,0.26182237600922725,1
F2 m=0 r=5%,surface_sensor_wmape,0,11,165,1,5–10%,46,907,0.050716648291069456,0.054024255788313123,0.5870049980776626,0.82299115724721261,0.40868896578239144,1
F2 m=0 r=5%,surface_sensor_wmape,0,11,165,2,10–15%,47,907,0.051819184123484012,0.10474090407938258,0.99707804690503654,0.99876970396001541,0.74502114571318723,1
F2 m=0 r=5%,surface_sensor_wmape,0,11,165,3,15–20%,31,907,0.034178610804851156,0.1565600882028666,0.9831603229527105,0.61737793156478282,0.35040369088811996,1
F2 m=0 r=5%,surface_sensor_wmape,0,11,165,4,≥20%,533,907,0.58765159867695704,0.19073869900771775,0.73933102652825844,0.088581314878892731,0.15086505190311419,1
F2 m=0 r=5%,surface_sensor_wmape,0,11,165,5,not lit,201,907,0.22160970231532526,0.77839029768467483,0.55000000000000004,0.55000000000000004,0.55000000000000004,1
F2 m=0 r=5%,surface_sensor_wmape,0,12,180,0,0–5%,10,276,0.036231884057971016,0,0.047981545559400242,0.49642445213379471,0.26182237600922725,1
F2 m=0 r=5%,surface_sensor_wmape,0,12,180,1,5–10%,18,276,0.065217391304347824,0.036231884057971016,0.5870049980776626,0.82299115724721261,0.40868896578239144,1
F2 m=0 r=5%,surface_sensor_wmape,0,12,180,2,10–15%,10,276,0.036231884057971016,0.10144927536231885,0.99707804690503654,0.99876970396001541,0.74502114571318723,1
F2 m=0 r=5%,surface_sensor_wmape,0,12,180,3,15–20%,9,276,0.032608695652173912,0.13768115942028986,0.9831603229527105,0.61737793156478282,0.35040369088811996,1
F2 m=0 r=5%,surface_sensor_wmape,0,12,180,4,≥20%,177,276,0.64130434782608692,0.17028985507246377,0.73933102652825844,0.088581314878892731,0.15086505190311419,1
F2 m=0 r=5%,surface_sensor_wmape,0,12,180,5,not lit,52,276,0.18840579710144928,0.81159420289855067,0.55000000000000004,0.55000000000000004,0.55000000000000004,1
F2 m=0 r=5%,surface_sensor_wmape,0,13,195,0,0–5%,24,610,0.039344262295081971,0,0.047981545559400242,0.49642445213379471,0.26182237600922725,1
F2 m=0 r=5%,surface_sensor_wmape,0,13,195,1,5–10%,42,610,0.068852459016393447,0.039344262295081971,0.5870049980776626,0.82299115724721261,0.40868896578239144,1
F2 m=0 r=5%,surface_sensor_wmape,0,13,195,2,10–15%,31,610,0.050819672131147541,0.10819672131147542,0.99707804690503654,0.99876970396001541,0.74502114571318723,1
F2 m=0 r=5%,surface_sensor_wmape,0,13,195,3,15–20%,30,610,0.049180327868852458,0.15901639344262297,0.9831603229527105,0.61737793156478282,0.35040369088811996,1
F2 m=0 r=5%,surface_sensor_wmape,0,13,195,4,≥20%,379,610,0.62131147540983611,0.20819672131147543,0.73933102652825844,0.088581314878892731,0.15086505190311419,1
F2 m=0 r=5%,surface_sensor_wmape,0,13,195,5,not lit,104,610,0.17049180327868851,0.8295081967213116,0.55000000000000004,0.55000000000000004,0.55000000000000004,1
F2 m=0 r=5%,surface_sensor_wmape,0,14,210,0,0–5%,87,1679,0.051816557474687316,0,0.047981545559400242,0.49642445213379471,0.26182237600922725,1
F2 m=0 r=5%,surface_sensor_wmape,0,14,210,1,5–10%,102,1679,0.060750446694460988,0.051816557474687316,0.5870049980776626,0.82299115724721261,0.40868896578239144,1
F2 m=0 r=5%,surface_sensor_wmape,0,14,210,2,10–15%,119,1679,0.070875521143537817,0.1125670041691483,0.99707804690503654,0.99876970396001541,0.74502114571318723,1
F2 m=0 r=5%,surface_sensor_wmape,0,14,210,3,15–20%,96,1679,0.057176891006551517,0.18344252531268612,0.9831603229527105,0.61737793156478282,0.35040369088811996,1
F2 m=0 r=5%,surface_sensor_wmape,0,14,210,4,≥20%,989,1679,0.58904109589041098,0.24061941631923764,0.73933102652825844,0.088581314878892731,0.15086505190311419,1
F2 m=0 r=5%,surface_sensor_wmape,0,14,210,5,not lit,286,1679,0.17033948779035141,0.82966051220964865,0.55000000000000004,0.55000000000000004,0.55000000000000004,1
F2 m=0 r=5%,surface_sensor_wmape,0,15,225,0,0–5%,7,197,0.03553299492385787,0,0.047981545559400242,0.49642445213379471,0.26182237600922725,1
F2 m=0 r=5%,surface_sensor_wmape,0,15,225,1,5–10%,13,197,0.065989847715736044,0.03553299492385787,0.5870049980776626,0.82299115724721261,0.40868896578239144,1
F2 m=0 r=5%,surface_sensor_wmape,0,15,225,2,10–15%,14,197,0.071065989847715741,0.10152284263959391,0.99707804690503654,0.99876970396001541,0.74502114571318723,1
F2 m=0 r=5%,surface_sensor_wmape,0,15,225,3,15–20%,10,197,0.050761421319796954,0.17258883248730966,0.9831603229527105,0.61737793156478282,0.35040369088811996,1
F2 m=0 r=5%,surface_sensor_wmape,0,15,225,4,≥20%,135,197,0.68527918781725883,0.2233502538071066,0.73933102652825844,0.088581314878892731,0.15086505190311419,1
F2 m=0 r=5%,surface_sensor_wmape,0,15,225,5,not lit,18,197,0.091370558375634514,0.90862944162436543,0.55000000000000004,0.55000000000000004,0.55000000000000004,1
F2 m=0 r=5%,surface_sensor_wmape,0,16,240,0,0–5%,16,407,0.039312039312039311,0,0.047981545559400242,0.49642445213379471,0.26182237600922725,1
F2 m=0 r=5%,surface_sensor_wmape,0,16,240,1,5–10%,11,407,0.027027027027027029,0.039312039312039311,0.5870049980776626,0.82299115724721261,0.40868896578239144,1
F2 m=0 r=5%,surface_sensor_wmape,0,16,240,2,10–15%,27,407,0.066339066339066333,0.066339066339066333,0.99707804690503654,0.99876970396001541,0.74502114571318723,1
F2 m=0 r=5%,surface_sensor_wmape,0,16,240,3,15–20%,23,407,0.056511056511056514,0.13267813267813267,0.9831603229527105,0.61737793156478282,0.35040369088811996,1
F2 m=0 r=5%,surface_sensor_wmape,0,16,240,4,≥20%,287,407,0.70515970515970516,0.18918918918918917,0.73933102652825844,0.088581314878892731,0.15086505190311419,1
F2 m=0 r=5%,surface_sensor_wmape,0,16,240,5,not lit,43,407,0.10565110565110565,0.89434889434889431,0.55000000000000004,0.55000000000000004,0.55000000000000004,1
F2 m=0 r=5%,surface_sensor_wmape,0,17,255,0,0–5%,49,815,0.060122699386503067,0,0.047981545559400242,0.49642445213379471,0.26182237600922725,1
F2 m=0 r=5%,surface_sensor_wmape,0,17,255,1,5–10%,33,815,0.040490797546012272,0.060122699386503067,0.5870049980776626,0.82299115724721261,0.40868896578239144,1
F2 m=0 r=5%,surface_sensor_wmape,0,17,255,2,10–15%,48,815,0.058895705521472393,0.10061349693251534,0.99707804690503654,0.99876970396001541,0.74502114571318723,1
F2 m=0 r=5%,surface_sensor_wmape,0,17,255,3,15–20%,36,815,0.044171779141104296,0.15950920245398773,0.9831603229527105,0.61737793156478282,0.35040369088811996,1
F2 m=0 r=5%,surface_sensor_wmape,0,17,255,4,≥20%,562,815,0.68957055214723928,0.20368098159509201,0.73933102652825844,0.088581314878892731,0.15086505190311419,1
F2 m=0 r=5%,surface_sensor_wmape,0,17,255,5,not lit,87,815,0.10674846625766871,0.89325153374233124,0.55000000000000004,0.55000000000000004,0.55000000000000004,1
F2 m=0 r=5%,surface_sensor_wmape,0,18,270,0,0–5%,9,265,0.033962264150943396,0,0.047981545559400242,0.49642445213379471,0.26182237600922725,1
F2 m=0 r=5%,surface_sensor_wmape,0,18,270,1,5–10%,9,265,0.033962264150943396,0.033962264150943396,0.5870049980776626,0.82299115724721261,0.40868896578239144,1
F2 m=0 r=5%,surface_sensor_wmape,0,18,270,2,10–15%,9,265,0.033962264150943396,0.067924528301886791,0.99707804690503654,0.99876970396001541,0.74502114571318723,1
F2 m=0 r=5%,surface_sensor_wmape,0,18,270,3,15–20%,13,265,0.049056603773584909,0.10188679245283019,0.9831603229527105,0.61737793156478282,0.35040369088811996,1
F2 m=0 r=5%,surface_sensor_wmape,0,18,270,4,≥20%,192,265,0.7245283018867924,0.15094339622641512,0.73933102652825844,0.088581314878892731,0.15086505190311419,1
F2 m=0 r=5%,surface_sensor_wmape,0,18,270,5,not lit,33,265,0.12452830188679245,0.87547169811320757,0.55000000000000004,0.55000000000000004,0.55000000000000004,1
F2 m=0 r=5%,surface_sensor_wmape,0,19,285,0,0–5%,22,609,0.036124794745484398,0,0.047981545559400242,0.49642445213379471,0.26182237600922725,1
F2 m=0 r=5%,surface_sensor_wmape,0,19,285,1,5–10%,28,609,0.045977011494252873,0.036124794745484398,0.5870049980776626,0.82299115724721261,0.40868896578239144,1
F2 m=0 r=5%,surface_sensor_wmape,0,19,285,2,10–15%,25,609,0.041050903119868636,0.082101806239737271,0.99707804690503654,0.99876970396001541,0.74502114571318723,1
F2 m=0 r=5%,surface_sensor_wmape,0,19,285,3,15–20%,25,609,0.041050903119868636,0.1231527093596059,0.9831603229527105,0.61737793156478282,0.35040369088811996,1
F2 m=0 r=5%,surface_sensor_wmape,0,19,285,4,≥20%,411,609,0.67487684729064035,0.16420361247947454,0.73933102652825844,0.088581314878892731,0.15086505190311419,1
F2 m=0 r=5%,surface_sensor_wmape,0,19,285,5,not lit,98,609,0.16091954022988506,0.83908045977011492,0.55000000000000004,0.55000000000000004,0.55000000000000004,1
F2 m=0 r=5%,surface_sensor_wmape,0,20,300,0,0–5%,60,1781,0.033688938798427846,0,0.047981545559400242,0.49642445213379471,0.26182237600922725,1
F2 m=0 r=5%,surface_sensor_wmape,0,20,300,1,5–10%,56,1781,0.031443009545199324,0.033688938798427846,0.5870049980776626,0.82299115724721261,0.40868896578239144,1
F2 m=0 r=5%,surface_sensor_wmape,0,20,300,2,10–15%,68,1781,0.038180797304884898,0.065131948343627177,0.99707804690503654,0.99876970396001541,0.74502114571318723,1
F2 m=0 r=5%,surface_sensor_wmape,0,20,300,3,15–20%,68,1781,0.038180797304884898,0.10331274564851207,0.9831603229527105,0.61737793156478282,0.35040369088811996,1
F2 m=0 r=5%,surface_sensor_wmape,0,20,300,4,≥20%,1044,1781,0.58618753509264454,0.14149354295339697,0.73933102652825844,0.088581314878892731,0.15086505190311419,1
F2 m=0 r=5%,surface_sensor_wmape,0,20,300,5,not lit,485,1781,0.27231892195395846,0.72768107804604154,0.55000000000000004,0.55000000000000004,0.55000000000000004,1
F2 m=0 r=5%,surface_sensor_wmape,0,21,315,0,0–5%,10,190,0.052631578947368418,0,0.047981545559400242,0.49642445213379471,0.26182237600922725,1
F2 m=0 r=5%,surface_sensor_wmape,0,21,315,1,5–10%,7,190,0.036842105263157891,0.052631578947368418,0.5870049980776626,0.82299115724721261,0.40868896578239144,1
F2 m=0 r=5%,surface_sensor_wmape,0,21,315,2,10–15%,8,190,0.042105263157894736,0.089473684210526316,0.99707804690503654,0.99876970396001541,0.74502114571318723,1
F2 m=0 r=5%,surface_sensor_wmape,0,21,315,3,15–20%,12,190,0.063157894736842107,0.13157894736842105,0.9831603229527105,0.61737793156478282,0.35040369088811996,1
F2 m=0 r=5%,surface_sensor_wmape,0,21,315,4,≥20%,128,190,0.67368421052631577,0.19473684210526315,0.73933102652825844,0.088581314878892731,0.15086505190311419,1
F2 m=0 r=5%,surface_sensor_wmape,0,21,315,5,not lit,25,190,0.13157894736842105,0.86842105263157898,0.55000000000000004,0.55000000000000004,0.55000000000000004,1
F2 m=0 r=5%,surface_sensor_wmape,0,22,330,0,0–5%,16,442,0.036199095022624438,0,0.047981545559400242,0.49642445213379471,0.26182237600922725,1
F2 m=0 r=5%,surface_sensor_wmape,0,22,330,1,5–10%,20,442,0.045248868778280542,0.036199095022624438,0.5870049980776626,0.82299115724721261,0.40868896578239144,1
F2 m=0 r=5%,surface_sensor_wmape,0,22,330,2,10–15%,24,442,0.054298642533936653,0.081447963800904979,0.99707804690503654,0.99876970396001541,0.74502114571318723,1
F2 m=0 r=5%,surface_sensor_wmape,0,22,330,3,15–20%,21,442,0.047511312217194568,0.13574660633484165,0.9831603229527105,0.61737793156478282,0.35040369088811996,1
F2 m=0 r=5%,surface_sensor_wmape,0,22,330,4,≥20%,269,442,0.60859728506787325,0.18325791855203621,0.73933102652825844,0.088581314878892731,0.15086505190311419,1
F2 m=0 r=5%,surface_sensor_wmape,0,22,330,5,not lit,92,442,0.20814479638009051,0.79185520361990946,0.55000000000000004,0.55000000000000004,0.55000000000000004,1
F2 m=0 r=5%,surface_sensor_wmape,0,23,345,0,0–5%,44,924,0.047619047619047616,0,0.047981545559400242,0.49642445213379471,0.26182237600922725,1
F2 m=0 r=5%,surface_sensor_wmape,0,23,345,1,5–10%,35,924,0.03787878787878788,0.047619047619047616,0.5870049980776626,0.82299115724721261,0.40868896578239144,1
F2 m=0 r=5%,surface_sensor_wmape,0,23,345,2,10–15%,30,924,0.032467532467532464,0.085497835497835489,0.99707804690503654,0.99876970396001541,0.74502114571318723,1
F2 m=0 r=5%,surface_sensor_wmape,0,23,345,3,15–20%,24,924,0.025974025974025976,0.11796536796536795,0.9831603229527105,0.61737793156478282,0.35040369088811996,1
F2 m=0 r=5%,surface_sensor_wmape,0,23,345,4,≥20%,589,924,0.63744588744588748,0.14393939393939392,0.73933102652825844,0.088581314878892731,0.15086505190311419,1
F2 m=0 r=5%,surface_sensor_wmape,0,23,345,5,not lit,202,924,0.21861471861471862,0.7813852813852814,0.55000000000000004,0.55000000000000004,0.55000000000000004,1
F2 m=0 r=5%,surface_sensor_wmape,15,0,0,0,0–5%,18,290,0.062068965517241378,0,0.047981545559400242,0.49642445213379471,0.26182237600922725,1
F2 m=0 r=5%,surface_sensor_wmape,15,0,0,1,5–10%,16,290,0.055172413793103448,0.062068965517241378,0.5870049980776626,0.82299115724721261,0.40868896578239144,1
F2 m=0 r=5%,surface_sensor_wmape,15,0,0,2,10–15%,13,290,0.044827586206896551,0.11724137931034483,0.99707804690503654,0.99876970396001541,0.74502114571318723,1
F2 m=0 r=5%,surface_sensor_wmape,15,0,0,3,15–20%,16,290,0.055172413793103448,0.16206896551724137,0.9831603229527105,0.61737793156478282,0.35040369088811996,1
F2 m=0 r=5%,surface_sensor_wmape,15,0,0,4,≥20%,180,290,0.62068965517241381,0.21724137931034482,0.73933102652825844,0.088581314878892731,0.15086505190311419,1
F2 m=0 r=5%,surface_sensor_wmape,15,0,0,5,not lit,47,290,0.16206896551724137,0.83793103448275863,0.55000000000000004,0.55000000000000004,0.55000000000000004,1
F2 m=0 r=5%,surface_sensor_wmape,15,1,15,0,0–5%,33,637,0.051805337519623233,0,0.047981545559400242,0.49642445213379471,0.26182237600922725,1
F2 m=0 r=5%,surface_sensor_wmape,15,1,15,1,5–10%,32,637,0.050235478806907381,0.051805337519623233,0.5870049980776626,0.82299115724721261,0.40868896578239144,1
F2 m=0 r=5%,surface_sensor_wmape,15,1,15,2,10–15%,30,637,0.04709576138147567,0.10204081632653061,0.99707804690503654,0.99876970396001541,0.74502114571318723,1
F2 m=0 r=5%,surface_sensor_wmape,15,1,15,3,15–20%,31,637,0.048665620094191522,0.14913657770800628,0.9831603229527105,0.61737793156478282,0.35040369088811996,1
F2 m=0 r=5%,surface_sensor_wmape,15,1,15,4,≥20%,427,637,0.67032967032967028,0.19780219780219782,0.73933102652825844,0.088581314878892731,0.15086505190311419,1
F2 m=0 r=5%,surface_sensor_wmape,15,1,15,5,not lit,84,637,0.13186813186813187,0.86813186813186816,0.55000000000000004,0.55000000000000004,0.55000000000000004,1
F2 m=0 r=5%,surface_sensor_wmape,15,2,30,0,0–5%,75,1703,0.044039929536112743,0,0.047981545559400242,0.49642445213379471,0.26182237600922725,1
F2 m=0 r=5%,surface_sensor_wmape,15,2,30,1,5–10%,88,1703,0.051673517322372284,0.044039929536112743,0.5870049980776626,0.82299115724721261,0.40868896578239144,1
F2 m=0 r=5%,surface_sensor_wmape,15,2,30,2,10–15%,100,1703,0.058719906048150326,0.095713446858485027,0.99707804690503654,0.99876970396001541,0.74502114571318723,1
F2 m=0 r=5%,surface_sensor_wmape,15,2,30,3,15–20%,94,1703,0.055196711685261302,0.15443335290663535,0.9831603229527105,0.61737793156478282,0.35040369088811996,1
F2 m=0 r=5%,surface_sensor_wmape,15,2,30,4,≥20%,1055,1703,0.61949500880798591,0.20963006459189665,0.73933102652825844,0.088581314878892731,0.15086505190311419,1
F2 m=0 r=5%,surface_sensor_wmape,15,2,30,5,not lit,291,1703,0.17087492660011744,0.82912507339988251,0.55000000000000004,0.55000000000000004,0.55000000000000004,1
F2 m=0 r=5%,surface_sensor_wmape,15,3,45,0,0–5%,9,187,0.048128342245989303,0,0.047981545559400242,0.49642445213379471,0.26182237600922725,1
F2 m=0 r=5%,surface_sensor_wmape,15,3,45,1,5–10%,18,187,0.096256684491978606,0.048128342245989303,0.5870049980776626,0.82299115724721261,0.40868896578239144,1
F2 m=0 r=5%,surface_sensor_wmape,15,3,45,2,10–15%,9,187,0.048128342245989303,0.14438502673796791,0.99707804690503654,0.99876970396001541,0.74502114571318723,1
F2 m=0 r=5%,surface_sensor_wmape,15,3,45,3,15–20%,11,187,0.058823529411764705,0.19251336898395721,0.9831603229527105,0.61737793156478282,0.35040369088811996,1
F2 m=0 r=5%,surface_sensor_wmape,15,3,45,4,≥20%,118,187,0.63101604278074863,0.25133689839572193,0.73933102652825844,0.088581314878892731,0.15086505190311419,1
F2 m=0 r=5%,surface_sensor_wmape,15,3,45,5,not lit,22,187,0.11764705882352941,0.88235294117647056,0.55000000000000004,0.55000000000000004,0.55000000000000004,1
F2 m=0 r=5%,surface_sensor_wmape,15,4,60,0,0–5%,24,412,0.058252427184466021,0,0.047981545559400242,0.49642445213379471,0.26182237600922725,1
F2 m=0 r=5%,surface_sensor_wmape,15,4,60,1,5–10%,33,412,0.080097087378640783,0.058252427184466021,0.5870049980776626,0.82299115724721261,0.40868896578239144,1
F2 m=0 r=5%,surface_sensor_wmape,15,4,60,2,10–15%,28,412,0.067961165048543687,0.13834951456310679,0.99707804690503654,0.99876970396001541,0.74502114571318723,1
F2 m=0 r=5%,surface_sensor_wmape,15,4,60,3,15–20%,21,412,0.050970873786407765,0.20631067961165048,0.9831603229527105,0.61737793156478282,0.35040369088811996,1
F2 m=0 r=5%,surface_sensor_wmape,15,4,60,4,≥20%,254,412,0.61650485436893199,0.25728155339805825,0.73933102652825844,0.088581314878892731,0.15086505190311419,1
F2 m=0 r=5%,surface_sensor_wmape,15,4,60,5,not lit,52,412,0.12621359223300971,0.87378640776699024,0.55000000000000004,0.55000000000000004,0.55000000000000004,1
F2 m=0 r=5%,surface_sensor_wmape,15,5,75,0,0–5%,37,826,0.044794188861985475,0,0.047981545559400242,0.49642445213379471,0.26182237600922725,1
F2 m=0 r=5%,surface_sensor_wmape,15,5,75,1,5–10%,40,826,0.048426150121065374,0.044794188861985475,0.5870049980776626,0.82299115724721261,0.40868896578239144,1
F2 m=0 r=5%,surface_sensor_wmape,15,5,75,2,10–15%,47,826,0.056900726392251813,0.093220338983050849,0.99707804690503654,0.99876970396001541,0.74502114571318723,1
F2 m=0 r=5%,surface_sensor_wmape,15,5,75,3,15–20%,43,826,0.052058111380145281,0.15012106537530268,0.9831603229527105,0.61737793156478282,0.35040369088811996,1
F2 m=0 r=5%,surface_sensor_wmape,15,5,75,4,≥20%,575,826,0.69612590799031482,0.20217917675544794,0.73933102652825844,0.088581314878892731,0.15086505190311419,1
F2 m=0 r=5%,surface_sensor_wmape,15,5,75,5,not lit,84,826,0.10169491525423729,0.89830508474576276,0.55000000000000004,0.55000000000000004,0.55000000000000004,1
F2 m=0 r=5%,surface_sensor_wmape,15,6,90,0,0–5%,8,286,0.027972027972027972,0,0.047981545559400242,0.49642445213379471,0.26182237600922725,1
F2 m=0 r=5%,surface_sensor_wmape,15,6,90,1,5–10%,12,286,0.04195804195804196,0.027972027972027972,0.5870049980776626,0.82299115724721261,0.40868896578239144,1
F2 m=0 r=5%,surface_sensor_wmape,15,6,90,2,10–15%,13,286,0.045454545454545456,0.069930069930069935,0.99707804690503654,0.99876970396001541,0.74502114571318723,1
F2 m=0 r=5%,surface_sensor_wmape,15,6,90,3,15–20%,16,286,0.055944055944055944,0.11538461538461539,0.9831603229527105,0.61737793156478282,0.35040369088811996,1
F2 m=0 r=5%,surface_sensor_wmape,15,6,90,4,≥20%,200,286,0.69930069930069927,0.17132867132867133,0.73933102652825844,0.088581314878892731,0.15086505190311419,1
F2 m=0 r=5%,surface_sensor_wmape,15,6,90,5,not lit,37,286,0.12937062937062938,0.87062937062937062,0.55000000000000004,0.55000000000000004,0.55000000000000004,1
F2 m=0 r=5%,surface_sensor_wmape,15,7,105,0,0–5%,19,611,0.031096563011456628,0,0.047981545559400242,0.49642445213379471,0.26182237600922725,1
F2 m=0 r=5%,surface_sensor_wmape,15,7,105,1,5–10%,11,611,0.018003273322422259,0.031096563011456628,0.5870049980776626,0.82299115724721261,0.40868896578239144,1
F2 m=0 r=5%,surface_sensor_wmape,15,7,105,2,10–15%,23,611,0.037643207855973811,0.049099836333878891,0.99707804690503654,0.99876970396001541,0.74502114571318723,1
F2 m=0 r=5%,surface_sensor_wmape,15,7,105,3,15–20%,35,611,0.057283142389525366,0.086743044189852708,0.9831603229527105,0.61737793156478282,0.35040369088811996,1
F2 m=0 r=5%,surface_sensor_wmape,15,7,105,4,≥20%,399,611,0.65302782324058917,0.14402618657937807,0.73933102652825844,0.088581314878892731,0.15086505190311419,1
F2 m=0 r=5%,surface_sensor_wmape,15,7,105,5,not lit,124,611,0.20294599018003273,0.79705400981996721,0.55000000000000004,0.55000000000000004,0.55000000000000004,1
F2 m=0 r=5%,surface_sensor_wmape,15,8,120,0,0–5%,50,1778,0.0281214848143982,0,0.047981545559400242,0.49642445213379471,0.26182237600922725,1
F2 m=0 r=5%,surface_sensor_wmape,15,8,120,1,5–10%,48,1778,0.026996625421822271,0.0281214848143982,0.5870049980776626,0.82299115724721261,0.40868896578239144,1
F2 m=0 r=5%,surface_sensor_wmape,15,8,120,2,10–15%,66,1778,0.037120359955005622,0.055118110236220472,0.99707804690503654,0.99876970396001541,0.74502114571318723,1
F2 m=0 r=5%,surface_sensor_wmape,15,8,120,3,15–20%,54,1778,0.030371203599550055,0.092238470191226093,0.9831603229527105,0.61737793156478282,0.35040369088811996,1
F2 m=0 r=5%,surface_sensor_wmape,15,8,120,4,≥20%,1060,1778,0.59617547806524185,0.12260967379077614,0.73933102652825844,0.088581314878892731,0.15086505190311419,1
F2 m=0 r=5%,surface_sensor_wmape,15,8,120,5,not lit,500,1778,0.28121484814398201,0.71878515185601799,0.55000000000000004,0.55000000000000004,0.55000000000000004,1
F2 m=0 r=5%,surface_sensor_wmape,15,9,135,0,0–5%,3,188,0.015957446808510637,0,0.047981545559400242,0.49642445213379471,0.26182237600922725,1
F2 m=0 r=5%,surface_sensor_wmape,15,9,135,1,5–10%,8,188,0.042553191489361701,0.015957446808510637,0.5870049980776626,0.82299115724721261,0.40868896578239144,1
F2 m=0 r=5%,surface_sensor_wmape,15,9,135,2,10–15%,7,188,0.037234042553191488,0.058510638297872342,0.99707804690503654,0.99876970396001541,0.74502114571318723,1
F2 m=0 r=5%,surface_sensor_wmape,15,9,135,3,15–20%,7,188,0.037234042553191488,0.095744680851063829,0.9831603229527105,0.61737793156478282,0.35040369088811996,1
F2 m=0 r=5%,surface_sensor_wmape,15,9,135,4,≥20%,126,188,0.67021276595744683,0.13297872340425532,0.73933102652825844,0.088581314878892731,0.15086505190311419,1
F2 m=0 r=5%,surface_sensor_wmape,15,9,135,5,not lit,37,188,0.19680851063829788,0.80319148936170215,0.55000000000000004,0.55000000000000004,0.55000000000000004,1
F2 m=0 r=5%,surface_sensor_wmape,15,10,150,0,0–5%,12,456,0.026315789473684209,0,0.047981545559400242,0.49642445213379471,0.26182237600922725,1
F2 m=0 r=5%,surface_sensor_wmape,15,10,150,1,5–10%,16,456,0.035087719298245612,0.026315789473684209,0.5870049980776626,0.82299115724721261,0.40868896578239144,1
F2 m=0 r=5%,surface_sensor_wmape,15,10,150,2,10–15%,20,456,0.043859649122807015,0.061403508771929821,0.99707804690503654,0.99876970396001541,0.74502114571318723,1
F2 m=0 r=5%,surface_sensor_wmape,15,10,150,3,15–20%,18,456,0.039473684210526314,0.10526315789473684,0.9831603229527105,0.61737793156478282,0.35040369088811996,1
F2 m=0 r=5%,surface_sensor_wmape,15,10,150,4,≥20%,299,456,0.6557017543859649,0.14473684210526316,0.73933102652825844,0.088581314878892731,0.15086505190311419,1
F2 m=0 r=5%,surface_sensor_wmape,15,10,150,5,not lit,91,456,0.19956140350877194,0.80043859649122806,0.55000000000000004,0.55000000000000004,0.55000000000000004,1
F2 m=0 r=5%,surface_sensor_wmape,15,11,165,0,0–5%,40,907,0.044101433296582136,0,0.047981545559400242,0.49642445213379471,0.26182237600922725,1
F2 m=0 r=5%,surface_sensor_wmape,15,11,165,1,5–10%,40,907,0.044101433296582136,0.044101433296582136,0.5870049980776626,0.82299115724721261,0.40868896578239144,1
F2 m=0 r=5%,surface_sensor_wmape,15,11,165,2,10–15%,40,907,0.044101433296582136,0.088202866593164272,0.99707804690503654,0.99876970396001541,0.74502114571318723,1
F2 m=0 r=5%,surface_sensor_wmape,15,11,165,3,15–20%,31,907,0.034178610804851156,0.1323042998897464,0.9831603229527105,0.61737793156478282,0.35040369088811996,1
F2 m=0 r=5%,surface_sensor_wmape,15,11,165,4,≥20%,556,907,0.61300992282249178,0.16648291069459756,0.73933102652825844,0.088581314878892731,0.15086505190311419,1
F2 m=0 r=5%,surface_sensor_wmape,15,11,165,5,not lit,200,907,0.22050716648291069,0.77949283351708931,0.55000000000000004,0.55000000000000004,0.55000000000000004,1
F2 m=0 r=5%,surface_sensor_wmape,15,12,180,0,0–5%,7,276,0.025362318840579712,0,0.047981545559400242,0.49642445213379471,0.26182237600922725,1
F2 m=0 r=5%,surface_sensor_wmape,15,12,180,1,5–10%,11,276,0.039855072463768113,0.025362318840579712,0.5870049980776626,0.82299115724721261,0.40868896578239144,1
F2 m=0 r=5%,surface_sensor_wmape,15,12,180,2,10–15%,13,276,0.04710144927536232,0.065217391304347824,0.99707804690503654,0.99876970396001541,0.74502114571318723,1
F2 m=0 r=5%,surface_sensor_wmape,15,12,180,3,15–20%,10,276,0.036231884057971016,0.11231884057971014,0.9831603229527105,0.61737793156478282,0.35040369088811996,1
F2 m=0 r=5%,surface_sensor_wmape,15,12,180,4,≥20%,185,276,0.67028985507246375,0.14855072463768115,0.73933102652825844,0.088581314878892731,0.15086505190311419,1
F2 m=0 r=5%,surface_sensor_wmape,15,12,180,5,not lit,50,276,0.18115942028985507,0.8188405797101449,0.55000000000000004,0.55000000000000004,0.55000000000000004,1
F2 m=0 r=5%,surface_sensor_wmape,15,13,195,0,0–5%,20,610,0.032786885245901641,0,0.047981545559400242,0.49642445213379471,0.26182237600922725,1
F2 m=0 r=5%,surface_sensor_wmape,15,13,195,1,5–10%,32,610,0.052459016393442623,0.032786885245901641,0.5870049980776626,0.82299115724721261,0.40868896578239144,1
F2 m=0 r=5%,surface_sensor_wmape,15,13,195,2,10–15%,32,610,0.052459016393442623,0.085245901639344257,0.99707804690503654,0.99876970396001541,0.74502114571318723,1
F2 m=0 r=5%,surface_sensor_wmape,15,13,195,3,15–20%,26,610,0.042622950819672129,0.13770491803278689,0.9831603229527105,0.61737793156478282,0.35040369088811996,1
F2 m=0 r=5%,surface_sensor_wmape,15,13,195,4,≥20%,399,610,0.65409836065573768,0.18032786885245902,0.73933102652825844,0.088581314878892731,0.15086505190311419,1
F2 m=0 r=5%,surface_sensor_wmape,15,13,195,5,not lit,101,610,0.16557377049180327,0.83442622950819667,0.55000000000000004,0.55000000000000004,0.55000000000000004,1
F2 m=0 r=5%,surface_sensor_wmape,15,14,210,0,0–5%,82,1679,0.048838594401429423,0,0.047981545559400242,0.49642445213379471,0.26182237600922725,1
F2 m=0 r=5%,surface_sensor_wmape,15,14,210,1,5–10%,83,1679,0.049434187016081002,0.048838594401429423,0.5870049980776626,0.82299115724721261,0.40868896578239144,1
F2 m=0 r=5%,surface_sensor_wmape,15,14,210,2,10–15%,93,1679,0.055390113162596781,0.098272781417510419,0.99707804690503654,0.99876970396001541,0.74502114571318723,1
F2 m=0 r=5%,surface_sensor_wmape,15,14,210,3,15–20%,95,1679,0.056581298391899938,0.15366289458010721,0.9831603229527105,0.61737793156478282,0.35040369088811996,1
F2 m=0 r=5%,surface_sensor_wmape,15,14,210,4,≥20%,1053,1679,0.62715902322811201,0.21024419297200714,0.73933102652825844,0.088581314878892731,0.15086505190311419,1
F2 m=0 r=5%,surface_sensor_wmape,15,14,210,5,not lit,273,1679,0.16259678379988088,0.83740321620011915,0.55000000000000004,0.55000000000000004,0.55000000000000004,1
F2 m=0 r=5%,surface_sensor_wmape,15,15,225,0,0–5%,7,197,0.03553299492385787,0,0.047981545559400242,0.49642445213379471,0.26182237600922725,1
F2 m=0 r=5%,surface_sensor_wmape,15,15,225,1,5–10%,13,197,0.065989847715736044,0.03553299492385787,0.5870049980776626,0.82299115724721261,0.40868896578239144,1
F2 m=0 r=5%,surface_sensor_wmape,15,15,225,2,10–15%,13,197,0.065989847715736044,0.10152284263959391,0.99707804690503654,0.99876970396001541,0.74502114571318723,1
F2 m=0 r=5%,surface_sensor_wmape,15,15,225,3,15–20%,7,197,0.03553299492385787,0.16751269035532995,0.9831603229527105,0.61737793156478282,0.35040369088811996,1
F2 m=0 r=5%,surface_sensor_wmape,15,15,225,4,≥20%,139,197,0.70558375634517767,0.20304568527918782,0.73933102652825844,0.088581314878892731,0.15086505190311419,1
F2 m=0 r=5%,surface_sensor_wmape,15,15,225,5,not lit,18,197,0.091370558375634514,0.90862944162436543,0.55000000000000004,0.55000000000000004,0.55000000000000004,1
F2 m=0 r=5%,surface_sensor_wmape,15,16,240,0,0–5%,16,407,0.039312039312039311,0,0.047981545559400242,0.49642445213379471,0.26182237600922725,1
F2 m=0 r=5%,surface_sensor_wmape,15,16,240,1,5–10%,15,407,0.036855036855036855,0.039312039312039311,0.5870049980776626,0.82299115724721261,0.40868896578239144,1
F2 m=0 r=5%,surface_sensor_wmape,15,16,240,2,10–15%,20,407,0.049140049140049137,0.076167076167076159,0.99707804690503654,0.99876970396001541,0.74502114571318723,1
F2 m=0 r=5%,surface_sensor_wmape,15,16,240,3,15–20%,20,407,0.049140049140049137,0.12530712530712529,0.9831603229527105,0.61737793156478282,0.35040369088811996,1
F2 m=0 r=5%,surface_sensor_wmape,15,16,240,4,≥20%,292,407,0.71744471744471749,0.17444717444717442,0.73933102652825844,0.088581314878892731,0.15086505190311419,1
F2 m=0 r=5%,surface_sensor_wmape,15,16,240,5,not lit,44,407,0.10810810810810811,0.89189189189189189,0.55000000000000004,0.55000000000000004,0.55000000000000004,1
F2 m=0 r=5%,surface_sensor_wmape,15,17,255,0,0–5%,53,815,0.065030674846625766,0,0.047981545559400242,0.49642445213379471,0.26182237600922725,1
F2 m=0 r=5%,surface_sensor_wmape,15,17,255,1,5–10%,32,815,0.039263803680981597,0.065030674846625766,0.5870049980776626,0.82299115724721261,0.40868896578239144,1
F2 m=0 r=5%,surface_sensor_wmape,15,17,255,2,10–15%,41,815,0.05030674846625767,0.10429447852760737,0.99707804690503654,0.99876970396001541,0.74502114571318723,1
F2 m=0 r=5%,surface_sensor_wmape,15,17,255,3,15–20%,39,815,0.04785276073619632,0.15460122699386503,0.9831603229527105,0.61737793156478282,0.35040369088811996,1
F2 m=0 r=5%,surface_sensor_wmape,15,17,255,4,≥20%,565,815,0.69325153374233128,0.20245398773006135,0.73933102652825844,0.088581314878892731,0.15086505190311419,1
F2 m=0 r=5%,surface_sensor_wmape,15,17,255,5,not lit,85,815,0.10429447852760736,0.89570552147239257,0.55000000000000004,0.55000000000000004,0.55000000000000004,1
F2 m=0 r=5%,surface_sensor_wmape,15,18,270,0,0–5%,9,265,0.033962264150943396,0,0.047981545559400242,0.49642445213379471,0.26182237600922725,1
F2 m=0 r=5%,surface_sensor_wmape,15,18,270,1,5–10%,5,265,0.018867924528301886,0.033962264150943396,0.5870049980776626,0.82299115724721261,0.40868896578239144,1
F2 m=0 r=5%,surface_sensor_wmape,15,18,270,2,10–15%,11,265,0.041509433962264149,0.052830188679245285,0.99707804690503654,0.99876970396001541,0.74502114571318723,1
F2 m=0 r=5%,surface_sensor_wmape,15,18,270,3,15–20%,13,265,0.049056603773584909,0.094339622641509441,0.9831603229527105,0.61737793156478282,0.35040369088811996,1
F2 m=0 r=5%,surface_sensor_wmape,15,18,270,4,≥20%,194,265,0.73207547169811316,0.14339622641509436,0.73933102652825844,0.088581314878892731,0.15086505190311419,1
F2 m=0 r=5%,surface_sensor_wmape,15,18,270,5,not lit,33,265,0.12452830188679245,0.87547169811320757,0.55000000000000004,0.55000000000000004,0.55000000000000004,1
F2 m=0 r=5%,surface_sensor_wmape,15,19,285,0,0–5%,23,609,0.037766830870279149,0,0.047981545559400242,0.49642445213379471,0.26182237600922725,1
F2 m=0 r=5%,surface_sensor_wmape,15,19,285,1,5–10%,34,609,0.055829228243021348,0.037766830870279149,0.5870049980776626,0.82299115724721261,0.40868896578239144,1
F2 m=0 r=5%,surface_sensor_wmape,15,19,285,2,10–15%,27,609,0.044334975369458129,0.093596059113300489,0.99707804690503654,0.99876970396001541,0.74502114571318723,1
F2 m=0 r=5%,surface_sensor_wmape,15,19,285,3,15–20%,16,609,0.026272577996715927,0.13793103448275862,0.9831603229527105,0.61737793156478282,0.35040369088811996,1
F2 m=0 r=5%,surface_sensor_wmape,15,19,285,4,≥20%,412,609,0.67651888341543509,0.16420361247947454,0.73933102652825844,0.088581314878892731,0.15086505190311419,1
F2 m=0 r=5%,surface_sensor_wmape,15,19,285,5,not lit,97,609,0.15927750410509031,0.84072249589490966,0.55000000000000004,0.55000000000000004,0.55000000000000004,1
F2 m=0 r=5%,surface_sensor_wmape,15,20,300,0,0–5%,64,1781,0.035934868051656375,0,0.047981545559400242,0.49642445213379471,0.26182237600922725,1
F2 m=0 r=5%,surface_sensor_wmape,15,20,300,1,5–10%,46,1781,0.025828186412128019,0.035934868051656375,0.5870049980776626,0.82299115724721261,0.40868896578239144,1
F2 m=0 r=5%,surface_sensor_wmape,15,20,300,2,10–15%,65,1781,0.036496350364963501,0.061763054463784398,0.99707804690503654,0.99876970396001541,0.74502114571318723,1
F2 m=0 r=5%,surface_sensor_wmape,15,20,300,3,15–20%,79,1781,0.044357102751263332,0.098259404828747898,0.9831603229527105,0.61737793156478282,0.35040369088811996,1
F2 m=0 r=5%,surface_sensor_wmape,15,20,300,4,≥20%,1064,1781,0.59741718135878719,0.14261650758001124,0.73933102652825844,0.088581314878892731,0.15086505190311419,1
F2 m=0 r=5%,surface_sensor_wmape,15,20,300,5,not lit,463,1781,0.25996631106120155,0.7400336889387984,0.55000000000000004,0.55000000000000004,0.55000000000000004,1
F2 m=0 r=5%,surface_sensor_wmape,15,21,315,0,0–5%,9,190,0.04736842105263158,0,0.047981545559400242,0.49642445213379471,0.26182237600922725,1
F2 m=0 r=5%,surface_sensor_wmape,15,21,315,1,5–10%,9,190,0.04736842105263158,0.04736842105263158,0.5870049980776626,0.82299115724721261,0.40868896578239144,1
F2 m=0 r=5%,surface_sensor_wmape,15,21,315,2,10–15%,5,190,0.026315789473684209,0.094736842105263161,0.99707804690503654,0.99876970396001541,0.74502114571318723,1
F2 m=0 r=5%,surface_sensor_wmape,15,21,315,3,15–20%,6,190,0.031578947368421054,0.12105263157894737,0.9831603229527105,0.61737793156478282,0.35040369088811996,1
F2 m=0 r=5%,surface_sensor_wmape,15,21,315,4,≥20%,137,190,0.72105263157894739,0.15263157894736842,0.73933102652825844,0.088581314878892731,0.15086505190311419,1
F2 m=0 r=5%,surface_sensor_wmape,15,21,315,5,not lit,24,190,0.12631578947368421,0.87368421052631584,0.55000000000000004,0.55000000000000004,0.55000000000000004,1
F2 m=0 r=5%,surface_sensor_wmape,15,22,330,0,0–5%,15,442,0.033936651583710405,0,0.047981545559400242,0.49642445213379471,0.26182237600922725,1
F2 m=0 r=5%,surface_sensor_wmape,15,22,330,1,5–10%,17,442,0.038461538461538464,0.033936651583710405,0.5870049980776626,0.82299115724721261,0.40868896578239144,1
F2 m=0 r=5%,surface_sensor_wmape,15,22,330,2,10–15%,20,442,0.045248868778280542,0.072398190045248861,0.99707804690503654,0.99876970396001541,0.74502114571318723,1
F2 m=0 r=5%,surface_sensor_wmape,15,22,330,3,15–20%,20,442,0.045248868778280542,0.11764705882352941,0.9831603229527105,0.61737793156478282,0.35040369088811996,1
F2 m=0 r=5%,surface_sensor_wmape,15,22,330,4,≥20%,275,442,0.62217194570135748,0.16289592760180996,0.73933102652825844,0.088581314878892731,0.15086505190311419,1
F2 m=0 r=5%,surface_sensor_wmape,15,22,330,5,not lit,95,442,0.21493212669683259,0.78506787330316741,0.55000000000000004,0.55000000000000004,0.55000000000000004,1
F2 m=0 r=5%,surface_sensor_wmape,15,23,345,0,0–5%,39,924,0.042207792207792208,0,0.047981545559400242,0.49642445213379471,0.26182237600922725,1
F2 m=0 r=5%,surface_sensor_wmape,15,23,345,1,5–10%,33,924,0.035714285714285712,0.042207792207792208,0.5870049980776626,0.82299115724721261,0.40868896578239144,1
F2 m=0 r=5%,surface_sensor_wmape,15,23,345,2,10–15%,31,924,0.033549783549783552,0.07792207792207792,0.99707804690503654,0.99876970396001541,0.74502114571318723,1
F2 m=0 r=5%,surface_sensor_wmape,15,23,345,3,15–20%,34,924,0.0367965367965368,0.11147186147186147,0.9831603229527105,0.61737793156478282,0.35040369088811996,1
F2 m=0 r=5%,surface_sensor_wmape,15,23,345,4,≥20%,582,924,0.62987012987012991,0.14826839826839827,0.73933102652825844,0.088581314878892731,0.15086505190311419,1
F2 m=0 r=5%,surface_sensor_wmape,15,23,345,5,not lit,205,924,0.22186147186147187,0.77813852813852824,0.55000000000000004,0.55000000000000004,0.55000000000000004,1
F2 m=0 r=5%,surface_sensor_wmape,30,0,0,0,0–5%,13,290,0.044827586206896551,0,0.047981545559400242,0.49642445213379471,0.26182237600922725,1
F2 m=0 r=5%,surface_sensor_wmape,30,0,0,1,5–10%,10,290,0.034482758620689655,0.044827586206896551,0.5870049980776626,0.82299115724721261,0.40868896578239144,1
F2 m=0 r=5%,surface_sensor_wmape,30,0,0,2,10–15%,9,290,0.031034482758620689,0.079310344827586199,0.99707804690503654,0.99876970396001541,0.74502114571318723,1
F2 m=0 r=5%,surface_sensor_wmape,30,0,0,3,15–20%,7,290,0.024137931034482758,0.1103448275862069,0.9831603229527105,0.61737793156478282,0.35040369088811996,1
F2 m=0 r=5%,surface_sensor_wmape,30,0,0,4,≥20%,192,290,0.66206896551724137,0.13448275862068965,0.73933102652825844,0.088581314878892731,0.15086505190311419,1
F2 m=0 r=5%,surface_sensor_wmape,30,0,0,5,not lit,59,290,0.20344827586206896,0.79655172413793096,0.55000000000000004,0.55000000000000004,0.55000000000000004,1
F2 m=0 r=5%,surface_sensor_wmape,30,1,15,0,0–5%,19,637,0.029827315541601257,0,0.047981545559400242,0.49642445213379471,0.26182237600922725,1
F2 m=0 r=5%,surface_sensor_wmape,30,1,15,1,5–10%,29,637,0.045525902668759811,0.029827315541601257,0.5870049980776626,0.82299115724721261,0.40868896578239144,1
F2 m=0 r=5%,surface_sensor_wmape,30,1,15,2,10–15%,18,637,0.028257456828885402,0.075353218210361061,0.99707804690503654,0.99876970396001541,0.74502114571318723,1
F2 m=0 r=5%,surface_sensor_wmape,30,1,15,3,15–20%,29,637,0.045525902668759811,0.10361067503924647,0.9831603229527105,0.61737793156478282,0.35040369088811996,1
F2 m=0 r=5%,surface_sensor_wmape,30,1,15,4,≥20%,451,637,0.70800627943485084,0.14913657770800628,0.73933102652825844,0.088581314878892731,0.15086505190311419,1
F2 m=0 r=5%,surface_sensor_wmape,30,1,15,5,not lit,91,637,0.14285714285714285,0.8571428571428571,0.55000000000000004,0.55000000000000004,0.55000000000000004,1
F2 m=0 r=5%,surface_sensor_wmape,30,2,30,0,0–5%,62,1703,0.036406341749853202,0,0.047981545559400242,0.49642445213379471,0.26182237600922725,1
F2 m=0 r=5%,surface_sensor_wmape,30,2,30,1,5–10%,71,1703,0.041691133294186729,0.036406341749853202,0.5870049980776626,0.82299115724721261,0.40868896578239144,1
F2 m=0 r=5%,surface_sensor_wmape,30,2,30,2,10–15%,85,1703,0.049911920140927775,0.078097475044039938,0.99707804690503654,0.99876970396001541,0.74502114571318723,1
F2 m=0 r=5%,surface_sensor_wmape,30,2,30,3,15–20%,79,1703,0.046388725778038757,0.12800939518496771,0.9831603229527105,0.61737793156478282,0.35040369088811996,1
F2 m=0 r=5%,surface_sensor_wmape,30,2,30,4,≥20%,1072,1703,0.62947739283617143,0.17439812096300647,0.73933102652825844,0.088581314878892731,0.15086505190311419,1
F2 m=0 r=5%,surface_sensor_wmape,30,2,30,5,not lit,334,1703,0.19612448620082207,0.80387551379917788,0.55000000000000004,0.55000000000000004,0.55000000000000004,1
F2 m=0 r=5%,surface_sensor_wmape,30,3,45,0,0–5%,8,187,0.042780748663101602,0,0.047981545559400242,0.49642445213379471,0.26182237600922725,1
F2 m=0 r=5%,surface_sensor_wmape,30,3,45,1,5–10%,15,187,0.080213903743315509,0.042780748663101602,0.5870049980776626,0.82299115724721261,0.40868896578239144,1
F2 m=0 r=5%,surface_sensor_wmape,30,3,45,2,10–15%,18,187,0.096256684491978606,0.1229946524064171,0.99707804690503654,0.99876970396001541,0.74502114571318723,1
F2 m=0 r=5%,surface_sensor_wmape,30,3,45,3,15–20%,8,187,0.042780748663101602,0.21925133689839571,0.9831603229527105,0.61737793156478282,0.35040369088811996,1
F2 m=0 r=5%,surface_sensor_wmape,30,3,45,4,≥20%,110,187,0.58823529411764708,0.26203208556149732,0.73933102652825844,0.088581314878892731,0.15086505190311419,1
F2 m=0 r=5%,surface_sensor_wmape,30,3,45,5,not lit,28,187,0.1497326203208556,0.85026737967914445,0.55000000000000004,0.55000000000000004,0.55000000000000004,1
F2 m=0 r=5%,surface_sensor_wmape,30,4,60,0,0–5%,22,412,0.053398058252427182,0,0.047981545559400242,0.49642445213379471,0.26182237600922725,1
F2 m=0 r=5%,surface_sensor_wmape,30,4,60,1,5–10%,28,412,0.067961165048543687,0.053398058252427182,0.5870049980776626,0.82299115724721261,0.40868896578239144,1
F2 m=0 r=5%,surface_sensor_wmape,30,4,60,2,10–15%,27,412,0.06553398058252427,0.12135922330097088,0.99707804690503654,0.99876970396001541,0.74502114571318723,1
F2 m=0 r=5%,surface_sensor_wmape,30,4,60,3,15–20%,23,412,0.055825242718446605,0.18689320388349515,0.9831603229527105,0.61737793156478282,0.35040369088811996,1
F2 m=0 r=5%,surface_sensor_wmape,30,4,60,4,≥20%,256,412,0.62135922330097082,0.24271844660194175,0.73933102652825844,0.088581314878892731,0.15086505190311419,1
F2 m=0 r=5%,surface_sensor_wmape,30,4,60,5,not lit,56,412,0.13592233009708737,0.86407766990291257,0.55000000000000004,0.55000000000000004,0.55000000000000004,1
F2 m=0 r=5%,surface_sensor_wmape,30,5,75,0,0–5%,35,826,0.042372881355932202,0,0.047981545559400242,0.49642445213379471,0.26182237600922725,1
F2 m=0 r=5%,surface_sensor_wmape,30,5,75,1,5–10%,41,826,0.049636803874092007,0.042372881355932202,0.5870049980776626,0.82299115724721261,0.40868896578239144,1
F2 m=0 r=5%,surface_sensor_wmape,30,5,75,2,10–15%,36,826,0.043583535108958835,0.092009685230024202,0.99707804690503654,0.99876970396001541,0.74502114571318723,1
F2 m=0 r=5%,surface_sensor_wmape,30,5,75,3,15–20%,45,826,0.054479418886198547,0.13559322033898302,0.9831603229527105,0.61737793156478282,0.35040369088811996,1
F2 m=0 r=5%,surface_sensor_wmape,30,5,75,4,≥20%,585,826,0.70823244552058107,0.19007263922518158,0.73933102652825844,0.088581314878892731,0.15086505190311419,1
F2 m=0 r=5%,surface_sensor_wmape,30,5,75,5,not lit,84,826,0.10169491525423729,0.89830508474576265,0.55000000000000004,0.55000000000000004,0.55000000000000004,1
F2 m=0 r=5%,surface_sensor_wmape,30,6,90,0,0–5%,9,286,0.031468531468531472,0,0.047981545559400242,0.49642445213379471,0.26182237600922725,1
F2 m=0 r=5%,surface_sensor_wmape,30,6,90,1,5–10%,8,286,0.027972027972027972,0.031468531468531472,0.5870049980776626,0.82299115724721261,0.40868896578239144,1
F2 m=0 r=5%,surface_sensor_wmape,30,6,90,2,10–15%,12,286,0.04195804195804196,0.05944055944055944,0.99707804690503654,0.99876970396001541,0.74502114571318723,1
F2 m=0 r=5%,surface_sensor_wmape,30,6,90,3,15–20%,11,286,0.038461538461538464,0.10139860139860141,0.9831603229527105,0.61737793156478282,0.35040369088811996,1
F2 m=0 r=5%,surface_sensor_wmape,30,6,90,4,≥20%,210,286,0.73426573426573427,0.13986013986013987,0.73933102652825844,0.088581314878892731,0.15086505190311419,1
F2 m=0 r=5%,surface_sensor_wmape,30,6,90,5,not lit,36,286,0.12587412587412589,0.87412587412587417,0.55000000000000004,0.55000000000000004,0.55000000000000004,1
F2 m=0 r=5%,surface_sensor_wmape,30,7,105,0,0–5%,20,611,0.032733224222585927,0,0.047981545559400242,0.49642445213379471,0.26182237600922725,1
F2 m=0 r=5%,surface_sensor_wmape,30,7,105,1,5–10%,11,611,0.018003273322422259,0.032733224222585927,0.5870049980776626,0.82299115724721261,0.40868896578239144,1
F2 m=0 r=5%,surface_sensor_wmape,30,7,105,2,10–15%,24,611,0.03927986906710311,0.050736497545008183,0.99707804690503654,0.99876970396001541,0.74502114571318723,1
F2 m=0 r=5%,surface_sensor_wmape,30,7,105,3,15–20%,28,611,0.045826513911620292,0.090016366612111293,0.9831603229527105,0.61737793156478282,0.35040369088811996,1
F2 m=0 r=5%,surface_sensor_wmape,30,7,105,4,≥20%,406,611,0.66448445171849424,0.13584288052373159,0.73933102652825844,0.088581314878892731,0.15086505190311419,1
F2 m=0 r=5%,surface_sensor_wmape,30,7,105,5,not lit,122,611,0.19967266775777415,0.80032733224222585,0.55000000000000004,0.55000000000000004,0.55000000000000004,1
F2 m=0 r=5%,surface_sensor_wmape,30,8,120,0,0–5%,44,1778,0.024746906636670417,0,0.047981545559400242,0.49642445213379471,0.26182237600922725,1
F2 m=0 r=5%,surface_sensor_wmape,30,8,120,1,5–10%,45,1778,0.025309336332958381,0.024746906636670417,0.5870049980776626,0.82299115724721261,0.40868896578239144,1
F2 m=0 r=5%,surface_sensor_wmape,30,8,120,2,10–15%,55,1778,0.030933633295838019,0.050056242969628795,0.99707804690503654,0.99876970396001541,0.74502114571318723,1
F2 m=0 r=5%,surface_sensor_wmape,30,8,120,3,15–20%,53,1778,0.029808773903262094,0.080989876265466818,0.9831603229527105,0.61737793156478282,0.35040369088811996,1
F2 m=0 r=5%,surface_sensor_wmape,30,8,120,4,≥20%,1081,1778,0.60798650168728907,0.11079865016872892,0.73933102652825844,0.088581314878892731,0.15086505190311419,1
F2 m=0 r=5%,surface_sensor_wmape,30,8,120,5,not lit,500,1778,0.28121484814398201,0.71878515185601799,0.55000000000000004,0.55000000000000004,0.55000000000000004,1
F2 m=0 r=5%,surface_sensor_wmape,30,9,135,0,0–5%,3,188,0.015957446808510637,0,0.047981545559400242,0.49642445213379471,0.26182237600922725,1
F2 m=0 r=5%,surface_sensor_wmape,30,9,135,1,5–10%,6,188,0.031914893617021274,0.015957446808510637,0.5870049980776626,0.82299115724721261,0.40868896578239144,1
F2 m=0 r=5%,surface_sensor_wmape,30,9,135,2,10–15%,11,188,0.058510638297872342,0.047872340425531915,0.99707804690503654,0.99876970396001541,0.74502114571318723,1
F2 m=0 r=5%,surface_sensor_wmape,30,9,135,3,15–20%,5,188,0.026595744680851064,0.10638297872340426,0.9831603229527105,0.61737793156478282,0.35040369088811996,1
F2 m=0 r=5%,surface_sensor_wmape,30,9,135,4,≥20%,126,188,0.67021276595744683,0.13297872340425532,0.73933102652825844,0.088581314878892731,0.15086505190311419,1
F2 m=0 r=5%,surface_sensor_wmape,30,9,135,5,not lit,37,188,0.19680851063829788,0.80319148936170215,0.55000000000000004,0.55000000000000004,0.55000000000000004,1
F2 m=0 r=5%,surface_sensor_wmape,30,10,150,0,0–5%,10,456,0.021929824561403508,0,0.047981545559400242,0.49642445213379471,0.26182237600922725,1
F2 m=0 r=5%,surface_sensor_wmape,30,10,150,1,5–10%,9,456,0.019736842105263157,0.021929824561403508,0.5870049980776626,0.82299115724721261,0.40868896578239144,1
F2 m=0 r=5%,surface_sensor_wmape,30,10,150,2,10–15%,16,456,0.035087719298245612,0.041666666666666664,0.99707804690503654,0.99876970396001541,0.74502114571318723,1
F2 m=0 r=5%,surface_sensor_wmape,30,10,150,3,15–20%,18,456,0.039473684210526314,0.07675438596491227,0.9831603229527105,0.61737793156478282,0.35040369088811996,1
F2 m=0 r=5%,surface_sensor_wmape,30,10,150,4,≥20%,306,456,0.67105263157894735,0.11622807017543858,0.73933102652825844,0.088581314878892731,0.15086505190311419,1
F2 m=0 r=5%,surface_sensor_wmape,30,10,150,5,not lit,97,456,0.21271929824561403,0.78728070175438591,0.55000000000000004,0.55000000000000004,0.55000000000000004,1
F2 m=0 r=5%,surface_sensor_wmape,30,11,165,0,0–5%,30,907,0.033076074972436607,0,0.047981545559400242,0.49642445213379471,0.26182237600922725,1
F2 m=0 r=5%,surface_sensor_wmape,30,11,165,1,5–10%,33,907,0.036383682469680267,0.033076074972436607,0.5870049980776626,0.82299115724721261,0.40868896578239144,1
F2 m=0 r=5%,surface_sensor_wmape,30,11,165,2,10–15%,40,907,0.044101433296582136,0.069459757442116882,0.99707804690503654,0.99876970396001541,0.74502114571318723,1
F2 m=0 r=5%,surface_sensor_wmape,30,11,165,3,15–20%,26,907,0.028665931642778392,0.11356119073869902,0.9831603229527105,0.61737793156478282,0.35040369088811996,1
F2 m=0 r=5%,surface_sensor_wmape,30,11,165,4,≥20%,578,907,0.63726571113561192,0.14222712238147742,0.73933102652825844,0.088581314878892731,0.15086505190311419,1
F2 m=0 r=5%,surface_sensor_wmape,30,11,165,5,not lit,200,907,0.22050716648291069,0.77949283351708931,0.55000000000000004,0.55000000000000004,0.55000000000000004,1
F2 m=0 r=5%,surface_sensor_wmape,30,12,180,0,0–5%,3,276,0.010869565217391304,0,0.047981545559400242,0.49642445213379471,0.26182237600922725,1
F2 m=0 r=5%,surface_sensor_wmape,30,12,180,1,5–10%,8,276,0.028985507246376812,0.010869565217391304,0.5870049980776626,0.82299115724721261,0.40868896578239144,1
F2 m=0 r=5%,surface_sensor_wmape,30,12,180,2,10–15%,13,276,0.04710144927536232,0.039855072463768113,0.99707804690503654,0.99876970396001541,0.74502114571318723,1
F2 m=0 r=5%,surface_sensor_wmape,30,12,180,3,15–20%,13,276,0.04710144927536232,0.086956521739130432,0.9831603229527105,0.61737793156478282,0.35040369088811996,1
F2 m=0 r=5%,surface_sensor_wmape,30,12,180,4,≥20%,189,276,0.68478260869565222,0.13405797101449274,0.73933102652825844,0.088581314878892731,0.15086505190311419,1
F2 m=0 r=5%,surface_sensor_wmape,30,12,180,5,not lit,50,276,0.18115942028985507,0.81884057971014501,0.55000000000000004,0.55000000000000004,0.55000000000000004,1
F2 m=0 r=5%,surface_sensor_wmape,30,13,195,0,0–5%,15,610,0.024590163934426229,0,0.047981545559400242,0.49642445213379471,0.26182237600922725,1
F2 m=0 r=5%,surface_sensor_wmape,30,13,195,1,5–10%,25,610,0.040983606557377046,0.024590163934426229,0.5870049980776626,0.82299115724721261,0.40868896578239144,1
F2 m=0 r=5%,surface_sensor_wmape,30,13,195,2,10–15%,27,610,0.044262295081967211,0.065573770491803268,0.99707804690503654,0.99876970396001541,0.74502114571318723,1
F2 m=0 r=5%,surface_sensor_wmape,30,13,195,3,15–20%,22,610,0.036065573770491806,0.10983606557377049,0.9831603229527105,0.61737793156478282,0.35040369088811996,1
F2 m=0 r=5%,surface_sensor_wmape,30,13,195,4,≥20%,420,610,0.68852459016393441,0.14590163934426228,0.73933102652825844,0.088581314878892731,0.15086505190311419,1
F2 m=0 r=5%,surface_sensor_wmape,30,13,195,5,not lit,101,610,0.16557377049180327,0.83442622950819667,0.55000000000000004,0.55000000000000004,0.55000000000000004,1
F2 m=0 r=5%,surface_sensor_wmape,30,14,210,0,0–5%,64,1679,0.038117927337701016,0,0.047981545559400242,0.49642445213379471,0.26182237600922725,1
F2 m=0 r=5%,surface_sensor_wmape,30,14,210,1,5–10%,58,1679,0.034544371649791544,0.038117927337701016,0.5870049980776626,0.82299115724721261,0.40868896578239144,1
F2 m=0 r=5%,surface_sensor_wmape,30,14,210,2,10–15%,90,1679,0.053603335318642052,0.07266229898749256,0.99707804690503654,0.99876970396001541,0.74502114571318723,1
F2 m=0 r=5%,surface_sensor_wmape,30,14,210,3,15–20%,95,1679,0.056581298391899938,0.12626563430613461,0.9831603229527105,0.61737793156478282,0.35040369088811996,1
F2 m=0 r=5%,surface_sensor_wmape,30,14,210,4,≥20%,1092,1679,0.65038713519952351,0.18284693269803454,0.73933102652825844,0.088581314878892731,0.15086505190311419,1
F2 m=0 r=5%,surface_sensor_wmape,30,14,210,5,not lit,280,1679,0.16676593210244192,0.83323406789755805,0.55000000000000004,0.55000000000000004,0.55000000000000004,1
F2 m=0 r=5%,surface_sensor_wmape,30,15,225,0,0–5%,6,197,0.030456852791878174,0,0.047981545559400242,0.49642445213379471,0.26182237600922725,1
F2 m=0 r=5%,surface_sensor_wmape,30,15,225,1,5–10%,14,197,0.071065989847715741,0.030456852791878174,0.5870049980776626,0.82299115724721261,0.40868896578239144,1
F2 m=0 r=5%,surface_sensor_wmape,30,15,225,2,10–15%,10,197,0.050761421319796954,0.10152284263959391,0.99707804690503654,0.99876970396001541,0.74502114571318723,1
F2 m=0 r=5%,surface_sensor_wmape,30,15,225,3,15–20%,11,197,0.055837563451776651,0.15228426395939088,0.9831603229527105,0.61737793156478282,0.35040369088811996,1
F2 m=0 r=5%,surface_sensor_wmape,30,15,225,4,≥20%,138,197,0.70050761421319796,0.20812182741116753,0.73933102652825844,0.088581314878892731,0.15086505190311419,1
F2 m=0 r=5%,surface_sensor_wmape,30,15,225,5,not lit,18,197,0.091370558375634514,0.90862944162436543,0.55000000000000004,0.55000000000000004,0.55000000000000004,1
F2 m=0 r=5%,surface_sensor_wmape,30,16,240,0,0–5%,16,407,0.039312039312039311,0,0.047981545559400242,0.49642445213379471,0.26182237600922725,1
F2 m=0 r=5%,surface_sensor_wmape,30,16,240,1,5–10%,14,407,0.034398034398034398,0.039312039312039311,0.5870049980776626,0.82299115724721261,0.40868896578239144,1
F2 m=0 r=5%,surface_sensor_wmape,30,16,240,2,10–15%,19,407,0.046683046683046681,0.073710073710073709,0.99707804690503654,0.99876970396001541,0.74502114571318723,1
F2 m=0 r=5%,surface_sensor_wmape,30,16,240,3,15–20%,18,407,0.044226044226044224,0.12039312039312039,0.9831603229527105,0.61737793156478282,0.35040369088811996,1
F2 m=0 r=5%,surface_sensor_wmape,30,16,240,4,≥20%,296,407,0.72727272727272729,0.16461916461916462,0.73933102652825844,0.088581314878892731,0.15086505190311419,1
F2 m=0 r=5%,surface_sensor_wmape,30,16,240,5,not lit,44,407,0.10810810810810811,0.89189189189189189,0.55000000000000004,0.55000000000000004,0.55000000000000004,1
F2 m=0 r=5%,surface_sensor_wmape,30,17,255,0,0–5%,51,815,0.062576687116564417,0,0.047981545559400242,0.49642445213379471,0.26182237600922725,1
F2 m=0 r=5%,surface_sensor_wmape,30,17,255,1,5–10%,27,815,0.033128834355828224,0.062576687116564417,0.5870049980776626,0.82299115724721261,0.40868896578239144,1
F2 m=0 r=5%,surface_sensor_wmape,30,17,255,2,10–15%,37,815,0.045398773006134971,0.095705521472392641,0.99707804690503654,0.99876970396001541,0.74502114571318723,1
F2 m=0 r=5%,surface_sensor_wmape,30,17,255,3,15–20%,37,815,0.045398773006134971,0.14110429447852763,0.9831603229527105,0.61737793156478282,0.35040369088811996,1
F2 m=0 r=5%,surface_sensor_wmape,30,17,255,4,≥20%,574,815,0.7042944785276074,0.18650306748466261,0.73933102652825844,0.088581314878892731,0.15086505190311419,1
F2 m=0 r=5%,surface_sensor_wmape,30,17,255,5,not lit,89,815,0.10920245398773006,0.89079754601227001,0.55000000000000004,0.55000000000000004,0.55000000000000004,1
F2 m=0 r=5%,surface_sensor_wmape,30,18,270,0,0–5%,8,265,0.030188679245283019,0,0.047981545559400242,0.49642445213379471,0.26182237600922725,1
F2 m=0 r=5%,surface_sensor_wmape,30,18,270,1,5–10%,6,265,0.022641509433962263,0.030188679245283019,0.5870049980776626,0.82299115724721261,0.40868896578239144,1
F2 m=0 r=5%,surface_sensor_wmape,30,18,270,2,10–15%,11,265,0.041509433962264149,0.052830188679245285,0.99707804690503654,0.99876970396001541,0.74502114571318723,1
F2 m=0 r=5%,surface_sensor_wmape,30,18,270,3,15–20%,12,265,0.045283018867924525,0.094339622641509441,0.9831603229527105,0.61737793156478282,0.35040369088811996,1
F2 m=0 r=5%,surface_sensor_wmape,30,18,270,4,≥20%,197,265,0.74339622641509429,0.13962264150943396,0.73933102652825844,0.088581314878892731,0.15086505190311419,1
F2 m=0 r=5%,surface_sensor_wmape,30,18,270,5,not lit,31,265,0.1169811320754717,0.88301886792452822,0.55000000000000004,0.55000000000000004,0.55000000000000004,1
F2 m=0 r=5%,surface_sensor_wmape,30,19,285,0,0–5%,21,609,0.034482758620689655,0,0.047981545559400242,0.49642445213379471,0.26182237600922725,1
F2 m=0 r=5%,surface_sensor_wmape,30,19,285,1,5–10%,27,609,0.044334975369458129,0.034482758620689655,0.5870049980776626,0.82299115724721261,0.40868896578239144,1
F2 m=0 r=5%,surface_sensor_wmape,30,19,285,2,10–15%,25,609,0.041050903119868636,0.078817733990147784,0.99707804690503654,0.99876970396001541,0.74502114571318723,1
F2 m=0 r=5%,surface_sensor_wmape,30,19,285,3,15–20%,17,609,0.027914614121510674,0.11986863711001641,0.9831603229527105,0.61737793156478282,0.35040369088811996,1
F2 m=0 r=5%,surface_sensor_wmape,30,19,285,4,≥20%,415,609,0.68144499178981932,0.14778325123152708,0.73933102652825844,0.088581314878892731,0.15086505190311419,1
F2 m=0 r=5%,surface_sensor_wmape,30,19,285,5,not lit,104,609,0.17077175697865354,0.82922824302134646,0.55000000000000004,0.55000000000000004,0.55000000000000004,1
F2 m=0 r=5%,surface_sensor_wmape,30,20,300,0,0–5%,53,1781,0.029758562605277934,0,0.047981545559400242,0.49642445213379471,0.26182237600922725,1
F2 m=0 r=5%,surface_sensor_wmape,30,20,300,1,5–10%,46,1781,0.025828186412128019,0.029758562605277934,0.5870049980776626,0.82299115724721261,0.40868896578239144,1
F2 m=0 r=5%,surface_sensor_wmape,30,20,300,2,10–15%,65,1781,0.036496350364963501,0.055586749017405956,0.99707804690503654,0.99876970396001541,0.74502114571318723,1
F2 m=0 r=5%,surface_sensor_wmape,30,20,300,3,15–20%,72,1781,0.04042672655811342,0.092083099382369457,0.9831603229527105,0.61737793156478282,0.35040369088811996,1
F2 m=0 r=5%,surface_sensor_wmape,30,20,300,4,≥20%,1060,1781,0.59517125210555866,0.13250982594048288,0.73933102652825844,0.088581314878892731,0.15086505190311419,1
F2 m=0 r=5%,surface_sensor_wmape,30,20,300,5,not lit,485,1781,0.27231892195395846,0.72768107804604154,0.55000000000000004,0.55000000000000004,0.55000000000000004,1
F2 m=0 r=5%,surface_sensor_wmape,30,21,315,0,0–5%,9,190,0.04736842105263158,0,0.047981545559400242,0.49642445213379471,0.26182237600922725,1
F2 m=0 r=5%,surface_sensor_wmape,30,21,315,1,5–10%,8,190,0.042105263157894736,0.04736842105263158,0.5870049980776626,0.82299115724721261,0.40868896578239144,1
F2 m=0 r=5%,surface_sensor_wmape,30,21,315,2,10–15%,6,190,0.031578947368421054,0.089473684210526316,0.99707804690503654,0.99876970396001541,0.74502114571318723,1
F2 m=0 r=5%,surface_sensor_wmape,30,21,315,3,15–20%,5,190,0.026315789473684209,0.12105263157894737,0.9831603229527105,0.61737793156478282,0.35040369088811996,1
F2 m=0 r=5%,surface_sensor_wmape,30,21,315,4,≥20%,136,190,0.71578947368421053,0.14736842105263159,0.73933102652825844,0.088581314878892731,0.15086505190311419,1
F2 m=0 r=5%,surface_sensor_wmape,30,21,315,5,not lit,26,190,0.1368421052631579,0.86315789473684212,0.55000000000000004,0.55000000000000004,0.55000000000000004,1
F2 m=0 r=5%,surface_sensor_wmape,30,22,330,0,0–5%,15,442,0.033936651583710405,0,0.047981545559400242,0.49642445213379471,0.26182237600922725,1
F2 m=0 r=5%,surface_sensor_wmape,30,22,330,1,5–10%,11,442,0.024886877828054297,0.033936651583710405,0.5870049980776626,0.82299115724721261,0.40868896578239144,1
F2 m=0 r=5%,surface_sensor_wmape,30,22,330,2,10–15%,12,442,0.027149321266968326,0.058823529411764705,0.99707804690503654,0.99876970396001541,0.74502114571318723,1
F2 m=0 r=5%,surface_sensor_wmape,30,22,330,3,15–20%,21,442,0.047511312217194568,0.085972850678733032,0.9831603229527105,0.61737793156478282,0.35040369088811996,1
F2 m=0 r=5%,surface_sensor_wmape,30,22,330,4,≥20%,283,442,0.64027149321266963,0.1334841628959276,0.73933102652825844,0.088581314878892731,0.15086505190311419,1
F2 m=0 r=5%,surface_sensor_wmape,30,22,330,5,not lit,100,442,0.22624434389140272,0.7737556561085972,0.55000000000000004,0.55000000000000004,0.55000000000000004,1
F2 m=0 r=5%,surface_sensor_wmape,30,23,345,0,0–5%,36,924,0.03896103896103896,0,0.047981545559400242,0.49642445213379471,0.26182237600922725,1
F2 m=0 r=5%,surface_sensor_wmape,30,23,345,1,5–10%,20,924,0.021645021645021644,0.03896103896103896,0.5870049980776626,0.82299115724721261,0.40868896578239144,1
F2 m=0 r=5%,surface_sensor_wmape,30,23,345,2,10–15%,22,924,0.023809523809523808,0.060606060606060608,0.99707804690503654,0.99876970396001541,0.74502114571318723,1
F2 m=0 r=5%,surface_sensor_wmape,30,23,345,3,15–20%,29,924,0.031385281385281384,0.084415584415584416,0.9831603229527105,0.61737793156478282,0.35040369088811996,1
F2 m=0 r=5%,surface_sensor_wmape,30,23,345,4,≥20%,591,924,0.63961038961038963,0.11580086580086579,0.73933102652825844,0.088581314878892731,0.15086505190311419,1
F2 m=0 r=5%,surface_sensor_wmape,30,23,345,5,not lit,226,924,0.24458874458874458,0.75541125541125542,0.55000000000000004,0.55000000000000004,0.55000000000000004,1
F2 m=0 r=5%,surface_sensor_wmape,45,0,0,0,0–5%,13,290,0.044827586206896551,0,0.047981545559400242,0.49642445213379471,0.26182237600922725,1
F2 m=0 r=5%,surface_sensor_wmape,45,0,0,1,5–10%,5,290,0.017241379310344827,0.044827586206896551,0.5870049980776626,0.82299115724721261,0.40868896578239144,1
F2 m=0 r=5%,surface_sensor_wmape,45,0,0,2,10–15%,8,290,0.027586206896551724,0.062068965517241378,0.99707804690503654,0.99876970396001541,0.74502114571318723,1
F2 m=0 r=5%,surface_sensor_wmape,45,0,0,3,15–20%,2,290,0.0068965517241379309,0.089655172413793102,0.9831603229527105,0.61737793156478282,0.35040369088811996,1
F2 m=0 r=5%,surface_sensor_wmape,45,0,0,4,≥20%,182,290,0.62758620689655176,0.096551724137931033,0.73933102652825844,0.088581314878892731,0.15086505190311419,1
F2 m=0 r=5%,surface_sensor_wmape,45,0,0,5,not lit,80,290,0.27586206896551724,0.72413793103448276,0.55000000000000004,0.55000000000000004,0.55000000000000004,1
F2 m=0 r=5%,surface_sensor_wmape,45,1,15,0,0–5%,22,637,0.03453689167974882,0,0.047981545559400242,0.49642445213379471,0.26182237600922725,1
F2 m=0 r=5%,surface_sensor_wmape,45,1,15,1,5–10%,12,637,0.018838304552590265,0.03453689167974882,0.5870049980776626,0.82299115724721261,0.40868896578239144,1
F2 m=0 r=5%,surface_sensor_wmape,45,1,15,2,10–15%,23,637,0.036106750392464679,0.053375196232339085,0.99707804690503654,0.99876970396001541,0.74502114571318723,1
F2 m=0 r=5%,surface_sensor_wmape,45,1,15,3,15–20%,22,637,0.03453689167974882,0.089481946624803771,0.9831603229527105,0.61737793156478282,0.35040369088811996,1
F2 m=0 r=5%,surface_sensor_wmape,45,1,15,4,≥20%,432,637,0.67817896389324961,0.1240188383045526,0.73933102652825844,0.088581314878892731,0.15086505190311419,1
F2 m=0 r=5%,surface_sensor_wmape,45,1,15,5,not lit,126,637,0.19780219780219779,0.80219780219780223,0.55000000000000004,0.55000000000000004,0.55000000000000004,1
F2 m=0 r=5%,surface_sensor_wmape,45,2,30,0,0–5%,59,1703,0.034644744568408693,0,0.047981545559400242,0.49642445213379471,0.26182237600922725,1
F2 m=0 r=5%,surface_sensor_wmape,45,2,30,1,5–10%,54,1703,0.031708749266001174,0.034644744568408693,0.5870049980776626,0.82299115724721261,0.40868896578239144,1
F2 m=0 r=5%,surface_sensor_wmape,45,2,30,2,10–15%,64,1703,0.037580739870816206,0.06635349383440986,0.99707804690503654,0.99876970396001541,0.74502114571318723,1
F2 m=0 r=5%,surface_sensor_wmape,45,2,30,3,15–20%,76,1703,0.044627128596594248,0.10393423370522606,0.9831603229527105,0.61737793156478282,0.35040369088811996,1
F2 m=0 r=5%,surface_sensor_wmape,45,2,30,4,≥20%,1084,1703,0.63652378156194955,0.14856136230182032,0.73933102652825844,0.088581314878892731,0.15086505190311419,1
F2 m=0 r=5%,surface_sensor_wmape,45,2,30,5,not lit,366,1703,0.21491485613623018,0.78508514386376982,0.55000000000000004,0.55000000000000004,0.55000000000000004,1
F2 m=0 r=5%,surface_sensor_wmape,45,3,45,0,0–5%,5,187,0.026737967914438502,0,0.047981545559400242,0.49642445213379471,0.26182237600922725,1
F2 m=0 r=5%,surface_sensor_wmape,45,3,45,1,5–10%,9,187,0.048128342245989303,0.026737967914438502,0.5870049980776626,0.82299115724721261,0.40868896578239144,1
F2 m=0 r=5%,surface_sensor_wmape,45,3,45,2,10–15%,18,187,0.096256684491978606,0.074866310160427801,0.99707804690503654,0.99876970396001541,0.74502114571318723,1
F2 m=0 r=5%,surface_sensor_wmape,45,3,45,3,15–20%,8,187,0.042780748663101602,0.17112299465240641,0.9831603229527105,0.61737793156478282,0.35040369088811996,1
F2 m=0 r=5%,surface_sensor_wmape,45,3,45,4,≥20%,117,187,0.62566844919786091,0.21390374331550802,0.73933102652825844,0.088581314878892731,0.15086505190311419,1
F2 m=0 r=5%,surface_sensor_wmape,45,3,45,5,not lit,30,187,0.16042780748663102,0.8395721925133689,0.55000000000000004,0.55000000000000004,0.55000000000000004,1
F2 m=0 r=5%,surface_sensor_wmape,45,4,60,0,0–5%,18,412,0.043689320388349516,0,0.047981545559400242,0.49642445213379471,0.26182237600922725,1
F2 m=0 r=5%,surface_sensor_wmape,45,4,60,1,5–10%,20,412,0.048543689320388349,0.043689320388349516,0.5870049980776626,0.82299115724721261,0.40868896578239144,1
F2 m=0 r=5%,surface_sensor_wmape,45,4,60,2,10–15%,32,412,0.077669902912621352,0.092233009708737865,0.99707804690503654,0.99876970396001541,0.74502114571318723,1
F2 m=0 r=5%,surface_sensor_wmape,45,4,60,3,15–20%,17,412,0.0412621359223301,0.1699029126213592,0.9831603229527105,0.61737793156478282,0.35040369088811996,1
F2 m=0 r=5%,surface_sensor_wmape,45,4,60,4,≥20%,262,412,0.63592233009708743,0.21116504854368931,0.73933102652825844,0.088581314878892731,0.15086505190311419,1
F2 m=0 r=5%,surface_sensor_wmape,45,4,60,5,not lit,63,412,0.15291262135922329,0.84708737864077677,0.55000000000000004,0.55000000000000004,0.55000000000000004,1
F2 m=0 r=5%,surface_sensor_wmape,45,5,75,0,0–5%,34,826,0.041162227602905568,0,0.047981545559400242,0.49642445213379471,0.26182237600922725,1
F2 m=0 r=5%,surface_sensor_wmape,45,5,75,1,5–10%,30,826,0.036319612590799029,0.041162227602905568,0.5870049980776626,0.82299115724721261,0.40868896578239144,1
F2 m=0 r=5%,surface_sensor_wmape,45,5,75,2,10–15%,31,826,0.037530266343825669,0.077481840193704604,0.99707804690503654,0.99876970396001541,0.74502114571318723,1
F2 m=0 r=5%,surface_sensor_wmape,45,5,75,3,15–20%,38,826,0.046004842615012108,0.11501210653753027,0.9831603229527105,0.61737793156478282,0.35040369088811996,1
F2 m=0 r=5%,surface_sensor_wmape,45,5,75,4,≥20%,602,826,0.72881355932203384,0.16101694915254239,0.73933102652825844,0.088581314878892731,0.15086505190311419,1
F2 m=0 r=5%,surface_sensor_wmape,45,5,75,5,not lit,91,826,0.11016949152542373,0.88983050847457623,0.55000000000000004,0.55000000000000004,0.55000000000000004,1
F2 m=0 r=5%,surface_sensor_wmape,45,6,90,0,0–5%,6,286,0.02097902097902098,0,0.047981545559400242,0.49642445213379471,0.26182237600922725,1
F2 m=0 r=5%,surface_sensor_wmape,45,6,90,1,5–10%,6,286,0.02097902097902098,0.02097902097902098,0.5870049980776626,0.82299115724721261,0.40868896578239144,1
F2 m=0 r=5%,surface_sensor_wmape,45,6,90,2,10–15%,10,286,0.034965034965034968,0.04195804195804196,0.99707804690503654,0.99876970396001541,0.74502114571318723,1
F2 m=0 r=5%,surface_sensor_wmape,45,6,90,3,15–20%,11,286,0.038461538461538464,0.076923076923076927,0.9831603229527105,0.61737793156478282,0.35040369088811996,1
F2 m=0 r=5%,surface_sensor_wmape,45,6,90,4,≥20%,217,286,0.75874125874125875,0.11538461538461539,0.73933102652825844,0.088581314878892731,0.15086505190311419,1
F2 m=0 r=5%,surface_sensor_wmape,45,6,90,5,not lit,36,286,0.12587412587412589,0.87412587412587417,0.55000000000000004,0.55000000000000004,0.55000000000000004,1
F2 m=0 r=5%,surface_sensor_wmape,45,7,105,0,0–5%,18,611,0.029459901800327332,0,0.047981545559400242,0.49642445213379471,0.26182237600922725,1
F2 m=0 r=5%,surface_sensor_wmape,45,7,105,1,5–10%,11,611,0.018003273322422259,0.029459901800327332,0.5870049980776626,0.82299115724721261,0.40868896578239144,1
F2 m=0 r=5%,surface_sensor_wmape,45,7,105,2,10–15%,20,611,0.032733224222585927,0.047463175122749592,0.99707804690503654,0.99876970396001541,0.74502114571318723,1
F2 m=0 r=5%,surface_sensor_wmape,45,7,105,3,15–20%,22,611,0.036006546644844518,0.080196399345335512,0.9831603229527105,0.61737793156478282,0.35040369088811996,1
F2 m=0 r=5%,surface_sensor_wmape,45,7,105,4,≥20%,415,611,0.67921440261865795,0.11620294599018002,0.73933102652825844,0.088581314878892731,0.15086505190311419,1
F2 m=0 r=5%,surface_sensor_wmape,45,7,105,5,not lit,125,611,0.20458265139116202,0.79541734860883795,0.55000000000000004,0.55000000000000004,0.55000000000000004,1
F2 m=0 r=5%,surface_sensor_wmape,45,8,120,0,0–5%,38,1778,0.021372328458942633,0,0.047981545559400242,0.49642445213379471,0.26182237600922725,1
F2 m=0 r=5%,surface_sensor_wmape,45,8,120,1,5–10%,45,1778,0.025309336332958381,0.021372328458942633,0.5870049980776626,0.82299115724721261,0.40868896578239144,1
F2 m=0 r=5%,surface_sensor_wmape,45,8,120,2,10–15%,41,1778,0.023059617547806523,0.046681664791901015,0.99707804690503654,0.99876970396001541,0.74502114571318723,1
F2 m=0 r=5%,surface_sensor_wmape,45,8,120,3,15–20%,60,1778,0.033745781777277842,0.069741282339707542,0.9831603229527105,0.61737793156478282,0.35040369088811996,1
F2 m=0 r=5%,surface_sensor_wmape,45,8,120,4,≥20%,1110,1778,0.62429696287964009,0.10348706411698538,0.73933102652825844,0.088581314878892731,0.15086505190311419,1
F2 m=0 r=5%,surface_sensor_wmape,45,8,120,5,not lit,484,1778,0.27221597300337458,0.72778402699662548,0.55000000000000004,0.55000000000000004,0.55000000000000004,1
F2 m=0 r=5%,surface_sensor_wmape,45,9,135,0,0–5%,2,188,0.010638297872340425,0,0.047981545559400242,0.49642445213379471,0.26182237600922725,1
F2 m=0 r=5%,surface_sensor_wmape,45,9,135,1,5–10%,3,188,0.015957446808510637,0.010638297872340425,0.5870049980776626,0.82299115724721261,0.40868896578239144,1
F2 m=0 r=5%,surface_sensor_wmape,45,9,135,2,10–15%,13,188,0.069148936170212769,0.026595744680851061,0.99707804690503654,0.99876970396001541,0.74502114571318723,1
F2 m=0 r=5%,surface_sensor_wmape,45,9,135,3,15–20%,6,188,0.031914893617021274,0.095744680851063829,0.9831603229527105,0.61737793156478282,0.35040369088811996,1
F2 m=0 r=5%,surface_sensor_wmape,45,9,135,4,≥20%,125,188,0.66489361702127658,0.1276595744680851,0.73933102652825844,0.088581314878892731,0.15086505190311419,1
F2 m=0 r=5%,surface_sensor_wmape,45,9,135,5,not lit,39,188,0.20744680851063829,0.79255319148936165,0.55000000000000004,0.55000000000000004,0.55000000000000004,1
F2 m=0 r=5%,surface_sensor_wmape,45,10,150,0,0–5%,9,456,0.019736842105263157,0,0.047981545559400242,0.49642445213379471,0.26182237600922725,1
F2 m=0 r=5%,surface_sensor_wmape,45,10,150,1,5–10%,5,456,0.010964912280701754,0.019736842105263157,0.5870049980776626,0.82299115724721261,0.40868896578239144,1
F2 m=0 r=5%,surface_sensor_wmape,45,10,150,2,10–15%,14,456,0.030701754385964911,0.030701754385964911,0.99707804690503654,0.99876970396001541,0.74502114571318723,1
F2 m=0 r=5%,surface_sensor_wmape,45,10,150,3,15–20%,13,456,0.02850877192982456,0.061403508771929821,0.9831603229527105,0.61737793156478282,0.35040369088811996,1
F2 m=0 r=5%,surface_sensor_wmape,45,10,150,4,≥20%,319,456,0.69956140350877194,0.089912280701754388,0.73933102652825844,0.088581314878892731,0.15086505190311419,1
F2 m=0 r=5%,surface_sensor_wmape,45,10,150,5,not lit,96,456,0.21052631578947367,0.78947368421052633,0.55000000000000004,0.55000000000000004,0.55000000000000004,1
F2 m=0 r=5%,surface_sensor_wmape,45,11,165,0,0–5%,29,907,0.031973539140022052,0,0.047981545559400242,0.49642445213379471,0.26182237600922725,1
F2 m=0 r=5%,surface_sensor_wmape,45,11,165,1,5–10%,19,907,0.020948180815876516,0.031973539140022052,0.5870049980776626,0.82299115724721261,0.40868896578239144,1
F2 m=0 r=5%,surface_sensor_wmape,45,11,165,2,10–15%,28,907,0.030871003307607496,0.052921719955898568,0.99707804690503654,0.99876970396001541,0.74502114571318723,1
F2 m=0 r=5%,surface_sensor_wmape,45,11,165,3,15–20%,33,907,0.036383682469680267,0.083792723263506064,0.9831603229527105,0.61737793156478282,0.35040369088811996,1
F2 m=0 r=5%,surface_sensor_wmape,45,11,165,4,≥20%,588,907,0.64829106945975745,0.12017640573318633,0.73933102652825844,0.088581314878892731,0.15086505190311419,1
F2 m=0 r=5%,surface_sensor_wmape,45,11,165,5,not lit,210,907,0.23153252480705622,0.76846747519294378,0.55000000000000004,0.55000000000000004,0.55000000000000004,1
F2 m=0 r=5%,surface_sensor_wmape,45,12,180,0,0–5%,2,276,0.007246376811594203,0,0.047981545559400242,0.49642445213379471,0.26182237600922725,1
F2 m=0 r=5%,surface_sensor_wmape,45,12,180,1,5–10%,5,276,0.018115942028985508,0.007246376811594203,0.5870049980776626,0.82299115724721261,0.40868896578239144,1
F2 m=0 r=5%,surface_sensor_wmape,45,12,180,2,10–15%,12,276,0.043478260869565216,0.025362318840579712,0.99707804690503654,0.99876970396001541,0.74502114571318723,1
F2 m=0 r=5%,surface_sensor_wmape,45,12,180,3,15–20%,10,276,0.036231884057971016,0.068840579710144928,0.9831603229527105,0.61737793156478282,0.35040369088811996,1
F2 m=0 r=5%,surface_sensor_wmape,45,12,180,4,≥20%,194,276,0.70289855072463769,0.10507246376811594,0.73933102652825844,0.088581314878892731,0.15086505190311419,1
F2 m=0 r=5%,surface_sensor_wmape,45,12,180,5,not lit,53,276,0.19202898550724637,0.80797101449275366,0.55000000000000004,0.55000000000000004,0.55000000000000004,1
F2 m=0 r=5%,surface_sensor_wmape,45,13,195,0,0–5%,15,610,0.024590163934426229,0,0.047981545559400242,0.49642445213379471,0.26182237600922725,1
F2 m=0 r=5%,surface_sensor_wmape,45,13,195,1,5–10%,10,610,0.016393442622950821,0.024590163934426229,0.5870049980776626,0.82299115724721261,0.40868896578239144,1
F2 m=0 r=5%,surface_sensor_wmape,45,13,195,2,10–15%,24,610,0.039344262295081971,0.040983606557377053,0.99707804690503654,0.99876970396001541,0.74502114571318723,1
F2 m=0 r=5%,surface_sensor_wmape,45,13,195,3,15–20%,27,610,0.044262295081967211,0.080327868852459017,0.9831603229527105,0.61737793156478282,0.35040369088811996,1
F2 m=0 r=5%,surface_sensor_wmape,45,13,195,4,≥20%,432,610,0.70819672131147537,0.12459016393442623,0.73933102652825844,0.088581314878892731,0.15086505190311419,1
F2 m=0 r=5%,surface_sensor_wmape,45,13,195,5,not lit,102,610,0.16721311475409836,0.83278688524590161,0.55000000000000004,0.55000000000000004,0.55000000000000004,1
F2 m=0 r=5%,surface_sensor_wmape,45,14,210,0,0–5%,57,1679,0.033948779035139966,0,0.047981545559400242,0.49642445213379471,0.26182237600922725,1
F2 m=0 r=5%,surface_sensor_wmape,45,14,210,1,5–10%,44,1679,0.026206075044669448,0.033948779035139966,0.5870049980776626,0.82299115724721261,0.40868896578239144,1
F2 m=0 r=5%,surface_sensor_wmape,45,14,210,2,10–15%,65,1679,0.038713519952352587,0.060154854079809417,0.99707804690503654,0.99876970396001541,0.74502114571318723,1
F2 m=0 r=5%,surface_sensor_wmape,45,14,210,3,15–20%,86,1679,0.051220964860035738,0.098868374032162004,0.9831603229527105,0.61737793156478282,0.35040369088811996,1
F2 m=0 r=5%,surface_sensor_wmape,45,14,210,4,≥20%,1128,1679,0.67182846932698037,0.15008933889219775,0.73933102652825844,0.088581314878892731,0.15086505190311419,1
F2 m=0 r=5%,surface_sensor_wmape,45,14,210,5,not lit,299,1679,0.17808219178082191,0.82191780821917815,0.55000000000000004,0.55000000000000004,0.55000000000000004,1
F2 m=0 r=5%,surface_sensor_wmape,45,15,225,0,0–5%,5,197,0.025380710659898477,0,0.047981545559400242,0.49642445213379471,0.26182237600922725,1
F2 m=0 r=5%,surface_sensor_wmape,45,15,225,1,5–10%,9,197,0.045685279187817257,0.025380710659898477,0.5870049980776626,0.82299115724721261,0.40868896578239144,1
F2 m=0 r=5%,surface_sensor_wmape,45,15,225,2,10–15%,10,197,0.050761421319796954,0.071065989847715727,0.99707804690503654,0.99876970396001541,0.74502114571318723,1
F2 m=0 r=5%,surface_sensor_wmape,45,15,225,3,15–20%,13,197,0.065989847715736044,0.12182741116751268,0.9831603229527105,0.61737793156478282,0.35040369088811996,1
F2 m=0 r=5%,surface_sensor_wmape,45,15,225,4,≥20%,141,197,0.71573604060913709,0.18781725888324874,0.73933102652825844,0.088581314878892731,0.15086505190311419,1
F2 m=0 r=5%,surface_sensor_wmape,45,15,225,5,not lit,19,197,0.096446700507614211,0.90355329949238583,0.55000000000000004,0.55000000000000004,0.55000000000000004,1
F2 m=0 r=5%,surface_sensor_wmape,45,16,240,0,0–5%,14,407,0.034398034398034398,0,0.047981545559400242,0.49642445213379471,0.26182237600922725,1
F2 m=0 r=5%,surface_sensor_wmape,45,16,240,1,5–10%,13,407,0.031941031941031942,0.034398034398034398,0.5870049980776626,0.82299115724721261,0.40868896578239144,1
F2 m=0 r=5%,surface_sensor_wmape,45,16,240,2,10–15%,13,407,0.031941031941031942,0.066339066339066333,0.99707804690503654,0.99876970396001541,0.74502114571318723,1
F2 m=0 r=5%,surface_sensor_wmape,45,16,240,3,15–20%,21,407,0.051597051597051594,0.098280098280098274,0.9831603229527105,0.61737793156478282,0.35040369088811996,1
F2 m=0 r=5%,surface_sensor_wmape,45,16,240,4,≥20%,298,407,0.73218673218673214,0.14987714987714987,0.73933102652825844,0.088581314878892731,0.15086505190311419,1
F2 m=0 r=5%,surface_sensor_wmape,45,16,240,5,not lit,48,407,0.11793611793611794,0.88206388206388198,0.55000000000000004,0.55000000000000004,0.55000000000000004,1
F2 m=0 r=5%,surface_sensor_wmape,45,17,255,0,0–5%,45,815,0.055214723926380369,0,0.047981545559400242,0.49642445213379471,0.26182237600922725,1
F2 m=0 r=5%,surface_sensor_wmape,45,17,255,1,5–10%,28,815,0.034355828220858899,0.055214723926380369,0.5870049980776626,0.82299115724721261,0.40868896578239144,1
F2 m=0 r=5%,surface_sensor_wmape,45,17,255,2,10–15%,31,815,0.038036809815950923,0.089570552147239274,0.99707804690503654,0.99876970396001541,0.74502114571318723,1
F2 m=0 r=5%,surface_sensor_wmape,45,17,255,3,15–20%,33,815,0.040490797546012272,0.1276073619631902,0.9831603229527105,0.61737793156478282,0.35040369088811996,1
F2 m=0 r=5%,surface_sensor_wmape,45,17,255,4,≥20%,585,815,0.71779141104294475,0.16809815950920248,0.73933102652825844,0.088581314878892731,0.15086505190311419,1
F2 m=0 r=5%,surface_sensor_wmape,45,17,255,5,not lit,93,815,0.11411042944785275,0.88588957055214723,0.55000000000000004,0.55000000000000004,0.55000000000000004,1
F2 m=0 r=5%,surface_sensor_wmape,45,18,270,0,0–5%,8,265,0.030188679245283019,0,0.047981545559400242,0.49642445213379471,0.26182237600922725,1
F2 m=0 r=5%,surface_sensor_wmape,45,18,270,1,5–10%,5,265,0.018867924528301886,0.030188679245283019,0.5870049980776626,0.82299115724721261,0.40868896578239144,1
F2 m=0 r=5%,surface_sensor_wmape,45,18,270,2,10–15%,6,265,0.022641509433962263,0.049056603773584909,0.99707804690503654,0.99876970396001541,0.74502114571318723,1
F2 m=0 r=5%,surface_sensor_wmape,45,18,270,3,15–20%,15,265,0.056603773584905662,0.071698113207547168,0.9831603229527105,0.61737793156478282,0.35040369088811996,1
F2 m=0 r=5%,surface_sensor_wmape,45,18,270,4,≥20%,196,265,0.73962264150943391,0.12830188679245283,0.73933102652825844,0.088581314878892731,0.15086505190311419,1
F2 m=0 r=5%,surface_sensor_wmape,45,18,270,5,not lit,35,265,0.13207547169811321,0.86792452830188671,0.55000000000000004,0.55000000000000004,0.55000000000000004,1
F2 m=0 r=5%,surface_sensor_wmape,45,19,285,0,0–5%,19,609,0.031198686371100164,0,0.047981545559400242,0.49642445213379471,0.26182237600922725,1
F2 m=0 r=5%,surface_sensor_wmape,45,19,285,1,5–10%,22,609,0.036124794745484398,0.031198686371100164,0.5870049980776626,0.82299115724721261,0.40868896578239144,1
F2 m=0 r=5%,surface_sensor_wmape,45,19,285,2,10–15%,20,609,0.032840722495894911,0.067323481116584566,0.99707804690503654,0.99876970396001541,0.74502114571318723,1
F2 m=0 r=5%,surface_sensor_wmape,45,19,285,3,15–20%,24,609,0.039408866995073892,0.10016420361247948,0.9831603229527105,0.61737793156478282,0.35040369088811996,1
F2 m=0 r=5%,surface_sensor_wmape,45,19,285,4,≥20%,418,609,0.68637110016420366,0.13957307060755336,0.73933102652825844,0.088581314878892731,0.15086505190311419,1
F2 m=0 r=5%,surface_sensor_wmape,45,19,285,5,not lit,106,609,0.17405582922824303,0.82594417077175697,0.55000000000000004,0.55000000000000004,0.55000000000000004,1
F2 m=0 r=5%,surface_sensor_wmape,45,20,300,0,0–5%,39,1781,0.021897810218978103,0,0.047981545559400242,0.49642445213379471,0.26182237600922725,1
F2 m=0 r=5%,surface_sensor_wmape,45,20,300,1,5–10%,44,1781,0.024705221785513758,0.021897810218978103,0.5870049980776626,0.82299115724721261,0.40868896578239144,1
F2 m=0 r=5%,surface_sensor_wmape,45,20,300,2,10–15%,47,1781,0.026389668725435148,0.046603032004491861,0.99707804690503654,0.99876970396001541,0.74502114571318723,1
F2 m=0 r=5%,surface_sensor_wmape,45,20,300,3,15–20%,56,1781,0.031443009545199324,0.072992700729927001,0.9831603229527105,0.61737793156478282,0.35040369088811996,1
F2 m=0 r=5%,surface_sensor_wmape,45,20,300,4,≥20%,1036,1781,0.58169567658618748,0.10443571027512633,0.73933102652825844,0.088581314878892731,0.15086505190311419,1
F2 m=0 r=5%,surface_sensor_wmape,45,20,300,5,not lit,559,1781,0.31386861313868614,0.68613138686131381,0.55000000000000004,0.55000000000000004,0.55000000000000004,1
F2 m=0 r=5%,surface_sensor_wmape,45,21,315,0,0–5%,13,190,0.068421052631578952,0,0.047981545559400242,0.49642445213379471,0.26182237600922725,1
F2 m=0 r=5%,surface_sensor_wmape,45,21,315,1,5–10%,7,190,0.036842105263157891,0.068421052631578952,0.5870049980776626,0.82299115724721261,0.40868896578239144,1
F2 m=0 r=5%,surface_sensor_wmape,45,21,315,2,10–15%,6,190,0.031578947368421054,0.10526315789473684,0.99707804690503654,0.99876970396001541,0.74502114571318723,1
F2 m=0 r=5%,surface_sensor_wmape,45,21,315,3,15–20%,4,190,0.021052631578947368,0.13684210526315788,0.9831603229527105,0.61737793156478282,0.35040369088811996,1
F2 m=0 r=5%,surface_sensor_wmape,45,21,315,4,≥20%,129,190,0.67894736842105263,0.15789473684210525,0.73933102652825844,0.088581314878892731,0.15086505190311419,1
F2 m=0 r=5%,surface_sensor_wmape,45,21,315,5,not lit,31,190,0.16315789473684211,0.83684210526315783,0.55000000000000004,0.55000000000000004,0.55000000000000004,1
F2 m=0 r=5%,surface_sensor_wmape,45,22,330,0,0–5%,15,442,0.033936651583710405,0,0.047981545559400242,0.49642445213379471,0.26182237600922725,1
F2 m=0 r=5%,surface_sensor_wmape,45,22,330,1,5–10%,9,442,0.020361990950226245,0.033936651583710405,0.5870049980776626,0.82299115724721261,0.40868896578239144,1
F2 m=0 r=5%,surface_sensor_wmape,45,22,330,2,10–15%,9,442,0.020361990950226245,0.054298642533936653,0.99707804690503654,0.99876970396001541,0.74502114571318723,1
F2 m=0 r=5%,surface_sensor_wmape,45,22,330,3,15–20%,7,442,0.015837104072398189,0.074660633484162894,0.9831603229527105,0.61737793156478282,0.35040369088811996,1
F2 m=0 r=5%,surface_sensor_wmape,45,22,330,4,≥20%,284,442,0.64253393665158376,0.090497737556561084,0.73933102652825844,0.088581314878892731,0.15086505190311419,1
F2 m=0 r=5%,surface_sensor_wmape,45,22,330,5,not lit,118,442,0.2669683257918552,0.73303167420814486,0.55000000000000004,0.55000000000000004,0.55000000000000004,1
F2 m=0 r=5%,surface_sensor_wmape,45,23,345,0,0–5%,30,924,0.032467532467532464,0,0.047981545559400242,0.49642445213379471,0.26182237600922725,1
F2 m=0 r=5%,surface_sensor_wmape,45,23,345,1,5–10%,10,924,0.010822510822510822,0.032467532467532464,0.5870049980776626,0.82299115724721261,0.40868896578239144,1
F2 m=0 r=5%,surface_sensor_wmape,45,23,345,2,10–15%,24,924,0.025974025974025976,0.043290043290043288,0.99707804690503654,0.99876970396001541,0.74502114571318723,1
F2 m=0 r=5%,surface_sensor_wmape,45,23,345,3,15–20%,15,924,0.016233766233766232,0.069264069264069264,0.9831603229527105,0.61737793156478282,0.35040369088811996,1
F2 m=0 r=5%,surface_sensor_wmape,45,23,345,4,≥20%,569,924,0.61580086580086579,0.085497835497835489,0.73933102652825844,0.088581314878892731,0.15086505190311419,1
F2 m=0 r=5%,surface_sensor_wmape,45,23,345,5,not lit,276,924,0.29870129870129869,0.70129870129870131,0.55000000000000004,0.55000000000000004,0.55000000000000004,1
F2 m=0 r=5%,surface_sensor_wmape,60,0,0,0,0–5%,10,290,0.034482758620689655,0,0.047981545559400242,0.49642445213379471,0.26182237600922725,1
F2 m=0 r=5%,surface_sensor_wmape,60,0,0,1,5–10%,1,290,0.0034482758620689655,0.034482758620689655,0.5870049980776626,0.82299115724721261,0.40868896578239144,1
F2 m=0 r=5%,surface_sensor_wmape,60,0,0,2,10–15%,4,290,0.013793103448275862,0.03793103448275862,0.99707804690503654,0.99876970396001541,0.74502114571318723,1
F2 m=0 r=5%,surface_sensor_wmape,60,0,0,3,15–20%,9,290,0.031034482758620689,0.051724137931034482,0.9831603229527105,0.61737793156478282,0.35040369088811996,1
F2 m=0 r=5%,surface_sensor_wmape,60,0,0,4,≥20%,181,290,0.62413793103448278,0.082758620689655171,0.73933102652825844,0.088581314878892731,0.15086505190311419,1
F2 m=0 r=5%,surface_sensor_wmape,60,0,0,5,not lit,85,290,0.29310344827586204,0.7068965517241379,0.55000000000000004,0.55000000000000004,0.55000000000000004,1
F2 m=0 r=5%,surface_sensor_wmape,60,1,15,0,0–5%,21,637,0.032967032967032968,0,0.047981545559400242,0.49642445213379471,0.26182237600922725,1
F2 m=0 r=5%,surface_sensor_wmape,60,1,15,1,5–10%,4,637,0.0062794348508634227,0.032967032967032968,0.5870049980776626,0.82299115724721261,0.40868896578239144,1
F2 m=0 r=5%,surface_sensor_wmape,60,1,15,2,10–15%,13,637,0.020408163265306121,0.03924646781789639,0.99707804690503654,0.99876970396001541,0.74502114571318723,1
F2 m=0 r=5%,surface_sensor_wmape,60,1,15,3,15–20%,20,637,0.031397174254317109,0.059654631083202514,0.9831603229527105,0.61737793156478282,0.35040369088811996,1
F2 m=0 r=5%,surface_sensor_wmape,60,1,15,4,≥20%,438,637,0.68759811616954469,0.091051805337519623,0.73933102652825844,0.088581314878892731,0.15086505190311419,1
F2 m=0 r=5%,surface_sensor_wmape,60,1,15,5,not lit,141,637,0.22135007849293564,0.77864992150706436,0.55000000000000004,0.55000000000000004,0.55000000000000004,1
F2 m=0 r=5%,surface_sensor_wmape,60,2,30,0,0–5%,46,1703,0.027011156782149149,0,0.047981545559400242,0.49642445213379471,0.26182237600922725,1
F2 m=0 r=5%,surface_sensor_wmape,60,2,30,1,5–10%,35,1703,0.020551967116852612,0.027011156782149149,0.5870049980776626,0.82299115724721261,0.40868896578239144,1
F2 m=0 r=5%,surface_sensor_wmape,60,2,30,2,10–15%,52,1703,0.030534351145038167,0.047563123899001761,0.99707804690503654,0.99876970396001541,0.74502114571318723,1
F2 m=0 r=5%,surface_sensor_wmape,60,2,30,3,15–20%,69,1703,0.040516735173223725,0.078097475044039924,0.9831603229527105,0.61737793156478282,0.35040369088811996,1
F2 m=0 r=5%,surface_sensor_wmape,60,2,30,4,≥20%,1073,1703,0.63006459189665298,0.11861421021726365,0.73933102652825844,0.088581314878892731,0.15086505190311419,1
F2 m=0 r=5%,surface_sensor_wmape,60,2,30,5,not lit,428,1703,0.25132119788608337,0.74867880211391657,0.55000000000000004,0.55000000000000004,0.55000000000000004,1
F2 m=0 r=5%,surface_sensor_wmape,60,3,45,0,0–5%,5,187,0.026737967914438502,0,0.047981545559400242,0.49642445213379471,0.26182237600922725,1
F2 m=0 r=5%,surface_sensor_wmape,60,3,45,1,5–10%,5,187,0.026737967914438502,0.026737967914438502,0.5870049980776626,0.82299115724721261,0.40868896578239144,1
F2 m=0 r=5%,surface_sensor_wmape,60,3,45,2,10–15%,9,187,0.048128342245989303,0.053475935828877004,0.99707804690503654,0.99876970396001541,0.74502114571318723,1
F2 m=0 r=5%,surface_sensor_wmape,60,3,45,3,15–20%,13,187,0.069518716577540107,0.1016042780748663,0.9831603229527105,0.61737793156478282,0.35040369088811996,1
F2 m=0 r=5%,surface_sensor_wmape,60,3,45,4,≥20%,118,187,0.63101604278074863,0.17112299465240641,0.73933102652825844,0.088581314878892731,0.15086505190311419,1
F2 m=0 r=5%,surface_sensor_wmape,60,3,45,5,not lit,37,187,0.19786096256684493,0.80213903743315507,0.55000000000000004,0.55000000000000004,0.55000000000000004,1
F2 m=0 r=5%,surface_sensor_wmape,60,4,60,0,0–5%,16,412,0.038834951456310676,0,0.047981545559400242,0.49642445213379471,0.26182237600922725,1
F2 m=0 r=5%,surface_sensor_wmape,60,4,60,1,5–10%,17,412,0.0412621359223301,0.038834951456310676,0.5870049980776626,0.82299115724721261,0.40868896578239144,1
F2 m=0 r=5%,surface_sensor_wmape,60,4,60,2,10–15%,21,412,0.050970873786407765,0.080097087378640769,0.99707804690503654,0.99876970396001541,0.74502114571318723,1
F2 m=0 r=5%,surface_sensor_wmape,60,4,60,3,15–20%,26,412,0.063106796116504854,0.13106796116504854,0.9831603229527105,0.61737793156478282,0.35040369088811996,1
F2 m=0 r=5%,surface_sensor_wmape,60,4,60,4,≥20%,266,412,0.64563106796116509,0.1941747572815534,0.73933102652825844,0.088581314878892731,0.15086505190311419,1
F2 m=0 r=5%,surface_sensor_wmape,60,4,60,5,not lit,66,412,0.16019417475728157,0.83980582524271852,0.55000000000000004,0.55000000000000004,0.55000000000000004,1
F2 m=0 r=5%,surface_sensor_wmape,60,5,75,0,0–5%,36,826,0.043583535108958835,0,0.047981545559400242,0.49642445213379471,0.26182237600922725,1
F2 m=0 r=5%,surface_sensor_wmape,60,5,75,1,5–10%,18,826,0.021791767554479417,0.043583535108958835,0.5870049980776626,0.82299115724721261,0.40868896578239144,1
F2 m=0 r=5%,surface_sensor_wmape,60,5,75,2,10–15%,31,826,0.037530266343825669,0.065375302663438245,0.99707804690503654,0.99876970396001541,0.74502114571318723,1
F2 m=0 r=5%,surface_sensor_wmape,60,5,75,3,15–20%,35,826,0.042372881355932202,0.10290556900726391,0.9831603229527105,0.61737793156478282,0.35040369088811996,1
F2 m=0 r=5%,surface_sensor_wmape,60,5,75,4,≥20%,600,826,0.72639225181598066,0.14527845036319612,0.73933102652825844,0.088581314878892731,0.15086505190311419,1
F2 m=0 r=5%,surface_sensor_wmape,60,5,75,5,not lit,106,826,0.12832929782082325,0.87167070217917675,0.55000000000000004,0.55000000000000004,0.55000000000000004,1
F2 m=0 r=5%,surface_sensor_wmape,60,6,90,0,0–5%,5,286,0.017482517482517484,0,0.047981545559400242,0.49642445213379471,0.26182237600922725,1
F2 m=0 r=5%,surface_sensor_wmape,60,6,90,1,5–10%,5,286,0.017482517482517484,0.017482517482517484,0.5870049980776626,0.82299115724721261,0.40868896578239144,1
F2 m=0 r=5%,surface_sensor_wmape,60,6,90,2,10–15%,9,286,0.031468531468531472,0.034965034965034968,0.99707804690503654,0.99876970396001541,0.74502114571318723,1
F2 m=0 r=5%,surface_sensor_wmape,60,6,90,3,15–20%,9,286,0.031468531468531472,0.066433566433566432,0.9831603229527105,0.61737793156478282,0.35040369088811996,1
F2 m=0 r=5%,surface_sensor_wmape,60,6,90,4,≥20%,221,286,0.77272727272727271,0.097902097902097904,0.73933102652825844,0.088581314878892731,0.15086505190311419,1
F2 m=0 r=5%,surface_sensor_wmape,60,6,90,5,not lit,37,286,0.12937062937062938,0.87062937062937062,0.55000000000000004,0.55000000000000004,0.55000000000000004,1
F2 m=0 r=5%,surface_sensor_wmape,60,7,105,0,0–5%,14,611,0.022913256955810146,0,0.047981545559400242,0.49642445213379471,0.26182237600922725,1
F2 m=0 r=5%,surface_sensor_wmape,60,7,105,1,5–10%,7,611,0.011456628477905073,0.022913256955810146,0.5870049980776626,0.82299115724721261,0.40868896578239144,1
F2 m=0 r=5%,surface_sensor_wmape,60,7,105,2,10–15%,21,611,0.034369885433715219,0.034369885433715219,0.99707804690503654,0.99876970396001541,0.74502114571318723,1
F2 m=0 r=5%,surface_sensor_wmape,60,7,105,3,15–20%,20,611,0.032733224222585927,0.068739770867430439,0.9831603229527105,0.61737793156478282,0.35040369088811996,1
F2 m=0 r=5%,surface_sensor_wmape,60,7,105,4,≥20%,415,611,0.67921440261865795,0.10147299509001637,0.73933102652825844,0.088581314878892731,0.15086505190311419,1
F2 m=0 r=5%,surface_sensor_wmape,60,7,105,5,not lit,134,611,0.21931260229132571,0.78068739770867435,0.55000000000000004,0.55000000000000004,0.55000000000000004,1
F2 m=0 r=5%,surface_sensor_wmape,60,8,120,0,0–5%,29,1778,0.016310461192350956,0,0.047981545559400242,0.49642445213379471,0.26182237600922725,1
F2 m=0 r=5%,surface_sensor_wmape,60,8,120,1,5–10%,37,1778,0.020809898762654669,0.016310461192350956,0.5870049980776626,0.82299115724721261,0.40868896578239144,1
F2 m=0 r=5%,surface_sensor_wmape,60,8,120,2,10–15%,38,1778,0.021372328458942633,0.037120359955005622,0.99707804690503654,0.99876970396001541,0.74502114571318723,1
F2 m=0 r=5%,surface_sensor_wmape,60,8,120,3,15–20%,48,1778,0.026996625421822271,0.058492688413948252,0.9831603229527105,0.61737793156478282,0.35040369088811996,1
F2 m=0 r=5%,surface_sensor_wmape,60,8,120,4,≥20%,1093,1778,0.61473565804274466,0.08548931383577052,0.73933102652825844,0.088581314878892731,0.15086505190311419,1
F2 m=0 r=5%,surface_sensor_wmape,60,8,120,5,not lit,533,1778,0.29977502812148482,0.70022497187851518,0.55000000000000004,0.55000000000000004,0.55000000000000004,1
F2 m=0 r=5%,surface_sensor_wmape,60,9,135,0,0–5%,2,188,0.010638297872340425,0,0.047981545559400242,0.49642445213379471,0.26182237600922725,1
F2 m=0 r=5%,surface_sensor_wmape,60,9,135,1,5–10%,4,188,0.021276595744680851,0.010638297872340425,0.5870049980776626,0.82299115724721261,0.40868896578239144,1
F2 m=0 r=5%,surface_sensor_wmape,60,9,135,2,10–15%,7,188,0.037234042553191488,0.031914893617021274,0.99707804690503654,0.99876970396001541,0.74502114571318723,1
F2 m=0 r=5%,surface_sensor_wmape,60,9,135,3,15–20%,8,188,0.042553191489361701,0.069148936170212755,0.9831603229527105,0.61737793156478282,0.35040369088811996,1
F2 m=0 r=5%,surface_sensor_wmape,60,9,135,4,≥20%,128,188,0.68085106382978722,0.11170212765957446,0.73933102652825844,0.088581314878892731,0.15086505190311419,1
F2 m=0 r=5%,surface_sensor_wmape,60,9,135,5,not lit,39,188,0.20744680851063829,0.79255319148936165,0.55000000000000004,0.55000000000000004,0.55000000000000004,1
F2 m=0 r=5%,surface_sensor_wmape,60,10,150,0,0–5%,11,456,0.024122807017543858,0,0.047981545559400242,0.49642445213379471,0.26182237600922725,1
F2 m=0 r=5%,surface_sensor_wmape,60,10,150,1,5–10%,7,456,0.015350877192982455,0.024122807017543858,0.5870049980776626,0.82299115724721261,0.40868896578239144,1
F2 m=0 r=5%,surface_sensor_wmape,60,10,150,2,10–15%,9,456,0.019736842105263157,0.039473684210526314,0.99707804690503654,0.99876970396001541,0.74502114571318723,1
F2 m=0 r=5%,surface_sensor_wmape,60,10,150,3,15–20%,14,456,0.030701754385964911,0.05921052631578947,0.9831603229527105,0.61737793156478282,0.35040369088811996,1
F2 m=0 r=5%,surface_sensor_wmape,60,10,150,4,≥20%,309,456,0.67763157894736847,0.089912280701754388,0.73933102652825844,0.088581314878892731,0.15086505190311419,1
F2 m=0 r=5%,surface_sensor_wmape,60,10,150,5,not lit,106,456,0.23245614035087719,0.76754385964912286,0.55000000000000004,0.55000000000000004,0.55000000000000004,1
F2 m=0 r=5%,surface_sensor_wmape,60,11,165,0,0–5%,25,907,0.027563395810363836,0,0.047981545559400242,0.49642445213379471,0.26182237600922725,1
F2 m=0 r=5%,surface_sensor_wmape,60,11,165,1,5–10%,16,907,0.017640573318632856,0.027563395810363836,0.5870049980776626,0.82299115724721261,0.40868896578239144,1
F2 m=0 r=5%,surface_sensor_wmape,60,11,165,2,10–15%,25,907,0.027563395810363836,0.045203969128996692,0.99707804690503654,0.99876970396001541,0.74502114571318723,1
F2 m=0 r=5%,surface_sensor_wmape,60,11,165,3,15–20%,33,907,0.036383682469680267,0.072767364939360535,0.9831603229527105,0.61737793156478282,0.35040369088811996,1
F2 m=0 r=5%,surface_sensor_wmape,60,11,165,4,≥20%,593,907,0.65380374862183022,0.1091510474090408,0.73933102652825844,0.088581314878892731,0.15086505190311419,1
F2 m=0 r=5%,surface_sensor_wmape,60,11,165,5,not lit,215,907,0.23704520396912901,0.76295479603087102,0.55000000000000004,0.55000000000000004,0.55000000000000004,1
F2 m=0 r=5%,surface_sensor_wmape,60,12,180,0,0–5%,2,276,0.007246376811594203,0,0.047981545559400242,0.49642445213379471,0.26182237600922725,1
F2 m=0 r=5%,surface_sensor_wmape,60,12,180,1,5–10%,4,276,0.014492753623188406,0.007246376811594203,0.5870049980776626,0.82299115724721261,0.40868896578239144,1
F2 m=0 r=5%,surface_sensor_wmape,60,12,180,2,10–15%,10,276,0.036231884057971016,0.021739130434782608,0.99707804690503654,0.99876970396001541,0.74502114571318723,1
F2 m=0 r=5%,surface_sensor_wmape,60,12,180,3,15–20%,8,276,0.028985507246376812,0.057971014492753624,0.9831603229527105,0.61737793156478282,0.35040369088811996,1
F2 m=0 r=5%,surface_sensor_wmape,60,12,180,4,≥20%,197,276,0.71376811594202894,0.086956521739130432,0.73933102652825844,0.088581314878892731,0.15086505190311419,1
F2 m=0 r=5%,surface_sensor_wmape,60,12,180,5,not lit,55,276,0.19927536231884058,0.80072463768115942,0.55000000000000004,0.55000000000000004,0.55000000000000004,1
F2 m=0 r=5%,surface_sensor_wmape,60,13,195,0,0–5%,12,610,0.019672131147540985,0,0.047981545559400242,0.49642445213379471,0.26182237600922725,1
F2 m=0 r=5%,surface_sensor_wmape,60,13,195,1,5–10%,11,610,0.018032786885245903,0.019672131147540985,0.5870049980776626,0.82299115724721261,0.40868896578239144,1
F2 m=0 r=5%,surface_sensor_wmape,60,13,195,2,10–15%,15,610,0.024590163934426229,0.037704918032786888,0.99707804690503654,0.99876970396001541,0.74502114571318723,1
F2 m=0 r=5%,surface_sensor_wmape,60,13,195,3,15–20%,34,610,0.055737704918032788,0.062295081967213117,0.9831603229527105,0.61737793156478282,0.35040369088811996,1
F2 m=0 r=5%,surface_sensor_wmape,60,13,195,4,≥20%,434,610,0.71147540983606561,0.11803278688524591,0.73933102652825844,0.088581314878892731,0.15086505190311419,1
F2 m=0 r=5%,surface_sensor_wmape,60,13,195,5,not lit,104,610,0.17049180327868851,0.82950819672131149,0.55000000000000004,0.55000000000000004,0.55000000000000004,1
F2 m=0 r=5%,surface_sensor_wmape,60,14,210,0,0–5%,51,1679,0.030375223347230494,0,0.047981545559400242,0.49642445213379471,0.26182237600922725,1
F2 m=0 r=5%,surface_sensor_wmape,60,14,210,1,5–10%,42,1679,0.02501488981536629,0.030375223347230494,0.5870049980776626,0.82299115724721261,0.40868896578239144,1
F2 m=0 r=5%,surface_sensor_wmape,60,14,210,2,10–15%,49,1679,0.029184038117927337,0.055390113162596788,0.99707804690503654,0.99876970396001541,0.74502114571318723,1
F2 m=0 r=5%,surface_sensor_wmape,60,14,210,3,15–20%,75,1679,0.044669446098868373,0.084574151280524118,0.9831603229527105,0.61737793156478282,0.35040369088811996,1
F2 m=0 r=5%,surface_sensor_wmape,60,14,210,4,≥20%,1162,1679,0.69207861822513406,0.12924359737939251,0.73933102652825844,0.088581314878892731,0.15086505190311419,1
F2 m=0 r=5%,surface_sensor_wmape,60,14,210,5,not lit,300,1679,0.17867778439547349,0.82132221560452656,0.55000000000000004,0.55000000000000004,0.55000000000000004,1
F2 m=0 r=5%,surface_sensor_wmape,60,15,225,0,0–5%,2,197,0.01015228426395939,0,0.047981545559400242,0.49642445213379471,0.26182237600922725,1
F2 m=0 r=5%,surface_sensor_wmape,60,15,225,1,5–10%,10,197,0.050761421319796954,0.01015228426395939,0.5870049980776626,0.82299115724721261,0.40868896578239144,1
F2 m=0 r=5%,surface_sensor_wmape,60,15,225,2,10–15%,12,197,0.060913705583756347,0.060913705583756347,0.99707804690503654,0.99876970396001541,0.74502114571318723,1
F2 m=0 r=5%,surface_sensor_wmape,60,15,225,3,15–20%,12,197,0.060913705583756347,0.12182741116751269,0.9831603229527105,0.61737793156478282,0.35040369088811996,1
F2 m=0 r=5%,surface_sensor_wmape,60,15,225,4,≥20%,138,197,0.70050761421319796,0.18274111675126903,0.73933102652825844,0.088581314878892731,0.15086505190311419,1
F2 m=0 r=5%,surface_sensor_wmape,60,15,225,5,not lit,23,197,0.116751269035533,0.88324873096446699,0.55000000000000004,0.55000000000000004,0.55000000000000004,1
F2 m=0 r=5%,surface_sensor_wmape,60,16,240,0,0–5%,15,407,0.036855036855036855,0,0.047981545559400242,0.49642445213379471,0.26182237600922725,1
F2 m=0 r=5%,surface_sensor_wmape,60,16,240,1,5–10%,5,407,0.012285012285012284,0.036855036855036855,0.5870049980776626,0.82299115724721261,0.40868896578239144,1
F2 m=0 r=5%,surface_sensor_wmape,60,16,240,2,10–15%,19,407,0.046683046683046681,0.049140049140049137,0.99707804690503654,0.99876970396001541,0.74502114571318723,1
F2 m=0 r=5%,surface_sensor_wmape,60,16,240,3,15–20%,16,407,0.039312039312039311,0.095823095823095811,0.9831603229527105,0.61737793156478282,0.35040369088811996,1
F2 m=0 r=5%,surface_sensor_wmape,60,16,240,4,≥20%,301,407,0.73955773955773951,0.13513513513513511,0.73933102652825844,0.088581314878892731,0.15086505190311419,1
F2 m=0 r=5%,surface_sensor_wmape,60,16,240,5,not lit,51,407,0.12530712530712532,0.8746928746928746,0.55000000000000004,0.55000000000000004,0.55000000000000004,1
F2 m=0 r=5%,surface_sensor_wmape,60,17,255,0,0–5%,40,815,0.049079754601226995,0,0.047981545559400242,0.49642445213379471,0.26182237600922725,1
F2 m=0 r=5%,surface_sensor_wmape,60,17,255,1,5–10%,26,815,0.031901840490797549,0.049079754601226995,0.5870049980776626,0.82299115724721261,0.40868896578239144,1
F2 m=0 r=5%,surface_sensor_wmape,60,17,255,2,10–15%,24,815,0.029447852760736196,0.080981595092024544,0.99707804690503654,0.99876970396001541,0.74502114571318723,1
F2 m=0 r=5%,surface_sensor_wmape,60,17,255,3,15–20%,37,815,0.045398773006134971,0.11042944785276074,0.9831603229527105,0.61737793156478282,0.35040369088811996,1
F2 m=0 r=5%,surface_sensor_wmape,60,17,255,4,≥20%,596,815,0.73128834355828221,0.15582822085889569,0.73933102652825844,0.088581314878892731,0.15086505190311419,1
F2 m=0 r=5%,surface_sensor_wmape,60,17,255,5,not lit,92,815,0.11288343558282209,0.8871165644171779,0.55000000000000004,0.55000000000000004,0.55000000000000004,1
F2 m=0 r=5%,surface_sensor_wmape,60,18,270,0,0–5%,9,265,0.033962264150943396,0,0.047981545559400242,0.49642445213379471,0.26182237600922725,1
F2 m=0 r=5%,surface_sensor_wmape,60,18,270,1,5–10%,5,265,0.018867924528301886,0.033962264150943396,0.5870049980776626,0.82299115724721261,0.40868896578239144,1
F2 m=0 r=5%,surface_sensor_wmape,60,18,270,2,10–15%,2,265,0.0075471698113207548,0.052830188679245285,0.99707804690503654,0.99876970396001541,0.74502114571318723,1
F2 m=0 r=5%,surface_sensor_wmape,60,18,270,3,15–20%,12,265,0.045283018867924525,0.060377358490566038,0.9831603229527105,0.61737793156478282,0.35040369088811996,1
F2 m=0 r=5%,surface_sensor_wmape,60,18,270,4,≥20%,199,265,0.75094339622641515,0.10566037735849057,0.73933102652825844,0.088581314878892731,0.15086505190311419,1
F2 m=0 r=5%,surface_sensor_wmape,60,18,270,5,not lit,38,265,0.14339622641509434,0.85660377358490569,0.55000000000000004,0.55000000000000004,0.55000000000000004,1
F2 m=0 r=5%,surface_sensor_wmape,60,19,285,0,0–5%,12,609,0.019704433497536946,0,0.047981545559400242,0.49642445213379471,0.26182237600922725,1
F2 m=0 r=5%,surface_sensor_wmape,60,19,285,1,5–10%,18,609,0.029556650246305417,0.019704433497536946,0.5870049980776626,0.82299115724721261,0.40868896578239144,1
F2 m=0 r=5%,surface_sensor_wmape,60,19,285,2,10–15%,16,609,0.026272577996715927,0.04926108374384236,0.99707804690503654,0.99876970396001541,0.74502114571318723,1
F2 m=0 r=5%,surface_sensor_wmape,60,19,285,3,15–20%,18,609,0.029556650246305417,0.075533661740558283,0.9831603229527105,0.61737793156478282,0.35040369088811996,1
F2 m=0 r=5%,surface_sensor_wmape,60,19,285,4,≥20%,433,609,0.71100164203612481,0.10509031198686369,0.73933102652825844,0.088581314878892731,0.15086505190311419,1
F2 m=0 r=5%,surface_sensor_wmape,60,19,285,5,not lit,112,609,0.18390804597701149,0.81609195402298851,0.55000000000000004,0.55000000000000004,0.55000000000000004,1
F2 m=0 r=5%,surface_sensor_wmape,60,20,300,0,0–5%,33,1781,0.018528916339135316,0,0.047981545559400242,0.49642445213379471,0.26182237600922725,1
F2 m=0 r=5%,surface_sensor_wmape,60,20,300,1,5–10%,41,1781,0.023020774845592364,0.018528916339135316,0.5870049980776626,0.82299115724721261,0.40868896578239144,1
F2 m=0 r=5%,surface_sensor_wmape,60,20,300,2,10–15%,38,1781,0.021336327905670971,0.041549691184727677,0.99707804690503654,0.99876970396001541,0.74502114571318723,1
F2 m=0 r=5%,surface_sensor_wmape,60,20,300,3,15–20%,47,1781,0.026389668725435148,0.062886019090398648,0.9831603229527105,0.61737793156478282,0.35040369088811996,1
F2 m=0 r=5%,surface_sensor_wmape,60,20,300,4,≥20%,1033,1781,0.58001122964626617,0.089275687815833796,0.73933102652825844,0.088581314878892731,0.15086505190311419,1
F2 m=0 r=5%,surface_sensor_wmape,60,20,300,5,not lit,589,1781,0.33071308253790005,0.66928691746210001,0.55000000000000004,0.55000000000000004,0.55000000000000004,1
F2 m=0 r=5%,surface_sensor_wmape,60,21,315,0,0–5%,9,190,0.04736842105263158,0,0.047981545559400242,0.49642445213379471,0.26182237600922725,1
F2 m=0 r=5%,surface_sensor_wmape,60,21,315,1,5–10%,9,190,0.04736842105263158,0.04736842105263158,0.5870049980776626,0.82299115724721261,0.40868896578239144,1
F2 m=0 r=5%,surface_sensor_wmape,60,21,315,2,10–15%,3,190,0.015789473684210527,0.094736842105263161,0.99707804690503654,0.99876970396001541,0.74502114571318723,1
F2 m=0 r=5%,surface_sensor_wmape,60,21,315,3,15–20%,4,190,0.021052631578947368,0.11052631578947369,0.9831603229527105,0.61737793156478282,0.35040369088811996,1
F2 m=0 r=5%,surface_sensor_wmape,60,21,315,4,≥20%,127,190,0.66842105263157892,0.13157894736842107,0.73933102652825844,0.088581314878892731,0.15086505190311419,1
F2 m=0 r=5%,surface_sensor_wmape,60,21,315,5,not lit,38,190,0.20000000000000001,0.80000000000000004,0.55000000000000004,0.55000000000000004,0.55000000000000004,1
F2 m=0 r=5%,surface_sensor_wmape,60,22,330,0,0–5%,14,442,0.031674208144796379,0,0.047981545559400242,0.49642445213379471,0.26182237600922725,1
F2 m=0 r=5%,surface_sensor_wmape,60,22,330,1,5–10%,8,442,0.018099547511312219,0.031674208144796379,0.5870049980776626,0.82299115724721261,0.40868896578239144,1
F2 m=0 r=5%,surface_sensor_wmape,60,22,330,2,10–15%,4,442,0.0090497737556561094,0.049773755656108601,0.99707804690503654,0.99876970396001541,0.74502114571318723,1
F2 m=0 r=5%,surface_sensor_wmape,60,22,330,3,15–20%,3,442,0.0067873303167420816,0.058823529411764712,0.9831603229527105,0.61737793156478282,0.35040369088811996,1
F2 m=0 r=5%,surface_sensor_wmape,60,22,330,4,≥20%,287,442,0.64932126696832582,0.06561085972850679,0.73933102652825844,0.088581314878892731,0.15086505190311419,1
F2 m=0 r=5%,surface_sensor_wmape,60,22,330,5,not lit,126,442,0.28506787330316741,0.71493212669683259,0.55000000000000004,0.55000000000000004,0.55000000000000004,1
F2 m=0 r=5%,surface_sensor_wmape,60,23,345,0,0–5%,29,924,0.031385281385281384,0,0.047981545559400242,0.49642445213379471,0.26182237600922725,1
F2 m=0 r=5%,surface_sensor_wmape,60,23,345,1,5–10%,6,924,0.0064935064935064939,0.031385281385281384,0.5870049980776626,0.82299115724721261,0.40868896578239144,1
F2 m=0 r=5%,surface_sensor_wmape,60,23,345,2,10–15%,12,924,0.012987012987012988,0.03787878787878788,0.99707804690503654,0.99876970396001541,0.74502114571318723,1
F2 m=0 r=5%,surface_sensor_wmape,60,23,345,3,15–20%,14,924,0.015151515151515152,0.050865800865800864,0.9831603229527105,0.61737793156478282,0.35040369088811996,1
F2 m=0 r=5%,surface_sensor_wmape,60,23,345,4,≥20%,571,924,0.61796536796536794,0.066017316017316016,0.73933102652825844,0.088581314878892731,0.15086505190311419,1
F2 m=0 r=5%,surface_sensor_wmape,60,23,345,5,not lit,292,924,0.31601731601731603,0.68398268398268391,0.55000000000000004,0.55000000000000004,0.55000000000000004,1
F2 m=0 r=5%,surface_wape,0,0,0,0,0–5%,20,290,0.068965517241379309,0,0.047981545559400242,0.49642445213379471,0.26182237600922725,1
F2 m=0 r=5%,surface_wape,0,0,0,1,5–10%,12,290,0.041379310344827586,0.068965517241379309,0.5870049980776626,0.82299115724721261,0.40868896578239144,1
F2 m=0 r=5%,surface_wape,0,0,0,2,10–15%,11,290,0.03793103448275862,0.1103448275862069,0.99707804690503654,0.99876970396001541,0.74502114571318723,1
F2 m=0 r=5%,surface_wape,0,0,0,3,15–20%,12,290,0.041379310344827586,0.14827586206896551,0.9831603229527105,0.61737793156478282,0.35040369088811996,1
F2 m=0 r=5%,surface_wape,0,0,0,4,≥20%,189,290,0.65172413793103445,0.18965517241379309,0.73933102652825844,0.088581314878892731,0.15086505190311419,1
F2 m=0 r=5%,surface_wape,0,0,0,5,not lit,46,290,0.15862068965517243,0.84137931034482749,0.55000000000000004,0.55000000000000004,0.55000000000000004,1
F2 m=0 r=5%,surface_wape,0,1,15,0,0–5%,24,637,0.037676609105180531,0,0.047981545559400242,0.49642445213379471,0.26182237600922725,1
F2 m=0 r=5%,surface_wape,0,1,15,1,5–10%,43,637,0.067503924646781788,0.037676609105180531,0.5870049980776626,0.82299115724721261,0.40868896578239144,1
F2 m=0 r=5%,surface_wape,0,1,15,2,10–15%,33,637,0.051805337519623233,0.10518053375196232,0.99707804690503654,0.99876970396001541,0.74502114571318723,1
F2 m=0 r=5%,surface_wape,0,1,15,3,15–20%,32,637,0.050235478806907381,0.15698587127158556,0.9831603229527105,0.61737793156478282,0.35040369088811996,1
F2 m=0 r=5%,surface_wape,0,1,15,4,≥20%,426,637,0.66875981161695452,0.20722135007849293,0.73933102652825844,0.088581314878892731,0.15086505190311419,1
F2 m=0 r=5%,surface_wape,0,1,15,5,not lit,79,637,0.12401883830455258,0.87598116169544749,0.55000000000000004,0.55000000000000004,0.55000000000000004,1
F2 m=0 r=5%,surface_wape,0,2,30,0,0–5%,86,1703,0.05049911920140928,0,0.047981545559400242,0.49642445213379471,0.26182237600922725,1
F2 m=0 r=5%,surface_wape,0,2,30,1,5–10%,114,1703,0.066940692894891365,0.05049911920140928,0.5870049980776626,0.82299115724721261,0.40868896578239144,1
F2 m=0 r=5%,surface_wape,0,2,30,2,10–15%,109,1703,0.064004697592483853,0.11743981209630064,0.99707804690503654,0.99876970396001541,0.74502114571318723,1
F2 m=0 r=5%,surface_wape,0,2,30,3,15–20%,95,1703,0.055783910745742807,0.18144450968878451,0.9831603229527105,0.61737793156478282,0.35040369088811996,1
F2 m=0 r=5%,surface_wape,0,2,30,4,≥20%,1008,1703,0.59189665296535521,0.2372284204345273,0.73933102652825844,0.088581314878892731,0.15086505190311419,1
F2 m=0 r=5%,surface_wape,0,2,30,5,not lit,291,1703,0.17087492660011744,0.82912507339988251,0.55000000000000004,0.55000000000000004,0.55000000000000004,1
F2 m=0 r=5%,surface_wape,0,3,45,0,0–5%,13,187,0.069518716577540107,0,0.047981545559400242,0.49642445213379471,0.26182237600922725,1
F2 m=0 r=5%,surface_wape,0,3,45,1,5–10%,16,187,0.085561497326203204,0.069518716577540107,0.5870049980776626,0.82299115724721261,0.40868896578239144,1
F2 m=0 r=5%,surface_wape,0,3,45,2,10–15%,15,187,0.080213903743315509,0.15508021390374332,0.99707804690503654,0.99876970396001541,0.74502114571318723,1
F2 m=0 r=5%,surface_wape,0,3,45,3,15–20%,10,187,0.053475935828877004,0.23529411764705882,0.9831603229527105,0.61737793156478282,0.35040369088811996,1
F2 m=0 r=5%,surface_wape,0,3,45,4,≥20%,111,187,0.5935828877005348,0.28877005347593582,0.73933102652825844,0.088581314878892731,0.15086505190311419,1
F2 m=0 r=5%,surface_wape,0,3,45,5,not lit,22,187,0.11764705882352941,0.88235294117647056,0.55000000000000004,0.55000000000000004,0.55000000000000004,1
F2 m=0 r=5%,surface_wape,0,4,60,0,0–5%,29,412,0.070388349514563103,0,0.047981545559400242,0.49642445213379471,0.26182237600922725,1
F2 m=0 r=5%,surface_wape,0,4,60,1,5–10%,36,412,0.087378640776699032,0.070388349514563103,0.5870049980776626,0.82299115724721261,0.40868896578239144,1
F2 m=0 r=5%,surface_wape,0,4,60,2,10–15%,30,412,0.07281553398058252,0.15776699029126212,0.99707804690503654,0.99876970396001541,0.74502114571318723,1
F2 m=0 r=5%,surface_wape,0,4,60,3,15–20%,20,412,0.048543689320388349,0.23058252427184464,0.9831603229527105,0.61737793156478282,0.35040369088811996,1
F2 m=0 r=5%,surface_wape,0,4,60,4,≥20%,239,412,0.58009708737864074,0.279126213592233,0.73933102652825844,0.088581314878892731,0.15086505190311419,1
F2 m=0 r=5%,surface_wape,0,4,60,5,not lit,58,412,0.14077669902912621,0.85922330097087374,0.55000000000000004,0.55000000000000004,0.55000000000000004,1
F2 m=0 r=5%,surface_wape,0,5,75,0,0–5%,38,826,0.046004842615012108,0,0.047981545559400242,0.49642445213379471,0.26182237600922725,1
F2 m=0 r=5%,surface_wape,0,5,75,1,5–10%,37,826,0.044794188861985475,0.046004842615012108,0.5870049980776626,0.82299115724721261,0.40868896578239144,1
F2 m=0 r=5%,surface_wape,0,5,75,2,10–15%,56,826,0.067796610169491525,0.090799031476997583,0.99707804690503654,0.99876970396001541,0.74502114571318723,1
F2 m=0 r=5%,surface_wape,0,5,75,3,15–20%,46,826,0.05569007263922518,0.15859564164648909,0.9831603229527105,0.61737793156478282,0.35040369088811996,1
F2 m=0 r=5%,surface_wape,0,5,75,4,≥20%,566,826,0.68523002421307511,0.21428571428571427,0.73933102652825844,0.088581314878892731,0.15086505190311419,1
F2 m=0 r=5%,surface_wape,0,5,75,5,not lit,83,826,0.10048426150121065,0.89951573849878941,0.55000000000000004,0.55000000000000004,0.55000000000000004,1
F2 m=0 r=5%,surface_wape,0,6,90,0,0–5%,12,286,0.04195804195804196,0,0.047981545559400242,0.49642445213379471,0.26182237600922725,1
F2 m=0 r=5%,surface_wape,0,6,90,1,5–10%,12,286,0.04195804195804196,0.04195804195804196,0.5870049980776626,0.82299115724721261,0.40868896578239144,1
F2 m=0 r=5%,surface_wape,0,6,90,2,10–15%,14,286,0.048951048951048952,0.083916083916083919,0.99707804690503654,0.99876970396001541,0.74502114571318723,1
F2 m=0 r=5%,surface_wape,0,6,90,3,15–20%,18,286,0.062937062937062943,0.13286713286713286,0.9831603229527105,0.61737793156478282,0.35040369088811996,1
F2 m=0 r=5%,surface_wape,0,6,90,4,≥20%,195,286,0.68181818181818177,0.19580419580419581,0.73933102652825844,0.088581314878892731,0.15086505190311419,1
F2 m=0 r=5%,surface_wape,0,6,90,5,not lit,35,286,0.12237762237762238,0.8776223776223776,0.55000000000000004,0.55000000000000004,0.55000000000000004,1
F2 m=0 r=5%,surface_wape,0,7,105,0,0–5%,19,611,0.031096563011456628,0,0.047981545559400242,0.49642445213379471,0.26182237600922725,1
F2 m=0 r=5%,surface_wape,0,7,105,1,5–10%,23,611,0.037643207855973811,0.031096563011456628,0.5870049980776626,0.82299115724721261,0.40868896578239144,1
F2 m=0 r=5%,surface_wape,0,7,105,2,10–15%,33,611,0.054009819967266774,0.068739770867430439,0.99707804690503654,0.99876970396001541,0.74502114571318723,1
F2 m=0 r=5%,surface_wape,0,7,105,3,15–20%,33,611,0.054009819967266774,0.12274959083469722,0.9831603229527105,0.61737793156478282,0.35040369088811996,1
F2 m=0 r=5%,surface_wape,0,7,105,4,≥20%,378,611,0.61865793780687395,0.176759410801964,0.73933102652825844,0.088581314878892731,0.15086505190311419,1
F2 m=0 r=5%,surface_wape,0,7,105,5,not lit,125,611,0.20458265139116202,0.79541734860883795,0.55000000000000004,0.55000000000000004,0.55000000000000004,1
F2 m=0 r=5%,surface_wape,0,8,120,0,0–5%,61,1778,0.034308211473565803,0,0.047981545559400242,0.49642445213379471,0.26182237600922725,1
F2 m=0 r=5%,surface_wape,0,8,120,1,5–10%,59,1778,0.033183352080989874,0.034308211473565803,0.5870049980776626,0.82299115724721261,0.40868896578239144,1
F2 m=0 r=5%,surface_wape,0,8,120,2,10–15%,73,1778,0.04105736782902137,0.067491563554555684,0.99707804690503654,0.99876970396001541,0.74502114571318723,1
F2 m=0 r=5%,surface_wape,0,8,120,3,15–20%,72,1778,0.040494938132733409,0.10854893138357705,0.9831603229527105,0.61737793156478282,0.35040369088811996,1
F2 m=0 r=5%,surface_wape,0,8,120,4,≥20%,1012,1778,0.56917885264341961,0.14904386951631046,0.73933102652825844,0.088581314878892731,0.15086505190311419,1
F2 m=0 r=5%,surface_wape,0,8,120,5,not lit,501,1778,0.28177727784026996,0.71822272215973004,0.55000000000000004,0.55000000000000004,0.55000000000000004,1
F2 m=0 r=5%,surface_wape,0,9,135,0,0–5%,3,188,0.015957446808510637,0,0.047981545559400242,0.49642445213379471,0.26182237600922725,1
F2 m=0 r=5%,surface_wape,0,9,135,1,5–10%,10,188,0.053191489361702128,0.015957446808510637,0.5870049980776626,0.82299115724721261,0.40868896578239144,1
F2 m=0 r=5%,surface_wape,0,9,135,2,10–15%,7,188,0.037234042553191488,0.069148936170212769,0.99707804690503654,0.99876970396001541,0.74502114571318723,1
F2 m=0 r=5%,surface_wape,0,9,135,3,15–20%,13,188,0.069148936170212769,0.10638297872340426,0.9831603229527105,0.61737793156478282,0.35040369088811996,1
F2 m=0 r=5%,surface_wape,0,9,135,4,≥20%,118,188,0.62765957446808507,0.17553191489361702,0.73933102652825844,0.088581314878892731,0.15086505190311419,1
F2 m=0 r=5%,surface_wape,0,9,135,5,not lit,37,188,0.19680851063829788,0.80319148936170204,0.55000000000000004,0.55000000000000004,0.55000000000000004,1
F2 m=0 r=5%,surface_wape,0,10,150,0,0–5%,18,456,0.039473684210526314,0,0.047981545559400242,0.49642445213379471,0.26182237600922725,1
F2 m=0 r=5%,surface_wape,0,10,150,1,5–10%,16,456,0.035087719298245612,0.039473684210526314,0.5870049980776626,0.82299115724721261,0.40868896578239144,1
F2 m=0 r=5%,surface_wape,0,10,150,2,10–15%,27,456,0.05921052631578947,0.074561403508771926,0.99707804690503654,0.99876970396001541,0.74502114571318723,1
F2 m=0 r=5%,surface_wape,0,10,150,3,15–20%,27,456,0.05921052631578947,0.1337719298245614,0.9831603229527105,0.61737793156478282,0.35040369088811996,1
F2 m=0 r=5%,surface_wape,0,10,150,4,≥20%,276,456,0.60526315789473684,0.19298245614035087,0.73933102652825844,0.088581314878892731,0.15086505190311419,1
F2 m=0 r=5%,surface_wape,0,10,150,5,not lit,92,456,0.20175438596491227,0.79824561403508776,0.55000000000000004,0.55000000000000004,0.55000000000000004,1
F2 m=0 r=5%,surface_wape,0,11,165,0,0–5%,52,907,0.057331863285556783,0,0.047981545559400242,0.49642445213379471,0.26182237600922725,1
F2 m=0 r=5%,surface_wape,0,11,165,1,5–10%,49,907,0.054024255788313123,0.057331863285556783,0.5870049980776626,0.82299115724721261,0.40868896578239144,1
F2 m=0 r=5%,surface_wape,0,11,165,2,10–15%,43,907,0.047409040793825796,0.11135611907386991,0.99707804690503654,0.99876970396001541,0.74502114571318723,1
F2 m=0 r=5%,surface_wape,0,11,165,3,15–20%,33,907,0.036383682469680267,0.15876515986769571,0.9831603229527105,0.61737793156478282,0.35040369088811996,1
F2 m=0 r=5%,surface_wape,0,11,165,4,≥20%,529,907,0.58324145534729877,0.19514884233737598,0.73933102652825844,0.088581314878892731,0.15086505190311419,1
F2 m=0 r=5%,surface_wape,0,11,165,5,not lit,201,907,0.22160970231532526,0.77839029768467471,0.55000000000000004,0.55000000000000004,0.55000000000000004,1
F2 m=0 r=5%,surface_wape,0,12,180,0,0–5%,12,276,0.043478260869565216,0,0.047981545559400242,0.49642445213379471,0.26182237600922725,1
F2 m=0 r=5%,surface_wape,0,12,180,1,5–10%,13,276,0.04710144927536232,0.043478260869565216,0.5870049980776626,0.82299115724721261,0.40868896578239144,1
F2 m=0 r=5%,surface_wape,0,12,180,2,10–15%,14,276,0.050724637681159424,0.090579710144927536,0.99707804690503654,0.99876970396001541,0.74502114571318723,1
F2 m=0 r=5%,surface_wape,0,12,180,3,15–20%,11,276,0.039855072463768113,0.14130434782608697,0.9831603229527105,0.61737793156478282,0.35040369088811996,1
F2 m=0 r=5%,surface_wape,0,12,180,4,≥20%,174,276,0.63043478260869568,0.1811594202898551,0.73933102652825844,0.088581314878892731,0.15086505190311419,1
F2 m=0 r=5%,surface_wape,0,12,180,5,not lit,52,276,0.18840579710144928,0.81159420289855078,0.55000000000000004,0.55000000000000004,0.55000000000000004,1
F2 m=0 r=5%,surface_wape,0,13,195,0,0–5%,27,610,0.044262295081967211,0,0.047981545559400242,0.49642445213379471,0.26182237600922725,1
F2 m=0 r=5%,surface_wape,0,13,195,1,5–10%,44,610,0.072131147540983612,0.044262295081967211,0.5870049980776626,0.82299115724721261,0.40868896578239144,1
F2 m=0 r=5%,surface_wape,0,13,195,2,10–15%,37,610,0.060655737704918035,0.11639344262295082,0.99707804690503654,0.99876970396001541,0.74502114571318723,1
F2 m=0 r=5%,surface_wape,0,13,195,3,15–20%,33,610,0.054098360655737705,0.17704918032786884,0.9831603229527105,0.61737793156478282,0.35040369088811996,1
F2 m=0 r=5%,surface_wape,0,13,195,4,≥20%,365,610,0.59836065573770492,0.23114754098360654,0.73933102652825844,0.088581314878892731,0.15086505190311419,1
F2 m=0 r=5%,surface_wape,0,13,195,5,not lit,104,610,0.17049180327868851,0.82950819672131149,0.55000000000000004,0.55000000000000004,0.55000000000000004,1
F2 m=0 r=5%,surface_wape,0,14,210,0,0–5%,107,1679,0.063728409767718874,0,0.047981545559400242,0.49642445213379471,0.26182237600922725,1
F2 m=0 r=5%,surface_wape,0,14,210,1,5–10%,129,1679,0.076831447290053603,0.063728409767718874,0.5870049980776626,0.82299115724721261,0.40868896578239144,1
F2 m=0 r=5%,surface_wape,0,14,210,2,10–15%,118,1679,0.070279928528886246,0.14055985705777246,0.99707804690503654,0.99876970396001541,0.74502114571318723,1
F2 m=0 r=5%,surface_wape,0,14,210,3,15–20%,100,1679,0.059559261465157831,0.21083978558665872,0.9831603229527105,0.61737793156478282,0.35040369088811996,1
F2 m=0 r=5%,surface_wape,0,14,210,4,≥20%,939,1679,0.55926146515783204,0.27039904705181655,0.73933102652825844,0.088581314878892731,0.15086505190311419,1
F2 m=0 r=5%,surface_wape,0,14,210,5,not lit,286,1679,0.17033948779035141,0.82966051220964854,0.55000000000000004,0.55000000000000004,0.55000000000000004,1
F2 m=0 r=5%,surface_wape,0,15,225,0,0–5%,8,197,0.04060913705583756,0,0.047981545559400242,0.49642445213379471,0.26182237600922725,1
F2 m=0 r=5%,surface_wape,0,15,225,1,5–10%,23,197,0.116751269035533,0.04060913705583756,0.5870049980776626,0.82299115724721261,0.40868896578239144,1
F2 m=0 r=5%,surface_wape,0,15,225,2,10–15%,11,197,0.055837563451776651,0.15736040609137056,0.99707804690503654,0.99876970396001541,0.74502114571318723,1
F2 m=0 r=5%,surface_wape,0,15,225,3,15–20%,12,197,0.060913705583756347,0.21319796954314721,0.9831603229527105,0.61737793156478282,0.35040369088811996,1
F2 m=0 r=5%,surface_wape,0,15,225,4,≥20%,125,197,0.63451776649746194,0.27411167512690354,0.73933102652825844,0.088581314878892731,0.15086505190311419,1
F2 m=0 r=5%,surface_wape,0,15,225,5,not lit,18,197,0.091370558375634514,0.90862944162436543,0.55000000000000004,0.55000000000000004,0.55000000000000004,1
F2 m=0 r=5%,surface_wape,0,16,240,0,0–5%,21,407,0.051597051597051594,0,0.047981545559400242,0.49642445213379471,0.26182237600922725,1
F2 m=0 r=5%,surface_wape,0,16,240,1,5–10%,19,407,0.046683046683046681,0.051597051597051594,0.5870049980776626,0.82299115724721261,0.40868896578239144,1
F2 m=0 r=5%,surface_wape,0,16,240,2,10–15%,20,407,0.049140049140049137,0.098280098280098274,0.99707804690503654,0.99876970396001541,0.74502114571318723,1
F2 m=0 r=5%,surface_wape,0,16,240,3,15–20%,22,407,0.054054054054054057,0.14742014742014742,0.9831603229527105,0.61737793156478282,0.35040369088811996,1
F2 m=0 r=5%,surface_wape,0,16,240,4,≥20%,282,407,0.69287469287469283,0.20147420147420148,0.73933102652825844,0.088581314878892731,0.15086505190311419,1
F2 m=0 r=5%,surface_wape,0,16,240,5,not lit,43,407,0.10565110565110565,0.89434889434889431,0.55000000000000004,0.55000000000000004,0.55000000000000004,1
F2 m=0 r=5%,surface_wape,0,17,255,0,0–5%,40,815,0.049079754601226995,0,0.047981545559400242,0.49642445213379471,0.26182237600922725,1
F2 m=0 r=5%,surface_wape,0,17,255,1,5–10%,35,815,0.042944785276073622,0.049079754601226995,0.5870049980776626,0.82299115724721261,0.40868896578239144,1
F2 m=0 r=5%,surface_wape,0,17,255,2,10–15%,62,815,0.076073619631901845,0.09202453987730061,0.99707804690503654,0.99876970396001541,0.74502114571318723,1
F2 m=0 r=5%,surface_wape,0,17,255,3,15–20%,41,815,0.05030674846625767,0.16809815950920245,0.9831603229527105,0.61737793156478282,0.35040369088811996,1
F2 m=0 r=5%,surface_wape,0,17,255,4,≥20%,550,815,0.67484662576687116,0.21840490797546014,0.73933102652825844,0.088581314878892731,0.15086505190311419,1
F2 m=0 r=5%,surface_wape,0,17,255,5,not lit,87,815,0.10674846625766871,0.89325153374233124,0.55000000000000004,0.55000000000000004,0.55000000000000004,1
F2 m=0 r=5%,surface_wape,0,18,270,0,0–5%,9,265,0.033962264150943396,0,0.047981545559400242,0.49642445213379471,0.26182237600922725,1
F2 m=0 r=5%,surface_wape,0,18,270,1,5–10%,12,265,0.045283018867924525,0.033962264150943396,0.5870049980776626,0.82299115724721261,0.40868896578239144,1
F2 m=0 r=5%,surface_wape,0,18,270,2,10–15%,17,265,0.064150943396226415,0.079245283018867921,0.99707804690503654,0.99876970396001541,0.74502114571318723,1
F2 m=0 r=5%,surface_wape,0,18,270,3,15–20%,7,265,0.026415094339622643,0.14339622641509434,0.9831603229527105,0.61737793156478282,0.35040369088811996,1
F2 m=0 r=5%,surface_wape,0,18,270,4,≥20%,187,265,0.70566037735849052,0.16981132075471697,0.73933102652825844,0.088581314878892731,0.15086505190311419,1
F2 m=0 r=5%,surface_wape,0,18,270,5,not lit,33,265,0.12452830188679245,0.87547169811320746,0.55000000000000004,0.55000000000000004,0.55000000000000004,1
F2 m=0 r=5%,surface_wape,0,19,285,0,0–5%,30,609,0.049261083743842367,0,0.047981545559400242,0.49642445213379471,0.26182237600922725,1
F2 m=0 r=5%,surface_wape,0,19,285,1,5–10%,22,609,0.036124794745484398,0.049261083743842367,0.5870049980776626,0.82299115724721261,0.40868896578239144,1
F2 m=0 r=5%,surface_wape,0,19,285,2,10–15%,34,609,0.055829228243021348,0.085385878489326772,0.99707804690503654,0.99876970396001541,0.74502114571318723,1
F2 m=0 r=5%,surface_wape,0,19,285,3,15–20%,30,609,0.049261083743842367,0.14121510673234811,0.9831603229527105,0.61737793156478282,0.35040369088811996,1
F2 m=0 r=5%,surface_wape,0,19,285,4,≥20%,395,609,0.64860426929392445,0.19047619047619047,0.73933102652825844,0.088581314878892731,0.15086505190311419,1
F2 m=0 r=5%,surface_wape,0,19,285,5,not lit,98,609,0.16091954022988506,0.83908045977011492,0.55000000000000004,0.55000000000000004,0.55000000000000004,1
F2 m=0 r=5%,surface_wape,0,20,300,0,0–5%,52,1781,0.029197080291970802,0,0.047981545559400242,0.49642445213379471,0.26182237600922725,1
F2 m=0 r=5%,surface_wape,0,20,300,1,5–10%,80,1781,0.044918585064570464,0.029197080291970802,0.5870049980776626,0.82299115724721261,0.40868896578239144,1
F2 m=0 r=5%,surface_wape,0,20,300,2,10–15%,68,1781,0.038180797304884898,0.074115665356541266,0.99707804690503654,0.99876970396001541,0.74502114571318723,1
F2 m=0 r=5%,surface_wape,0,20,300,3,15–20%,69,1781,0.03874227961819203,0.11229646266142616,0.9831603229527105,0.61737793156478282,0.35040369088811996,1
F2 m=0 r=5%,surface_wape,0,20,300,4,≥20%,1027,1781,0.57664233576642332,0.15103874227961819,0.73933102652825844,0.088581314878892731,0.15086505190311419,1
F2 m=0 r=5%,surface_wape,0,20,300,5,not lit,485,1781,0.27231892195395846,0.72768107804604154,0.55000000000000004,0.55000000000000004,0.55000000000000004,1
F2 m=0 r=5%,surface_wape,0,21,315,0,0–5%,11,190,0.057894736842105263,0,0.047981545559400242,0.49642445213379471,0.26182237600922725,1
F2 m=0 r=5%,surface_wape,0,21,315,1,5–10%,6,190,0.031578947368421054,0.057894736842105263,0.5870049980776626,0.82299115724721261,0.40868896578239144,1
F2 m=0 r=5%,surface_wape,0,21,315,2,10–15%,16,190,0.084210526315789472,0.089473684210526316,0.99707804690503654,0.99876970396001541,0.74502114571318723,1
F2 m=0 r=5%,surface_wape,0,21,315,3,15–20%,7,190,0.036842105263157891,0.17368421052631577,0.9831603229527105,0.61737793156478282,0.35040369088811996,1
F2 m=0 r=5%,surface_wape,0,21,315,4,≥20%,125,190,0.65789473684210531,0.21052631578947367,0.73933102652825844,0.088581314878892731,0.15086505190311419,1
F2 m=0 r=5%,surface_wape,0,21,315,5,not lit,25,190,0.13157894736842105,0.86842105263157898,0.55000000000000004,0.55000000000000004,0.55000000000000004,1
F2 m=0 r=5%,surface_wape,0,22,330,0,0–5%,12,442,0.027149321266968326,0,0.047981545559400242,0.49642445213379471,0.26182237600922725,1
F2 m=0 r=5%,surface_wape,0,22,330,1,5–10%,19,442,0.042986425339366516,0.027149321266968326,0.5870049980776626,0.82299115724721261,0.40868896578239144,1
F2 m=0 r=5%,surface_wape,0,22,330,2,10–15%,29,442,0.06561085972850679,0.070135746606334842,0.99707804690503654,0.99876970396001541,0.74502114571318723,1
F2 m=0 r=5%,surface_wape,0,22,330,3,15–20%,19,442,0.042986425339366516,0.13574660633484165,0.9831603229527105,0.61737793156478282,0.35040369088811996,1
F2 m=0 r=5%,surface_wape,0,22,330,4,≥20%,271,442,0.6131221719457014,0.17873303167420818,0.73933102652825844,0.088581314878892731,0.15086505190311419,1
F2 m=0 r=5%,surface_wape,0,22,330,5,not lit,92,442,0.20814479638009051,0.79185520361990958,0.55000000000000004,0.55000000000000004,0.55000000000000004,1
F2 m=0 r=5%,surface_wape,0,23,345,0,0–5%,42,924,0.045454545454545456,0,0.047981545559400242,0.49642445213379471,0.26182237600922725,1
F2 m=0 r=5%,surface_wape,0,23,345,1,5–10%,24,924,0.025974025974025976,0.045454545454545456,0.5870049980776626,0.82299115724721261,0.40868896578239144,1
F2 m=0 r=5%,surface_wape,0,23,345,2,10–15%,33,924,0.035714285714285712,0.071428571428571425,0.99707804690503654,0.99876970396001541,0.74502114571318723,1
F2 m=0 r=5%,surface_wape,0,23,345,3,15–20%,39,924,0.042207792207792208,0.10714285714285714,0.9831603229527105,0.61737793156478282,0.35040369088811996,1
F2 m=0 r=5%,surface_wape,0,23,345,4,≥20%,584,924,0.63203463203463206,0.14935064935064934,0.73933102652825844,0.088581314878892731,0.15086505190311419,1
F2 m=0 r=5%,surface_wape,0,23,345,5,not lit,202,924,0.21861471861471862,0.7813852813852814,0.55000000000000004,0.55000000000000004,0.55000000000000004,1
F2 m=0 r=5%,surface_wape,15,0,0,0,0–5%,20,290,0.068965517241379309,0,0.047981545559400242,0.49642445213379471,0.26182237600922725,1
F2 m=0 r=5%,surface_wape,15,0,0,1,5–10%,11,290,0.03793103448275862,0.068965517241379309,0.5870049980776626,0.82299115724721261,0.40868896578239144,1
F2 m=0 r=5%,surface_wape,15,0,0,2,10–15%,18,290,0.062068965517241378,0.10689655172413792,0.99707804690503654,0.99876970396001541,0.74502114571318723,1
F2 m=0 r=5%,surface_wape,15,0,0,3,15–20%,12,290,0.041379310344827586,0.16896551724137931,0.9831603229527105,0.61737793156478282,0.35040369088811996,1
F2 m=0 r=5%,surface_wape,15,0,0,4,≥20%,182,290,0.62758620689655176,0.2103448275862069,0.73933102652825844,0.088581314878892731,0.15086505190311419,1
F2 m=0 r=5%,surface_wape,15,0,0,5,not lit,47,290,0.16206896551724137,0.83793103448275863,0.55000000000000004,0.55000000000000004,0.55000000000000004,1
F2 m=0 r=5%,surface_wape,15,1,15,0,0–5%,31,637,0.048665620094191522,0,0.047981545559400242,0.49642445213379471,0.26182237600922725,1
F2 m=0 r=5%,surface_wape,15,1,15,1,5–10%,34,637,0.053375196232339092,0.048665620094191522,0.5870049980776626,0.82299115724721261,0.40868896578239144,1
F2 m=0 r=5%,surface_wape,15,1,15,2,10–15%,37,637,0.058084772370486655,0.10204081632653061,0.99707804690503654,0.99876970396001541,0.74502114571318723,1
F2 m=0 r=5%,surface_wape,15,1,15,3,15–20%,39,637,0.061224489795918366,0.16012558869701726,0.9831603229527105,0.61737793156478282,0.35040369088811996,1
F2 m=0 r=5%,surface_wape,15,1,15,4,≥20%,412,637,0.64678178963893251,0.22135007849293564,0.73933102652825844,0.088581314878892731,0.15086505190311419,1
F2 m=0 r=5%,surface_wape,15,1,15,5,not lit,84,637,0.13186813186813187,0.86813186813186816,0.55000000000000004,0.55000000000000004,0.55000000000000004,1
F2 m=0 r=5%,surface_wape,15,2,30,0,0–5%,95,1703,0.055783910745742807,0,0.047981545559400242,0.49642445213379471,0.26182237600922725,1
F2 m=0 r=5%,surface_wape,15,2,30,1,5–10%,115,1703,0.067527891955372871,0.055783910745742807,0.5870049980776626,0.82299115724721261,0.40868896578239144,1
F2 m=0 r=5%,surface_wape,15,2,30,2,10–15%,108,1703,0.063417498532002348,0.12331180270111568,0.99707804690503654,0.99876970396001541,0.74502114571318723,1
F2 m=0 r=5%,surface_wape,15,2,30,3,15–20%,102,1703,0.05989430416911333,0.18672930123311804,0.9831603229527105,0.61737793156478282,0.35040369088811996,1
F2 m=0 r=5%,surface_wape,15,2,30,4,≥20%,992,1703,0.58250146799765123,0.24662360540223138,0.73933102652825844,0.088581314878892731,0.15086505190311419,1
F2 m=0 r=5%,surface_wape,15,2,30,5,not lit,291,1703,0.17087492660011744,0.82912507339988262,0.55000000000000004,0.55000000000000004,0.55000000000000004,1
F2 m=0 r=5%,surface_wape,15,3,45,0,0–5%,11,187,0.058823529411764705,0,0.047981545559400242,0.49642445213379471,0.26182237600922725,1
F2 m=0 r=5%,surface_wape,15,3,45,1,5–10%,19,187,0.10160427807486631,0.058823529411764705,0.5870049980776626,0.82299115724721261,0.40868896578239144,1
F2 m=0 r=5%,surface_wape,15,3,45,2,10–15%,13,187,0.069518716577540107,0.16042780748663102,0.99707804690503654,0.99876970396001541,0.74502114571318723,1
F2 m=0 r=5%,surface_wape,15,3,45,3,15–20%,10,187,0.053475935828877004,0.22994652406417113,0.9831603229527105,0.61737793156478282,0.35040369088811996,1
F2 m=0 r=5%,surface_wape,15,3,45,4,≥20%,112,187,0.59893048128342241,0.28342245989304815,0.73933102652825844,0.088581314878892731,0.15086505190311419,1
F2 m=0 r=5%,surface_wape,15,3,45,5,not lit,22,187,0.11764705882352941,0.88235294117647056,0.55000000000000004,0.55000000000000004,0.55000000000000004,1
F2 m=0 r=5%,surface_wape,15,4,60,0,0–5%,28,412,0.067961165048543687,0,0.047981545559400242,0.49642445213379471,0.26182237600922725,1
F2 m=0 r=5%,surface_wape,15,4,60,1,5–10%,30,412,0.07281553398058252,0.067961165048543687,0.5870049980776626,0.82299115724721261,0.40868896578239144,1
F2 m=0 r=5%,surface_wape,15,4,60,2,10–15%,29,412,0.070388349514563103,0.14077669902912621,0.99707804690503654,0.99876970396001541,0.74502114571318723,1
F2 m=0 r=5%,surface_wape,15,4,60,3,15–20%,25,412,0.060679611650485438,0.21116504854368931,0.9831603229527105,0.61737793156478282,0.35040369088811996,1
F2 m=0 r=5%,surface_wape,15,4,60,4,≥20%,248,412,0.60194174757281549,0.27184466019417475,0.73933102652825844,0.088581314878892731,0.15086505190311419,1
F2 m=0 r=5%,surface_wape,15,4,60,5,not lit,52,412,0.12621359223300971,0.87378640776699024,0.55000000000000004,0.55000000000000004,0.55000000000000004,1
F2 m=0 r=5%,surface_wape,15,5,75,0,0–5%,37,826,0.044794188861985475,0,0.047981545559400242,0.49642445213379471,0.26182237600922725,1
F2 m=0 r=5%,surface_wape,15,5,75,1,5–10%,38,826,0.046004842615012108,0.044794188861985475,0.5870049980776626,0.82299115724721261,0.40868896578239144,1
F2 m=0 r=5%,surface_wape,15,5,75,2,10–15%,57,826,0.069007263922518158,0.090799031476997583,0.99707804690503654,0.99876970396001541,0.74502114571318723,1
F2 m=0 r=5%,surface_wape,15,5,75,3,15–20%,39,826,0.047215496368038741,0.15980629539951574,0.9831603229527105,0.61737793156478282,0.35040369088811996,1
F2 m=0 r=5%,surface_wape,15,5,75,4,≥20%,571,826,0.69128329297820823,0.20702179176755447,0.73933102652825844,0.088581314878892731,0.15086505190311419,1
F2 m=0 r=5%,surface_wape,15,5,75,5,not lit,84,826,0.10169491525423729,0.89830508474576276,0.55000000000000004,0.55000000000000004,0.55000000000000004,1
F2 m=0 r=5%,surface_wape,15,6,90,0,0–5%,8,286,0.027972027972027972,0,0.047981545559400242,0.49642445213379471,0.26182237600922725,1
F2 m=0 r=5%,surface_wape,15,6,90,1,5–10%,13,286,0.045454545454545456,0.027972027972027972,0.5870049980776626,0.82299115724721261,0.40868896578239144,1
F2 m=0 r=5%,surface_wape,15,6,90,2,10–15%,16,286,0.055944055944055944,0.073426573426573424,0.99707804690503654,0.99876970396001541,0.74502114571318723,1
F2 m=0 r=5%,surface_wape,15,6,90,3,15–20%,19,286,0.066433566433566432,0.12937062937062938,0.9831603229527105,0.61737793156478282,0.35040369088811996,1
F2 m=0 r=5%,surface_wape,15,6,90,4,≥20%,193,286,0.67482517482517479,0.19580419580419581,0.73933102652825844,0.088581314878892731,0.15086505190311419,1
F2 m=0 r=5%,surface_wape,15,6,90,5,not lit,37,286,0.12937062937062938,0.87062937062937062,0.55000000000000004,0.55000000000000004,0.55000000000000004,1
F2 m=0 r=5%,surface_wape,15,7,105,0,0–5%,20,611,0.032733224222585927,0,0.047981545559400242,0.49642445213379471,0.26182237600922725,1
F2 m=0 r=5%,surface_wape,15,7,105,1,5–10%,21,611,0.034369885433715219,0.032733224222585927,0.5870049980776626,0.82299115724721261,0.40868896578239144,1
F2 m=0 r=5%,surface_wape,15,7,105,2,10–15%,32,611,0.052373158756137482,0.067103109656301146,0.99707804690503654,0.99876970396001541,0.74502114571318723,1
F2 m=0 r=5%,surface_wape,15,7,105,3,15–20%,30,611,0.049099836333878884,0.11947626841243864,0.9831603229527105,0.61737793156478282,0.35040369088811996,1
F2 m=0 r=5%,surface_wape,15,7,105,4,≥20%,384,611,0.62847790507364976,0.16857610474631751,0.73933102652825844,0.088581314878892731,0.15086505190311419,1
F2 m=0 r=5%,surface_wape,15,7,105,5,not lit,124,611,0.20294599018003273,0.79705400981996721,0.55000000000000004,0.55000000000000004,0.55000000000000004,1
F2 m=0 r=5%,surface_wape,15,8,120,0,0–5%,64,1778,0.0359955005624297,0,0.047981545559400242,0.49642445213379471,0.26182237600922725,1
F2 m=0 r=5%,surface_wape,15,8,120,1,5–10%,54,1778,0.030371203599550055,0.0359955005624297,0.5870049980776626,0.82299115724721261,0.40868896578239144,1
F2 m=0 r=5%,surface_wape,15,8,120,2,10–15%,76,1778,0.042744656917885267,0.066366704161979762,0.99707804690503654,0.99876970396001541,0.74502114571318723,1
F2 m=0 r=5%,surface_wape,15,8,120,3,15–20%,63,1778,0.035433070866141732,0.10911136107986502,0.9831603229527105,0.61737793156478282,0.35040369088811996,1
F2 m=0 r=5%,surface_wape,15,8,120,4,≥20%,1021,1778,0.57424071991001124,0.14454443194600675,0.73933102652825844,0.088581314878892731,0.15086505190311419,1
F2 m=0 r=5%,surface_wape,15,8,120,5,not lit,500,1778,0.28121484814398201,0.71878515185601799,0.55000000000000004,0.55000000000000004,0.55000000000000004,1
F2 m=0 r=5%,surface_wape,15,9,135,0,0–5%,3,188,0.015957446808510637,0,0.047981545559400242,0.49642445213379471,0.26182237600922725,1
F2 m=0 r=5%,surface_wape,15,9,135,1,5–10%,9,188,0.047872340425531915,0.015957446808510637,0.5870049980776626,0.82299115724721261,0.40868896578239144,1
F2 m=0 r=5%,surface_wape,15,9,135,2,10–15%,8,188,0.042553191489361701,0.063829787234042548,0.99707804690503654,0.99876970396001541,0.74502114571318723,1
F2 m=0 r=5%,surface_wape,15,9,135,3,15–20%,11,188,0.058510638297872342,0.10638297872340424,0.9831603229527105,0.61737793156478282,0.35040369088811996,1
F2 m=0 r=5%,surface_wape,15,9,135,4,≥20%,120,188,0.63829787234042556,0.16489361702127658,0.73933102652825844,0.088581314878892731,0.15086505190311419,1
F2 m=0 r=5%,surface_wape,15,9,135,5,not lit,37,188,0.19680851063829788,0.80319148936170215,0.55000000000000004,0.55000000000000004,0.55000000000000004,1
F2 m=0 r=5%,surface_wape,15,10,150,0,0–5%,14,456,0.030701754385964911,0,0.047981545559400242,0.49642445213379471,0.26182237600922725,1
F2 m=0 r=5%,surface_wape,15,10,150,1,5–10%,15,456,0.032894736842105261,0.030701754385964911,0.5870049980776626,0.82299115724721261,0.40868896578239144,1
F2 m=0 r=5%,surface_wape,15,10,150,2,10–15%,24,456,0.052631578947368418,0.063596491228070179,0.99707804690503654,0.99876970396001541,0.74502114571318723,1
F2 m=0 r=5%,surface_wape,15,10,150,3,15–20%,22,456,0.048245614035087717,0.1162280701754386,0.9831603229527105,0.61737793156478282,0.35040369088811996,1
F2 m=0 r=5%,surface_wape,15,10,150,4,≥20%,290,456,0.63596491228070173,0.16447368421052633,0.73933102652825844,0.088581314878892731,0.15086505190311419,1
F2 m=0 r=5%,surface_wape,15,10,150,5,not lit,91,456,0.19956140350877194,0.80043859649122806,0.55000000000000004,0.55000000000000004,0.55000000000000004,1
F2 m=0 r=5%,surface_wape,15,11,165,0,0–5%,43,907,0.047409040793825796,0,0.047981545559400242,0.49642445213379471,0.26182237600922725,1
F2 m=0 r=5%,surface_wape,15,11,165,1,5–10%,42,907,0.046306504961411248,0.047409040793825796,0.5870049980776626,0.82299115724721261,0.40868896578239144,1
F2 m=0 r=5%,surface_wape,15,11,165,2,10–15%,42,907,0.046306504961411248,0.093715545755237051,0.99707804690503654,0.99876970396001541,0.74502114571318723,1
F2 m=0 r=5%,surface_wape,15,11,165,3,15–20%,25,907,0.027563395810363836,0.14002205071664831,0.9831603229527105,0.61737793156478282,0.35040369088811996,1
F2 m=0 r=5%,surface_wape,15,11,165,4,≥20%,555,907,0.61190738699007718,0.16758544652701213,0.73933102652825844,0.088581314878892731,0.15086505190311419,1
F2 m=0 r=5%,surface_wape,15,11,165,5,not lit,200,907,0.22050716648291069,0.77949283351708931,0.55000000000000004,0.55000000000000004,0.55000000000000004,1
F2 m=0 r=5%,surface_wape,15,12,180,0,0–5%,6,276,0.021739130434782608,0,0.047981545559400242,0.49642445213379471,0.26182237600922725,1
F2 m=0 r=5%,surface_wape,15,12,180,1,5–10%,14,276,0.050724637681159424,0.021739130434782608,0.5870049980776626,0.82299115724721261,0.40868896578239144,1
F2 m=0 r=5%,surface_wape,15,12,180,2,10–15%,11,276,0.039855072463768113,0.072463768115942032,0.99707804690503654,0.99876970396001541,0.74502114571318723,1
F2 m=0 r=5%,surface_wape,15,12,180,3,15–20%,13,276,0.04710144927536232,0.11231884057971014,0.9831603229527105,0.61737793156478282,0.35040369088811996,1
F2 m=0 r=5%,surface_wape,15,12,180,4,≥20%,182,276,0.65942028985507251,0.15942028985507245,0.73933102652825844,0.088581314878892731,0.15086505190311419,1
F2 m=0 r=5%,surface_wape,15,12,180,5,not lit,50,276,0.18115942028985507,0.81884057971014501,0.55000000000000004,0.55000000000000004,0.55000000000000004,1
F2 m=0 r=5%,surface_wape,15,13,195,0,0–5%,20,610,0.032786885245901641,0,0.047981545559400242,0.49642445213379471,0.26182237600922725,1
F2 m=0 r=5%,surface_wape,15,13,195,1,5–10%,41,610,0.067213114754098358,0.032786885245901641,0.5870049980776626,0.82299115724721261,0.40868896578239144,1
F2 m=0 r=5%,surface_wape,15,13,195,2,10–15%,35,610,0.05737704918032787,0.10000000000000001,0.99707804690503654,0.99876970396001541,0.74502114571318723,1
F2 m=0 r=5%,surface_wape,15,13,195,3,15–20%,25,610,0.040983606557377046,0.15737704918032788,0.9831603229527105,0.61737793156478282,0.35040369088811996,1
F2 m=0 r=5%,surface_wape,15,13,195,4,≥20%,388,610,0.63606557377049178,0.19836065573770492,0.73933102652825844,0.088581314878892731,0.15086505190311419,1
F2 m=0 r=5%,surface_wape,15,13,195,5,not lit,101,610,0.16557377049180327,0.83442622950819667,0.55000000000000004,0.55000000000000004,0.55000000000000004,1
F2 m=0 r=5%,surface_wape,15,14,210,0,0–5%,88,1679,0.052412150089338895,0,0.047981545559400242,0.49642445213379471,0.26182237600922725,1
F2 m=0 r=5%,surface_wape,15,14,210,1,5–10%,114,1679,0.067897558070279931,0.052412150089338895,0.5870049980776626,0.82299115724721261,0.40868896578239144,1
F2 m=0 r=5%,surface_wape,15,14,210,2,10–15%,106,1679,0.063132817153067303,0.12030970815961883,0.99707804690503654,0.99876970396001541,0.74502114571318723,1
F2 m=0 r=5%,surface_wape,15,14,210,3,15–20%,97,1679,0.057772483621203095,0.18344252531268612,0.9831603229527105,0.61737793156478282,0.35040369088811996,1
F2 m=0 r=5%,surface_wape,15,14,210,4,≥20%,1001,1679,0.5961882072662299,0.24121500893388922,0.73933102652825844,0.088581314878892731,0.15086505190311419,1
F2 m=0 r=5%,surface_wape,15,14,210,5,not lit,273,1679,0.16259678379988088,0.83740321620011915,0.55000000000000004,0.55000000000000004,0.55000000000000004,1
F2 m=0 r=5%,surface_wape,15,15,225,0,0–5%,9,197,0.045685279187817257,0,0.047981545559400242,0.49642445213379471,0.26182237600922725,1
F2 m=0 r=5%,surface_wape,15,15,225,1,5–10%,15,197,0.076142131979695438,0.045685279187817257,0.5870049980776626,0.82299115724721261,0.40868896578239144,1
F2 m=0 r=5%,surface_wape,15,15,225,2,10–15%,16,197,0.081218274111675121,0.12182741116751269,0.99707804690503654,0.99876970396001541,0.74502114571318723,1
F2 m=0 r=5%,surface_wape,15,15,225,3,15–20%,14,197,0.071065989847715741,0.20304568527918782,0.9831603229527105,0.61737793156478282,0.35040369088811996,1
F2 m=0 r=5%,surface_wape,15,15,225,4,≥20%,125,197,0.63451776649746194,0.27411167512690354,0.73933102652825844,0.088581314878892731,0.15086505190311419,1
F2 m=0 r=5%,surface_wape,15,15,225,5,not lit,18,197,0.091370558375634514,0.90862944162436543,0.55000000000000004,0.55000000000000004,0.55000000000000004,1
F2 m=0 r=5%,surface_wape,15,16,240,0,0–5%,23,407,0.056511056511056514,0,0.047981545559400242,0.49642445213379471,0.26182237600922725,1
F2 m=0 r=5%,surface_wape,15,16,240,1,5–10%,17,407,0.041769041769041768,0.056511056511056514,0.5870049980776626,0.82299115724721261,0.40868896578239144,1
F2 m=0 r=5%,surface_wape,15,16,240,2,10–15%,19,407,0.046683046683046681,0.098280098280098288,0.99707804690503654,0.99876970396001541,0.74502114571318723,1
F2 m=0 r=5%,surface_wape,15,16,240,3,15–20%,19,407,0.046683046683046681,0.14496314496314497,0.9831603229527105,0.61737793156478282,0.35040369088811996,1
F2 m=0 r=5%,surface_wape,15,16,240,4,≥20%,285,407,0.70024570024570021,0.19164619164619165,0.73933102652825844,0.088581314878892731,0.15086505190311419,1
F2 m=0 r=5%,surface_wape,15,16,240,5,not lit,44,407,0.10810810810810811,0.89189189189189189,0.55000000000000004,0.55000000000000004,0.55000000000000004,1
F2 m=0 r=5%,surface_wape,15,17,255,0,0–5%,43,815,0.052760736196319019,0,0.047981545559400242,0.49642445213379471,0.26182237600922725,1
F2 m=0 r=5%,surface_wape,15,17,255,1,5–10%,36,815,0.044171779141104296,0.052760736196319019,0.5870049980776626,0.82299115724721261,0.40868896578239144,1
F2 m=0 r=5%,surface_wape,15,17,255,2,10–15%,56,815,0.068711656441717797,0.096932515337423308,0.99707804690503654,0.99876970396001541,0.74502114571318723,1
F2 m=0 r=5%,surface_wape,15,17,255,3,15–20%,36,815,0.044171779141104296,0.16564417177914109,0.9831603229527105,0.61737793156478282,0.35040369088811996,1
F2 m=0 r=5%,surface_wape,15,17,255,4,≥20%,559,815,0.68588957055214728,0.20981595092024538,0.73933102652825844,0.088581314878892731,0.15086505190311419,1
F2 m=0 r=5%,surface_wape,15,17,255,5,not lit,85,815,0.10429447852760736,0.89570552147239269,0.55000000000000004,0.55000000000000004,0.55000000000000004,1
F2 m=0 r=5%,surface_wape,15,18,270,0,0–5%,9,265,0.033962264150943396,0,0.047981545559400242,0.49642445213379471,0.26182237600922725,1
F2 m=0 r=5%,surface_wape,15,18,270,1,5–10%,10,265,0.037735849056603772,0.033962264150943396,0.5870049980776626,0.82299115724721261,0.40868896578239144,1
F2 m=0 r=5%,surface_wape,15,18,270,2,10–15%,19,265,0.071698113207547168,0.071698113207547168,0.99707804690503654,0.99876970396001541,0.74502114571318723,1
F2 m=0 r=5%,surface_wape,15,18,270,3,15–20%,3,265,0.011320754716981131,0.14339622641509434,0.9831603229527105,0.61737793156478282,0.35040369088811996,1
F2 m=0 r=5%,surface_wape,15,18,270,4,≥20%,191,265,0.72075471698113203,0.15471698113207547,0.73933102652825844,0.088581314878892731,0.15086505190311419,1
F2 m=0 r=5%,surface_wape,15,18,270,5,not lit,33,265,0.12452830188679245,0.87547169811320746,0.55000000000000004,0.55000000000000004,0.55000000000000004,1
F2 m=0 r=5%,surface_wape,15,19,285,0,0–5%,30,609,0.049261083743842367,0,0.047981545559400242,0.49642445213379471,0.26182237600922725,1
F2 m=0 r=5%,surface_wape,15,19,285,1,5–10%,29,609,0.047619047619047616,0.049261083743842367,0.5870049980776626,0.82299115724721261,0.40868896578239144,1
F2 m=0 r=5%,surface_wape,15,19,285,2,10–15%,32,609,0.052545155993431854,0.096880131362889976,0.99707804690503654,0.99876970396001541,0.74502114571318723,1
F2 m=0 r=5%,surface_wape,15,19,285,3,15–20%,30,609,0.049261083743842367,0.14942528735632182,0.9831603229527105,0.61737793156478282,0.35040369088811996,1
F2 m=0 r=5%,surface_wape,15,19,285,4,≥20%,391,609,0.64203612479474548,0.19868637110016418,0.73933102652825844,0.088581314878892731,0.15086505190311419,1
F2 m=0 r=5%,surface_wape,15,19,285,5,not lit,97,609,0.15927750410509031,0.84072249589490966,0.55000000000000004,0.55000000000000004,0.55000000000000004,1
F2 m=0 r=5%,surface_wape,15,20,300,0,0–5%,48,1781,0.02695115103874228,0,0.047981545559400242,0.49642445213379471,0.26182237600922725,1
F2 m=0 r=5%,surface_wape,15,20,300,1,5–10%,82,1781,0.046041549691184729,0.02695115103874228,0.5870049980776626,0.82299115724721261,0.40868896578239144,1
F2 m=0 r=5%,surface_wape,15,20,300,2,10–15%,77,1781,0.043234138124649074,0.072992700729927001,0.99707804690503654,0.99876970396001541,0.74502114571318723,1
F2 m=0 r=5%,surface_wape,15,20,300,3,15–20%,68,1781,0.038180797304884898,0.11622683885457608,0.9831603229527105,0.61737793156478282,0.35040369088811996,1
F2 m=0 r=5%,surface_wape,15,20,300,4,≥20%,1043,1781,0.58562605277933744,0.15440763615946096,0.73933102652825844,0.088581314878892731,0.15086505190311419,1
F2 m=0 r=5%,surface_wape,15,20,300,5,not lit,463,1781,0.25996631106120155,0.7400336889387984,0.55000000000000004,0.55000000000000004,0.55000000000000004,1
F2 m=0 r=5%,surface_wape,15,21,315,0,0–5%,13,190,0.068421052631578952,0,0.047981545559400242,0.49642445213379471,0.26182237600922725,1
F2 m=0 r=5%,surface_wape,15,21,315,1,5–10%,5,190,0.026315789473684209,0.068421052631578952,0.5870049980776626,0.82299115724721261,0.40868896578239144,1
F2 m=0 r=5%,surface_wape,15,21,315,2,10–15%,7,190,0.036842105263157891,0.094736842105263161,0.99707804690503654,0.99876970396001541,0.74502114571318723,1
F2 m=0 r=5%,surface_wape,15,21,315,3,15–20%,14,190,0.073684210526315783,0.13157894736842105,0.9831603229527105,0.61737793156478282,0.35040369088811996,1
F2 m=0 r=5%,surface_wape,15,21,315,4,≥20%,127,190,0.66842105263157892,0.20526315789473681,0.73933102652825844,0.088581314878892731,0.15086505190311419,1
F2 m=0 r=5%,surface_wape,15,21,315,5,not lit,24,190,0.12631578947368421,0.87368421052631573,0.55000000000000004,0.55000000000000004,0.55000000000000004,1
F2 m=0 r=5%,surface_wape,15,22,330,0,0–5%,13,442,0.029411764705882353,0,0.047981545559400242,0.49642445213379471,0.26182237600922725,1
F2 m=0 r=5%,surface_wape,15,22,330,1,5–10%,14,442,0.031674208144796379,0.029411764705882353,0.5870049980776626,0.82299115724721261,0.40868896578239144,1
F2 m=0 r=5%,surface_wape,15,22,330,2,10–15%,24,442,0.054298642533936653,0.061085972850678731,0.99707804690503654,0.99876970396001541,0.74502114571318723,1
F2 m=0 r=5%,surface_wape,15,22,330,3,15–20%,21,442,0.047511312217194568,0.11538461538461539,0.9831603229527105,0.61737793156478282,0.35040369088811996,1
F2 m=0 r=5%,surface_wape,15,22,330,4,≥20%,275,442,0.62217194570135748,0.16289592760180996,0.73933102652825844,0.088581314878892731,0.15086505190311419,1
F2 m=0 r=5%,surface_wape,15,22,330,5,not lit,95,442,0.21493212669683259,0.78506787330316741,0.55000000000000004,0.55000000000000004,0.55000000000000004,1
F2 m=0 r=5%,surface_wape,15,23,345,0,0–5%,38,924,0.041125541125541128,0,0.047981545559400242,0.49642445213379471,0.26182237600922725,1
F2 m=0 r=5%,surface_wape,15,23,345,1,5–10%,32,924,0.034632034632034632,0.041125541125541128,0.5870049980776626,0.82299115724721261,0.40868896578239144,1
F2 m=0 r=5%,surface_wape,15,23,345,2,10–15%,33,924,0.035714285714285712,0.07575757575757576,0.99707804690503654,0.99876970396001541,0.74502114571318723,1
F2 m=0 r=5%,surface_wape,15,23,345,3,15–20%,44,924,0.047619047619047616,0.11147186147186147,0.9831603229527105,0.61737793156478282,0.35040369088811996,1
F2 m=0 r=5%,surface_wape,15,23,345,4,≥20%,572,924,0.61904761904761907,0.15909090909090909,0.73933102652825844,0.088581314878892731,0.15086505190311419,1
F2 m=0 r=5%,surface_wape,15,23,345,5,not lit,205,924,0.22186147186147187,0.77813852813852813,0.55000000000000004,0.55000000000000004,0.55000000000000004,1
F2 m=0 r=5%,surface_wape,30,0,0,0,0–5%,15,290,0.051724137931034482,0,0.047981545559400242,0.49642445213379471,0.26182237600922725,1
F2 m=0 r=5%,surface_wape,30,0,0,1,5–10%,7,290,0.024137931034482758,0.051724137931034482,0.5870049980776626,0.82299115724721261,0.40868896578239144,1
F2 m=0 r=5%,surface_wape,30,0,0,2,10–15%,7,290,0.024137931034482758,0.07586206896551724,0.99707804690503654,0.99876970396001541,0.74502114571318723,1
F2 m=0 r=5%,surface_wape,30,0,0,3,15–20%,15,290,0.051724137931034482,0.10000000000000001,0.9831603229527105,0.61737793156478282,0.35040369088811996,1
F2 m=0 r=5%,surface_wape,30,0,0,4,≥20%,187,290,0.64482758620689651,0.15172413793103448,0.73933102652825844,0.088581314878892731,0.15086505190311419,1
F2 m=0 r=5%,surface_wape,30,0,0,5,not lit,59,290,0.20344827586206896,0.79655172413793096,0.55000000000000004,0.55000000000000004,0.55000000000000004,1
F2 m=0 r=5%,surface_wape,30,1,15,0,0–5%,21,637,0.032967032967032968,0,0.047981545559400242,0.49642445213379471,0.26182237600922725,1
F2 m=0 r=5%,surface_wape,30,1,15,1,5–10%,31,637,0.048665620094191522,0.032967032967032968,0.5870049980776626,0.82299115724721261,0.40868896578239144,1
F2 m=0 r=5%,surface_wape,30,1,15,2,10–15%,25,637,0.03924646781789639,0.081632653061224497,0.99707804690503654,0.99876970396001541,0.74502114571318723,1
F2 m=0 r=5%,surface_wape,30,1,15,3,15–20%,31,637,0.048665620094191522,0.12087912087912089,0.9831603229527105,0.61737793156478282,0.35040369088811996,1
F2 m=0 r=5%,surface_wape,30,1,15,4,≥20%,438,637,0.68759811616954469,0.1695447409733124,0.73933102652825844,0.088581314878892731,0.15086505190311419,1
F2 m=0 r=5%,surface_wape,30,1,15,5,not lit,91,637,0.14285714285714285,0.8571428571428571,0.55000000000000004,0.55000000000000004,0.55000000000000004,1
F2 m=0 r=5%,surface_wape,30,2,30,0,0–5%,93,1703,0.054609512624779803,0,0.047981545559400242,0.49642445213379471,0.26182237600922725,1
F2 m=0 r=5%,surface_wape,30,2,30,1,5–10%,99,1703,0.058132706987668821,0.054609512624779803,0.5870049980776626,0.82299115724721261,0.40868896578239144,1
F2 m=0 r=5%,surface_wape,30,2,30,2,10–15%,82,1703,0.048150322959483266,0.11274221961244862,0.99707804690503654,0.99876970396001541,0.74502114571318723,1
F2 m=0 r=5%,surface_wape,30,2,30,3,15–20%,102,1703,0.05989430416911333,0.16089254257193189,0.9831603229527105,0.61737793156478282,0.35040369088811996,1
F2 m=0 r=5%,surface_wape,30,2,30,4,≥20%,993,1703,0.58308866705813267,0.22078684674104521,0.73933102652825844,0.088581314878892731,0.15086505190311419,1
F2 m=0 r=5%,surface_wape,30,2,30,5,not lit,334,1703,0.19612448620082207,0.80387551379917788,0.55000000000000004,0.55000000000000004,0.55000000000000004,1
F2 m=0 r=5%,surface_wape,30,3,45,0,0–5%,12,187,0.064171122994652413,0,0.047981545559400242,0.49642445213379471,0.26182237600922725,1
F2 m=0 r=5%,surface_wape,30,3,45,1,5–10%,16,187,0.085561497326203204,0.064171122994652413,0.5870049980776626,0.82299115724721261,0.40868896578239144,1
F2 m=0 r=5%,surface_wape,30,3,45,2,10–15%,13,187,0.069518716577540107,0.1497326203208556,0.99707804690503654,0.99876970396001541,0.74502114571318723,1
F2 m=0 r=5%,surface_wape,30,3,45,3,15–20%,10,187,0.053475935828877004,0.21925133689839571,0.9831603229527105,0.61737793156478282,0.35040369088811996,1
F2 m=0 r=5%,surface_wape,30,3,45,4,≥20%,108,187,0.57754010695187163,0.27272727272727271,0.73933102652825844,0.088581314878892731,0.15086505190311419,1
F2 m=0 r=5%,surface_wape,30,3,45,5,not lit,28,187,0.1497326203208556,0.85026737967914434,0.55000000000000004,0.55000000000000004,0.55000000000000004,1
F2 m=0 r=5%,surface_wape,30,4,60,0,0–5%,18,412,0.043689320388349516,0,0.047981545559400242,0.49642445213379471,0.26182237600922725,1
F2 m=0 r=5%,surface_wape,30,4,60,1,5–10%,33,412,0.080097087378640783,0.043689320388349516,0.5870049980776626,0.82299115724721261,0.40868896578239144,1
F2 m=0 r=5%,surface_wape,30,4,60,2,10–15%,34,412,0.082524271844660199,0.12378640776699029,0.99707804690503654,0.99876970396001541,0.74502114571318723,1
F2 m=0 r=5%,surface_wape,30,4,60,3,15–20%,21,412,0.050970873786407765,0.2063106796116505,0.9831603229527105,0.61737793156478282,0.35040369088811996,1
F2 m=0 r=5%,surface_wape,30,4,60,4,≥20%,250,412,0.60679611650485432,0.25728155339805825,0.73933102652825844,0.088581314878892731,0.15086505190311419,1
F2 m=0 r=5%,surface_wape,30,4,60,5,not lit,56,412,0.13592233009708737,0.86407766990291257,0.55000000000000004,0.55000000000000004,0.55000000000000004,1
F2 m=0 r=5%,surface_wape,30,5,75,0,0–5%,31,826,0.037530266343825669,0,0.047981545559400242,0.49642445213379471,0.26182237600922725,1
F2 m=0 r=5%,surface_wape,30,5,75,1,5–10%,41,826,0.049636803874092007,0.037530266343825669,0.5870049980776626,0.82299115724721261,0.40868896578239144,1
F2 m=0 r=5%,surface_wape,30,5,75,2,10–15%,53,826,0.064164648910411626,0.087167070217917669,0.99707804690503654,0.99876970396001541,0.74502114571318723,1
F2 m=0 r=5%,surface_wape,30,5,75,3,15–20%,33,826,0.039951573849878935,0.1513317191283293,0.9831603229527105,0.61737793156478282,0.35040369088811996,1
F2 m=0 r=5%,surface_wape,30,5,75,4,≥20%,584,826,0.70702179176755453,0.19128329297820823,0.73933102652825844,0.088581314878892731,0.15086505190311419,1
F2 m=0 r=5%,surface_wape,30,5,75,5,not lit,84,826,0.10169491525423729,0.89830508474576276,0.55000000000000004,0.55000000000000004,0.55000000000000004,1
F2 m=0 r=5%,surface_wape,30,6,90,0,0–5%,7,286,0.024475524475524476,0,0.047981545559400242,0.49642445213379471,0.26182237600922725,1
F2 m=0 r=5%,surface_wape,30,6,90,1,5–10%,12,286,0.04195804195804196,0.024475524475524476,0.5870049980776626,0.82299115724721261,0.40868896578239144,1
F2 m=0 r=5%,surface_wape,30,6,90,2,10–15%,17,286,0.05944055944055944,0.066433566433566432,0.99707804690503654,0.99876970396001541,0.74502114571318723,1
F2 m=0 r=5%,surface_wape,30,6,90,3,15–20%,13,286,0.045454545454545456,0.12587412587412589,0.9831603229527105,0.61737793156478282,0.35040369088811996,1
F2 m=0 r=5%,surface_wape,30,6,90,4,≥20%,201,286,0.70279720279720281,0.17132867132867136,0.73933102652825844,0.088581314878892731,0.15086505190311419,1
F2 m=0 r=5%,surface_wape,30,6,90,5,not lit,36,286,0.12587412587412589,0.87412587412587417,0.55000000000000004,0.55000000000000004,0.55000000000000004,1
F2 m=0 r=5%,surface_wape,30,7,105,0,0–5%,20,611,0.032733224222585927,0,0.047981545559400242,0.49642445213379471,0.26182237600922725,1
F2 m=0 r=5%,surface_wape,30,7,105,1,5–10%,18,611,0.029459901800327332,0.032733224222585927,0.5870049980776626,0.82299115724721261,0.40868896578239144,1
F2 m=0 r=5%,surface_wape,30,7,105,2,10–15%,31,611,0.050736497545008183,0.062193126022913256,0.99707804690503654,0.99876970396001541,0.74502114571318723,1
F2 m=0 r=5%,surface_wape,30,7,105,3,15–20%,30,611,0.049099836333878884,0.11292962356792144,0.9831603229527105,0.61737793156478282,0.35040369088811996,1
F2 m=0 r=5%,surface_wape,30,7,105,4,≥20%,390,611,0.63829787234042556,0.16202945990180032,0.73933102652825844,0.088581314878892731,0.15086505190311419,1
F2 m=0 r=5%,surface_wape,30,7,105,5,not lit,122,611,0.19967266775777415,0.80032733224222585,0.55000000000000004,0.55000000000000004,0.55000000000000004,1
F2 m=0 r=5%,surface_wape,30,8,120,0,0–5%,53,1778,0.029808773903262094,0,0.047981545559400242,0.49642445213379471,0.26182237600922725,1
F2 m=0 r=5%,surface_wape,30,8,120,1,5–10%,54,1778,0.030371203599550055,0.029808773903262094,0.5870049980776626,0.82299115724721261,0.40868896578239144,1
F2 m=0 r=5%,surface_wape,30,8,120,2,10–15%,65,1778,0.036557930258717661,0.060179977502812149,0.99707804690503654,0.99876970396001541,0.74502114571318723,1
F2 m=0 r=5%,surface_wape,30,8,120,3,15–20%,63,1778,0.035433070866141732,0.096737907761529809,0.9831603229527105,0.61737793156478282,0.35040369088811996,1
F2 m=0 r=5%,surface_wape,30,8,120,4,≥20%,1043,1778,0.58661417322834641,0.13217097862767155,0.73933102652825844,0.088581314878892731,0.15086505190311419,1
F2 m=0 r=5%,surface_wape,30,8,120,5,not lit,500,1778,0.28121484814398201,0.71878515185601799,0.55000000000000004,0.55000000000000004,0.55000000000000004,1
F2 m=0 r=5%,surface_wape,30,9,135,0,0–5%,4,188,0.021276595744680851,0,0.047981545559400242,0.49642445213379471,0.26182237600922725,1
F2 m=0 r=5%,surface_wape,30,9,135,1,5–10%,5,188,0.026595744680851064,0.021276595744680851,0.5870049980776626,0.82299115724721261,0.40868896578239144,1
F2 m=0 r=5%,surface_wape,30,9,135,2,10–15%,9,188,0.047872340425531915,0.047872340425531915,0.99707804690503654,0.99876970396001541,0.74502114571318723,1
F2 m=0 r=5%,surface_wape,30,9,135,3,15–20%,12,188,0.063829787234042548,0.095744680851063829,0.9831603229527105,0.61737793156478282,0.35040369088811996,1
F2 m=0 r=5%,surface_wape,30,9,135,4,≥20%,121,188,0.6436170212765957,0.15957446808510639,0.73933102652825844,0.088581314878892731,0.15086505190311419,1
F2 m=0 r=5%,surface_wape,30,9,135,5,not lit,37,188,0.19680851063829788,0.80319148936170204,0.55000000000000004,0.55000000000000004,0.55000000000000004,1
F2 m=0 r=5%,surface_wape,30,10,150,0,0–5%,11,456,0.024122807017543858,0,0.047981545559400242,0.49642445213379471,0.26182237600922725,1
F2 m=0 r=5%,surface_wape,30,10,150,1,5–10%,10,456,0.021929824561403508,0.024122807017543858,0.5870049980776626,0.82299115724721261,0.40868896578239144,1
F2 m=0 r=5%,surface_wape,30,10,150,2,10–15%,20,456,0.043859649122807015,0.046052631578947366,0.99707804690503654,0.99876970396001541,0.74502114571318723,1
F2 m=0 r=5%,surface_wape,30,10,150,3,15–20%,21,456,0.046052631578947366,0.089912280701754388,0.9831603229527105,0.61737793156478282,0.35040369088811996,1
F2 m=0 r=5%,surface_wape,30,10,150,4,≥20%,297,456,0.65131578947368418,0.13596491228070176,0.73933102652825844,0.088581314878892731,0.15086505190311419,1
F2 m=0 r=5%,surface_wape,30,10,150,5,not lit,97,456,0.21271929824561403,0.78728070175438591,0.55000000000000004,0.55000000000000004,0.55000000000000004,1
F2 m=0 r=5%,surface_wape,30,11,165,0,0–5%,33,907,0.036383682469680267,0,0.047981545559400242,0.49642445213379471,0.26182237600922725,1
F2 m=0 r=5%,surface_wape,30,11,165,1,5–10%,39,907,0.042998897464167588,0.036383682469680267,0.5870049980776626,0.82299115724721261,0.40868896578239144,1
F2 m=0 r=5%,surface_wape,30,11,165,2,10–15%,35,907,0.038588754134509372,0.079382579933847855,0.99707804690503654,0.99876970396001541,0.74502114571318723,1
F2 m=0 r=5%,surface_wape,30,11,165,3,15–20%,30,907,0.033076074972436607,0.11797133406835722,0.9831603229527105,0.61737793156478282,0.35040369088811996,1
F2 m=0 r=5%,surface_wape,30,11,165,4,≥20%,570,907,0.62844542447629548,0.15104740904079383,0.73933102652825844,0.088581314878892731,0.15086505190311419,1
F2 m=0 r=5%,surface_wape,30,11,165,5,not lit,200,907,0.22050716648291069,0.77949283351708931,0.55000000000000004,0.55000000000000004,0.55000000000000004,1
F2 m=0 r=5%,surface_wape,30,12,180,0,0–5%,6,276,0.021739130434782608,0,0.047981545559400242,0.49642445213379471,0.26182237600922725,1
F2 m=0 r=5%,surface_wape,30,12,180,1,5–10%,10,276,0.036231884057971016,0.021739130434782608,0.5870049980776626,0.82299115724721261,0.40868896578239144,1
F2 m=0 r=5%,surface_wape,30,12,180,2,10–15%,8,276,0.028985507246376812,0.057971014492753624,0.99707804690503654,0.99876970396001541,0.74502114571318723,1
F2 m=0 r=5%,surface_wape,30,12,180,3,15–20%,16,276,0.057971014492753624,0.086956521739130432,0.9831603229527105,0.61737793156478282,0.35040369088811996,1
F2 m=0 r=5%,surface_wape,30,12,180,4,≥20%,186,276,0.67391304347826086,0.14492753623188406,0.73933102652825844,0.088581314878892731,0.15086505190311419,1
F2 m=0 r=5%,surface_wape,30,12,180,5,not lit,50,276,0.18115942028985507,0.8188405797101449,0.55000000000000004,0.55000000000000004,0.55000000000000004,1
F2 m=0 r=5%,surface_wape,30,13,195,0,0–5%,15,610,0.024590163934426229,0,0.047981545559400242,0.49642445213379471,0.26182237600922725,1
F2 m=0 r=5%,surface_wape,30,13,195,1,5–10%,32,610,0.052459016393442623,0.024590163934426229,0.5870049980776626,0.82299115724721261,0.40868896578239144,1
F2 m=0 r=5%,surface_wape,30,13,195,2,10–15%,30,610,0.049180327868852458,0.077049180327868852,0.99707804690503654,0.99876970396001541,0.74502114571318723,1
F2 m=0 r=5%,surface_wape,30,13,195,3,15–20%,26,610,0.042622950819672129,0.1262295081967213,0.9831603229527105,0.61737793156478282,0.35040369088811996,1
F2 m=0 r=5%,surface_wape,30,13,195,4,≥20%,406,610,0.66557377049180333,0.16885245901639342,0.73933102652825844,0.088581314878892731,0.15086505190311419,1
F2 m=0 r=5%,surface_wape,30,13,195,5,not lit,101,610,0.16557377049180327,0.83442622950819678,0.55000000000000004,0.55000000000000004,0.55000000000000004,1
F2 m=0 r=5%,surface_wape,30,14,210,0,0–5%,70,1679,0.04169148302561048,0,0.047981545559400242,0.49642445213379471,0.26182237600922725,1
F2 m=0 r=5%,surface_wape,30,14,210,1,5–10%,93,1679,0.055390113162596781,0.04169148302561048,0.5870049980776626,0.82299115724721261,0.40868896578239144,1
F2 m=0 r=5%,surface_wape,30,14,210,2,10–15%,113,1679,0.067301965455628346,0.097081596188207261,0.99707804690503654,0.99876970396001541,0.74502114571318723,1
F2 m=0 r=5%,surface_wape,30,14,210,3,15–20%,91,1679,0.054198927933293624,0.16438356164383561,0.9831603229527105,0.61737793156478282,0.35040369088811996,1
F2 m=0 r=5%,surface_wape,30,14,210,4,≥20%,1032,1679,0.61465157832042883,0.21858248957712922,0.73933102652825844,0.088581314878892731,0.15086505190311419,1
F2 m=0 r=5%,surface_wape,30,14,210,5,not lit,280,1679,0.16676593210244192,0.83323406789755805,0.55000000000000004,0.55000000000000004,0.55000000000000004,1
F2 m=0 r=5%,surface_wape,30,15,225,0,0–5%,7,197,0.03553299492385787,0,0.047981545559400242,0.49642445213379471,0.26182237600922725,1
F2 m=0 r=5%,surface_wape,30,15,225,1,5–10%,16,197,0.081218274111675121,0.03553299492385787,0.5870049980776626,0.82299115724721261,0.40868896578239144,1
F2 m=0 r=5%,surface_wape,30,15,225,2,10–15%,16,197,0.081218274111675121,0.11675126903553298,0.99707804690503654,0.99876970396001541,0.74502114571318723,1
F2 m=0 r=5%,surface_wape,30,15,225,3,15–20%,14,197,0.071065989847715741,0.1979695431472081,0.9831603229527105,0.61737793156478282,0.35040369088811996,1
F2 m=0 r=5%,surface_wape,30,15,225,4,≥20%,126,197,0.63959390862944165,0.26903553299492383,0.73933102652825844,0.088581314878892731,0.15086505190311419,1
F2 m=0 r=5%,surface_wape,30,15,225,5,not lit,18,197,0.091370558375634514,0.90862944162436543,0.55000000000000004,0.55000000000000004,0.55000000000000004,1
F2 m=0 r=5%,surface_wape,30,16,240,0,0–5%,19,407,0.046683046683046681,0,0.047981545559400242,0.49642445213379471,0.26182237600922725,1
F2 m=0 r=5%,surface_wape,30,16,240,1,5–10%,15,407,0.036855036855036855,0.046683046683046681,0.5870049980776626,0.82299115724721261,0.40868896578239144,1
F2 m=0 r=5%,surface_wape,30,16,240,2,10–15%,25,407,0.061425061425061427,0.083538083538083535,0.99707804690503654,0.99876970396001541,0.74502114571318723,1
F2 m=0 r=5%,surface_wape,30,16,240,3,15–20%,15,407,0.036855036855036855,0.14496314496314497,0.9831603229527105,0.61737793156478282,0.35040369088811996,1
F2 m=0 r=5%,surface_wape,30,16,240,4,≥20%,289,407,0.71007371007371012,0.18181818181818182,0.73933102652825844,0.088581314878892731,0.15086505190311419,1
F2 m=0 r=5%,surface_wape,30,16,240,5,not lit,44,407,0.10810810810810811,0.89189189189189189,0.55000000000000004,0.55000000000000004,0.55000000000000004,1
F2 m=0 r=5%,surface_wape,30,17,255,0,0–5%,41,815,0.05030674846625767,0,0.047981545559400242,0.49642445213379471,0.26182237600922725,1
F2 m=0 r=5%,surface_wape,30,17,255,1,5–10%,27,815,0.033128834355828224,0.05030674846625767,0.5870049980776626,0.82299115724721261,0.40868896578239144,1
F2 m=0 r=5%,surface_wape,30,17,255,2,10–15%,53,815,0.065030674846625766,0.083435582822085894,0.99707804690503654,0.99876970396001541,0.74502114571318723,1
F2 m=0 r=5%,surface_wape,30,17,255,3,15–20%,44,815,0.053987730061349694,0.14846625766871166,0.9831603229527105,0.61737793156478282,0.35040369088811996,1
F2 m=0 r=5%,surface_wape,30,17,255,4,≥20%,561,815,0.68834355828220861,0.20245398773006135,0.73933102652825844,0.088581314878892731,0.15086505190311419,1
F2 m=0 r=5%,surface_wape,30,17,255,5,not lit,89,815,0.10920245398773006,0.8907975460122699,0.55000000000000004,0.55000000000000004,0.55000000000000004,1
F2 m=0 r=5%,surface_wape,30,18,270,0,0–5%,9,265,0.033962264150943396,0,0.047981545559400242,0.49642445213379471,0.26182237600922725,1
F2 m=0 r=5%,surface_wape,30,18,270,1,5–10%,11,265,0.041509433962264149,0.033962264150943396,0.5870049980776626,0.82299115724721261,0.40868896578239144,1
F2 m=0 r=5%,surface_wape,30,18,270,2,10–15%,16,265,0.060377358490566038,0.075471698113207544,0.99707804690503654,0.99876970396001541,0.74502114571318723,1
F2 m=0 r=5%,surface_wape,30,18,270,3,15–20%,8,265,0.030188679245283019,0.13584905660377358,0.9831603229527105,0.61737793156478282,0.35040369088811996,1
F2 m=0 r=5%,surface_wape,30,18,270,4,≥20%,190,265,0.71698113207547165,0.16603773584905659,0.73933102652825844,0.088581314878892731,0.15086505190311419,1
F2 m=0 r=5%,surface_wape,30,18,270,5,not lit,31,265,0.1169811320754717,0.88301886792452822,0.55000000000000004,0.55000000000000004,0.55000000000000004,1
F2 m=0 r=5%,surface_wape,30,19,285,0,0–5%,27,609,0.044334975369458129,0,0.047981545559400242,0.49642445213379471,0.26182237600922725,1
F2 m=0 r=5%,surface_wape,30,19,285,1,5–10%,30,609,0.049261083743842367,0.044334975369458129,0.5870049980776626,0.82299115724721261,0.40868896578239144,1
F2 m=0 r=5%,surface_wape,30,19,285,2,10–15%,27,609,0.044334975369458129,0.093596059113300489,0.99707804690503654,0.99876970396001541,0.74502114571318723,1
F2 m=0 r=5%,surface_wape,30,19,285,3,15–20%,25,609,0.041050903119868636,0.13793103448275862,0.9831603229527105,0.61737793156478282,0.35040369088811996,1
F2 m=0 r=5%,surface_wape,30,19,285,4,≥20%,396,609,0.65024630541871919,0.17898193760262726,0.73933102652825844,0.088581314878892731,0.15086505190311419,1
F2 m=0 r=5%,surface_wape,30,19,285,5,not lit,104,609,0.17077175697865354,0.82922824302134646,0.55000000000000004,0.55000000000000004,0.55000000000000004,1
F2 m=0 r=5%,surface_wape,30,20,300,0,0–5%,48,1781,0.02695115103874228,0,0.047981545559400242,0.49642445213379471,0.26182237600922725,1
F2 m=0 r=5%,surface_wape,30,20,300,1,5–10%,81,1781,0.045480067377877596,0.02695115103874228,0.5870049980776626,0.82299115724721261,0.40868896578239144,1
F2 m=0 r=5%,surface_wape,30,20,300,2,10–15%,69,1781,0.03874227961819203,0.072431218416619869,0.99707804690503654,0.99876970396001541,0.74502114571318723,1
F2 m=0 r=5%,surface_wape,30,20,300,3,15–20%,68,1781,0.038180797304884898,0.1111734980348119,0.9831603229527105,0.61737793156478282,0.35040369088811996,1
F2 m=0 r=5%,surface_wape,30,20,300,4,≥20%,1030,1781,0.57832678270634474,0.1493542953396968,0.73933102652825844,0.088581314878892731,0.15086505190311419,1
F2 m=0 r=5%,surface_wape,30,20,300,5,not lit,485,1781,0.27231892195395846,0.72768107804604154,0.55000000000000004,0.55000000000000004,0.55000000000000004,1
F2 m=0 r=5%,surface_wape,30,21,315,0,0–5%,12,190,0.063157894736842107,0,0.047981545559400242,0.49642445213379471,0.26182237600922725,1
F2 m=0 r=5%,surface_wape,30,21,315,1,5–10%,6,190,0.031578947368421054,0.063157894736842107,0.5870049980776626,0.82299115724721261,0.40868896578239144,1
F2 m=0 r=5%,surface_wape,30,21,315,2,10–15%,1,190,0.005263157894736842,0.094736842105263161,0.99707804690503654,0.99876970396001541,0.74502114571318723,1
F2 m=0 r=5%,surface_wape,30,21,315,3,15–20%,11,190,0.057894736842105263,0.10000000000000001,0.9831603229527105,0.61737793156478282,0.35040369088811996,1
F2 m=0 r=5%,surface_wape,30,21,315,4,≥20%,134,190,0.70526315789473681,0.15789473684210525,0.73933102652825844,0.088581314878892731,0.15086505190311419,1
F2 m=0 r=5%,surface_wape,30,21,315,5,not lit,26,190,0.1368421052631579,0.86315789473684212,0.55000000000000004,0.55000000000000004,0.55000000000000004,1
F2 m=0 r=5%,surface_wape,30,22,330,0,0–5%,7,442,0.015837104072398189,0,0.047981545559400242,0.49642445213379471,0.26182237600922725,1
F2 m=0 r=5%,surface_wape,30,22,330,1,5–10%,14,442,0.031674208144796379,0.015837104072398189,0.5870049980776626,0.82299115724721261,0.40868896578239144,1
F2 m=0 r=5%,surface_wape,30,22,330,2,10–15%,17,442,0.038461538461538464,0.047511312217194568,0.99707804690503654,0.99876970396001541,0.74502114571318723,1
F2 m=0 r=5%,surface_wape,30,22,330,3,15–20%,19,442,0.042986425339366516,0.085972850678733032,0.9831603229527105,0.61737793156478282,0.35040369088811996,1
F2 m=0 r=5%,surface_wape,30,22,330,4,≥20%,285,442,0.64479638009049778,0.12895927601809953,0.73933102652825844,0.088581314878892731,0.15086505190311419,1
F2 m=0 r=5%,surface_wape,30,22,330,5,not lit,100,442,0.22624434389140272,0.77375565610859731,0.55000000000000004,0.55000000000000004,0.55000000000000004,1
F2 m=0 r=5%,surface_wape,30,23,345,0,0–5%,32,924,0.034632034632034632,0,0.047981545559400242,0.49642445213379471,0.26182237600922725,1
F2 m=0 r=5%,surface_wape,30,23,345,1,5–10%,20,924,0.021645021645021644,0.034632034632034632,0.5870049980776626,0.82299115724721261,0.40868896578239144,1
F2 m=0 r=5%,surface_wape,30,23,345,2,10–15%,28,924,0.030303030303030304,0.056277056277056273,0.99707804690503654,0.99876970396001541,0.74502114571318723,1
F2 m=0 r=5%,surface_wape,30,23,345,3,15–20%,33,924,0.035714285714285712,0.086580086580086577,0.9831603229527105,0.61737793156478282,0.35040369088811996,1
F2 m=0 r=5%,surface_wape,30,23,345,4,≥20%,585,924,0.63311688311688308,0.12229437229437229,0.73933102652825844,0.088581314878892731,0.15086505190311419,1
F2 m=0 r=5%,surface_wape,30,23,345,5,not lit,226,924,0.24458874458874458,0.75541125541125531,0.55000000000000004,0.55000000000000004,0.55000000000000004,1
F2 m=0 r=5%,surface_wape,45,0,0,0,0–5%,12,290,0.041379310344827586,0,0.047981545559400242,0.49642445213379471,0.26182237600922725,1
F2 m=0 r=5%,surface_wape,45,0,0,1,5–10%,5,290,0.017241379310344827,0.041379310344827586,0.5870049980776626,0.82299115724721261,0.40868896578239144,1
F2 m=0 r=5%,surface_wape,45,0,0,2,10–15%,5,290,0.017241379310344827,0.058620689655172413,0.99707804690503654,0.99876970396001541,0.74502114571318723,1
F2 m=0 r=5%,surface_wape,45,0,0,3,15–20%,13,290,0.044827586206896551,0.07586206896551724,0.9831603229527105,0.61737793156478282,0.35040369088811996,1
F2 m=0 r=5%,surface_wape,45,0,0,4,≥20%,175,290,0.60344827586206895,0.12068965517241378,0.73933102652825844,0.088581314878892731,0.15086505190311419,1
F2 m=0 r=5%,surface_wape,45,0,0,5,not lit,80,290,0.27586206896551724,0.72413793103448276,0.55000000000000004,0.55000000000000004,0.55000000000000004,1
F2 m=0 r=5%,surface_wape,45,1,15,0,0–5%,16,637,0.025117739403453691,0,0.047981545559400242,0.49642445213379471,0.26182237600922725,1
F2 m=0 r=5%,surface_wape,45,1,15,1,5–10%,23,637,0.036106750392464679,0.025117739403453691,0.5870049980776626,0.82299115724721261,0.40868896578239144,1
F2 m=0 r=5%,surface_wape,45,1,15,2,10–15%,20,637,0.031397174254317109,0.061224489795918366,0.99707804690503654,0.99876970396001541,0.74502114571318723,1
F2 m=0 r=5%,surface_wape,45,1,15,3,15–20%,19,637,0.029827315541601257,0.092621664050235475,0.9831603229527105,0.61737793156478282,0.35040369088811996,1
F2 m=0 r=5%,surface_wape,45,1,15,4,≥20%,433,637,0.67974882260596547,0.12244897959183673,0.73933102652825844,0.088581314878892731,0.15086505190311419,1
F2 m=0 r=5%,surface_wape,45,1,15,5,not lit,126,637,0.19780219780219779,0.80219780219780223,0.55000000000000004,0.55000000000000004,0.55000000000000004,1
F2 m=0 r=5%,surface_wape,45,2,30,0,0–5%,77,1703,0.045214327657075747,0,0.047981545559400242,0.49642445213379471,0.26182237600922725,1
F2 m=0 r=5%,surface_wape,45,2,30,1,5–10%,78,1703,0.045801526717557252,0.045214327657075747,0.5870049980776626,0.82299115724721261,0.40868896578239144,1
F2 m=0 r=5%,surface_wape,45,2,30,2,10–15%,76,1703,0.044627128596594248,0.091015854374632998,0.99707804690503654,0.99876970396001541,0.74502114571318723,1
F2 m=0 r=5%,surface_wape,45,2,30,3,15–20%,90,1703,0.052847915443335287,0.13564298297122723,0.9831603229527105,0.61737793156478282,0.35040369088811996,1
F2 m=0 r=5%,surface_wape,45,2,30,4,≥20%,1016,1703,0.59659424544920725,0.18849089841456251,0.73933102652825844,0.088581314878892731,0.15086505190311419,1
F2 m=0 r=5%,surface_wape,45,2,30,5,not lit,366,1703,0.21491485613623018,0.78508514386376982,0.55000000000000004,0.55000000000000004,0.55000000000000004,1
F2 m=0 r=5%,surface_wape,45,3,45,0,0–5%,9,187,0.048128342245989303,0,0.047981545559400242,0.49642445213379471,0.26182237600922725,1
F2 m=0 r=5%,surface_wape,45,3,45,1,5–10%,14,187,0.074866310160427801,0.048128342245989303,0.5870049980776626,0.82299115724721261,0.40868896578239144,1
F2 m=0 r=5%,surface_wape,45,3,45,2,10–15%,13,187,0.069518716577540107,0.1229946524064171,0.99707804690503654,0.99876970396001541,0.74502114571318723,1
F2 m=0 r=5%,surface_wape,45,3,45,3,15–20%,10,187,0.053475935828877004,0.19251336898395721,0.9831603229527105,0.61737793156478282,0.35040369088811996,1
F2 m=0 r=5%,surface_wape,45,3,45,4,≥20%,111,187,0.5935828877005348,0.24598930481283421,0.73933102652825844,0.088581314878892731,0.15086505190311419,1
F2 m=0 r=5%,surface_wape,45,3,45,5,not lit,30,187,0.16042780748663102,0.83957219251336901,0.55000000000000004,0.55000000000000004,0.55000000000000004,1
F2 m=0 r=5%,surface_wape,45,4,60,0,0–5%,15,412,0.03640776699029126,0,0.047981545559400242,0.49642445213379471,0.26182237600922725,1
F2 m=0 r=5%,surface_wape,45,4,60,1,5–10%,28,412,0.067961165048543687,0.03640776699029126,0.5870049980776626,0.82299115724721261,0.40868896578239144,1
F2 m=0 r=5%,surface_wape,45,4,60,2,10–15%,34,412,0.082524271844660199,0.10436893203883495,0.99707804690503654,0.99876970396001541,0.74502114571318723,1
F2 m=0 r=5%,surface_wape,45,4,60,3,15–20%,18,412,0.043689320388349516,0.18689320388349515,0.9831603229527105,0.61737793156478282,0.35040369088811996,1
F2 m=0 r=5%,surface_wape,45,4,60,4,≥20%,254,412,0.61650485436893199,0.23058252427184467,0.73933102652825844,0.088581314878892731,0.15086505190311419,1
F2 m=0 r=5%,surface_wape,45,4,60,5,not lit,63,412,0.15291262135922329,0.84708737864077666,0.55000000000000004,0.55000000000000004,0.55000000000000004,1
F2 m=0 r=5%,surface_wape,45,5,75,0,0–5%,31,826,0.037530266343825669,0,0.047981545559400242,0.49642445213379471,0.26182237600922725,1
F2 m=0 r=5%,surface_wape,45,5,75,1,5–10%,34,826,0.041162227602905568,0.037530266343825669,0.5870049980776626,0.82299115724721261,0.40868896578239144,1
F2 m=0 r=5%,surface_wape,45,5,75,2,10–15%,38,826,0.046004842615012108,0.078692493946731237,0.99707804690503654,0.99876970396001541,0.74502114571318723,1
F2 m=0 r=5%,surface_wape,45,5,75,3,15–20%,35,826,0.042372881355932202,0.12469733656174334,0.9831603229527105,0.61737793156478282,0.35040369088811996,1
F2 m=0 r=5%,surface_wape,45,5,75,4,≥20%,597,826,0.72276029055690072,0.16707021791767554,0.73933102652825844,0.088581314878892731,0.15086505190311419,1
F2 m=0 r=5%,surface_wape,45,5,75,5,not lit,91,826,0.11016949152542373,0.88983050847457623,0.55000000000000004,0.55000000000000004,0.55000000000000004,1
F2 m=0 r=5%,surface_wape,45,6,90,0,0–5%,7,286,0.024475524475524476,0,0.047981545559400242,0.49642445213379471,0.26182237600922725,1
F2 m=0 r=5%,surface_wape,45,6,90,1,5–10%,9,286,0.031468531468531472,0.024475524475524476,0.5870049980776626,0.82299115724721261,0.40868896578239144,1
F2 m=0 r=5%,surface_wape,45,6,90,2,10–15%,14,286,0.048951048951048952,0.055944055944055951,0.99707804690503654,0.99876970396001541,0.74502114571318723,1
F2 m=0 r=5%,surface_wape,45,6,90,3,15–20%,10,286,0.034965034965034968,0.1048951048951049,0.9831603229527105,0.61737793156478282,0.35040369088811996,1
F2 m=0 r=5%,surface_wape,45,6,90,4,≥20%,210,286,0.73426573426573427,0.13986013986013987,0.73933102652825844,0.088581314878892731,0.15086505190311419,1
F2 m=0 r=5%,surface_wape,45,6,90,5,not lit,36,286,0.12587412587412589,0.87412587412587417,0.55000000000000004,0.55000000000000004,0.55000000000000004,1
F2 m=0 r=5%,surface_wape,45,7,105,0,0–5%,17,611,0.027823240589198037,0,0.047981545559400242,0.49642445213379471,0.26182237600922725,1
F2 m=0 r=5%,surface_wape,45,7,105,1,5–10%,15,611,0.024549918166939442,0.027823240589198037,0.5870049980776626,0.82299115724721261,0.40868896578239144,1
F2 m=0 r=5%,surface_wape,45,7,105,2,10–15%,30,611,0.049099836333878884,0.052373158756137475,0.99707804690503654,0.99876970396001541,0.74502114571318723,1
F2 m=0 r=5%,surface_wape,45,7,105,3,15–20%,22,611,0.036006546644844518,0.10147299509001637,0.9831603229527105,0.61737793156478282,0.35040369088811996,1
F2 m=0 r=5%,surface_wape,45,7,105,4,≥20%,402,611,0.65793780687397707,0.13747954173486088,0.73933102652825844,0.088581314878892731,0.15086505190311419,1
F2 m=0 r=5%,surface_wape,45,7,105,5,not lit,125,611,0.20458265139116202,0.79541734860883795,0.55000000000000004,0.55000000000000004,0.55000000000000004,1
F2 m=0 r=5%,surface_wape,45,8,120,0,0–5%,46,1778,0.025871766029246346,0,0.047981545559400242,0.49642445213379471,0.26182237600922725,1
F2 m=0 r=5%,surface_wape,45,8,120,1,5–10%,50,1778,0.0281214848143982,0.025871766029246346,0.5870049980776626,0.82299115724721261,0.40868896578239144,1
F2 m=0 r=5%,surface_wape,45,8,120,2,10–15%,54,1778,0.030371203599550055,0.05399325084364455,0.99707804690503654,0.99876970396001541,0.74502114571318723,1
F2 m=0 r=5%,surface_wape,45,8,120,3,15–20%,61,1778,0.034308211473565803,0.084364454443194598,0.9831603229527105,0.61737793156478282,0.35040369088811996,1
F2 m=0 r=5%,surface_wape,45,8,120,4,≥20%,1083,1778,0.60911136107986497,0.1186726659167604,0.73933102652825844,0.088581314878892731,0.15086505190311419,1
F2 m=0 r=5%,surface_wape,45,8,120,5,not lit,484,1778,0.27221597300337458,0.72778402699662537,0.55000000000000004,0.55000000000000004,0.55000000000000004,1
F2 m=0 r=5%,surface_wape,45,9,135,0,0–5%,4,188,0.021276595744680851,0,0.047981545559400242,0.49642445213379471,0.26182237600922725,1
F2 m=0 r=5%,surface_wape,45,9,135,1,5–10%,4,188,0.021276595744680851,0.021276595744680851,0.5870049980776626,0.82299115724721261,0.40868896578239144,1
F2 m=0 r=5%,surface_wape,45,9,135,2,10–15%,8,188,0.042553191489361701,0.042553191489361701,0.99707804690503654,0.99876970396001541,0.74502114571318723,1
F2 m=0 r=5%,surface_wape,45,9,135,3,15–20%,14,188,0.074468085106382975,0.085106382978723402,0.9831603229527105,0.61737793156478282,0.35040369088811996,1
F2 m=0 r=5%,surface_wape,45,9,135,4,≥20%,119,188,0.63297872340425532,0.15957446808510639,0.73933102652825844,0.088581314878892731,0.15086505190311419,1
F2 m=0 r=5%,surface_wape,45,9,135,5,not lit,39,188,0.20744680851063829,0.79255319148936176,0.55000000000000004,0.55000000000000004,0.55000000000000004,1
F2 m=0 r=5%,surface_wape,45,10,150,0,0–5%,9,456,0.019736842105263157,0,0.047981545559400242,0.49642445213379471,0.26182237600922725,1
F2 m=0 r=5%,surface_wape,45,10,150,1,5–10%,9,456,0.019736842105263157,0.019736842105263157,0.5870049980776626,0.82299115724721261,0.40868896578239144,1
F2 m=0 r=5%,surface_wape,45,10,150,2,10–15%,18,456,0.039473684210526314,0.039473684210526314,0.99707804690503654,0.99876970396001541,0.74502114571318723,1
F2 m=0 r=5%,surface_wape,45,10,150,3,15–20%,12,456,0.026315789473684209,0.078947368421052627,0.9831603229527105,0.61737793156478282,0.35040369088811996,1
F2 m=0 r=5%,surface_wape,45,10,150,4,≥20%,312,456,0.68421052631578949,0.10526315789473684,0.73933102652825844,0.088581314878892731,0.15086505190311419,1
F2 m=0 r=5%,surface_wape,45,10,150,5,not lit,96,456,0.21052631578947367,0.78947368421052633,0.55000000000000004,0.55000000000000004,0.55000000000000004,1
F2 m=0 r=5%,surface_wape,45,11,165,0,0–5%,31,907,0.034178610804851156,0,0.047981545559400242,0.49642445213379471,0.26182237600922725,1
F2 m=0 r=5%,surface_wape,45,11,165,1,5–10%,20,907,0.022050716648291068,0.034178610804851156,0.5870049980776626,0.82299115724721261,0.40868896578239144,1
F2 m=0 r=5%,surface_wape,45,11,165,2,10–15%,33,907,0.036383682469680267,0.056229327453142228,0.99707804690503654,0.99876970396001541,0.74502114571318723,1
F2 m=0 r=5%,surface_wape,45,11,165,3,15–20%,35,907,0.038588754134509372,0.092613009922822495,0.9831603229527105,0.61737793156478282,0.35040369088811996,1
F2 m=0 r=5%,surface_wape,45,11,165,4,≥20%,578,907,0.63726571113561192,0.13120176405733186,0.73933102652825844,0.088581314878892731,0.15086505190311419,1
F2 m=0 r=5%,surface_wape,45,11,165,5,not lit,210,907,0.23153252480705622,0.76846747519294378,0.55000000000000004,0.55000000000000004,0.55000000000000004,1
F2 m=0 r=5%,surface_wape,45,12,180,0,0–5%,2,276,0.007246376811594203,0,0.047981545559400242,0.49642445213379471,0.26182237600922725,1
F2 m=0 r=5%,surface_wape,45,12,180,1,5–10%,9,276,0.032608695652173912,0.007246376811594203,0.5870049980776626,0.82299115724721261,0.40868896578239144,1
F2 m=0 r=5%,surface_wape,45,12,180,2,10–15%,9,276,0.032608695652173912,0.039855072463768113,0.99707804690503654,0.99876970396001541,0.74502114571318723,1
F2 m=0 r=5%,surface_wape,45,12,180,3,15–20%,11,276,0.039855072463768113,0.072463768115942018,0.9831603229527105,0.61737793156478282,0.35040369088811996,1
F2 m=0 r=5%,surface_wape,45,12,180,4,≥20%,192,276,0.69565217391304346,0.11231884057971013,0.73933102652825844,0.088581314878892731,0.15086505190311419,1
F2 m=0 r=5%,surface_wape,45,12,180,5,not lit,53,276,0.19202898550724637,0.80797101449275355,0.55000000000000004,0.55000000000000004,0.55000000000000004,1
F2 m=0 r=5%,surface_wape,45,13,195,0,0–5%,10,610,0.016393442622950821,0,0.047981545559400242,0.49642445213379471,0.26182237600922725,1
F2 m=0 r=5%,surface_wape,45,13,195,1,5–10%,20,610,0.032786885245901641,0.016393442622950821,0.5870049980776626,0.82299115724721261,0.40868896578239144,1
F2 m=0 r=5%,surface_wape,45,13,195,2,10–15%,27,610,0.044262295081967211,0.049180327868852458,0.99707804690503654,0.99876970396001541,0.74502114571318723,1
F2 m=0 r=5%,surface_wape,45,13,195,3,15–20%,33,610,0.054098360655737705,0.093442622950819676,0.9831603229527105,0.61737793156478282,0.35040369088811996,1
F2 m=0 r=5%,surface_wape,45,13,195,4,≥20%,418,610,0.68524590163934429,0.14754098360655737,0.73933102652825844,0.088581314878892731,0.15086505190311419,1
F2 m=0 r=5%,surface_wape,45,13,195,5,not lit,102,610,0.16721311475409836,0.83278688524590172,0.55000000000000004,0.55000000000000004,0.55000000000000004,1
F2 m=0 r=5%,surface_wape,45,14,210,0,0–5%,59,1679,0.035139964264443123,0,0.047981545559400242,0.49642445213379471,0.26182237600922725,1
F2 m=0 r=5%,surface_wape,45,14,210,1,5–10%,81,1679,0.048243001786777845,0.035139964264443123,0.5870049980776626,0.82299115724721261,0.40868896578239144,1
F2 m=0 r=5%,surface_wape,45,14,210,2,10–15%,97,1679,0.057772483621203095,0.083382966051220975,0.99707804690503654,0.99876970396001541,0.74502114571318723,1
F2 m=0 r=5%,surface_wape,45,14,210,3,15–20%,77,1679,0.045860631328171531,0.14115544967242408,0.9831603229527105,0.61737793156478282,0.35040369088811996,1
F2 m=0 r=5%,surface_wape,45,14,210,4,≥20%,1066,1679,0.63490172721858251,0.18701608100059561,0.73933102652825844,0.088581314878892731,0.15086505190311419,1
F2 m=0 r=5%,surface_wape,45,14,210,5,not lit,299,1679,0.17808219178082191,0.82191780821917815,0.55000000000000004,0.55000000000000004,0.55000000000000004,1
F2 m=0 r=5%,surface_wape,45,15,225,0,0–5%,7,197,0.03553299492385787,0,0.047981545559400242,0.49642445213379471,0.26182237600922725,1
F2 m=0 r=5%,surface_wape,45,15,225,1,5–10%,9,197,0.045685279187817257,0.03553299492385787,0.5870049980776626,0.82299115724721261,0.40868896578239144,1
F2 m=0 r=5%,surface_wape,45,15,225,2,10–15%,17,197,0.086294416243654817,0.081218274111675121,0.99707804690503654,0.99876970396001541,0.74502114571318723,1
F2 m=0 r=5%,surface_wape,45,15,225,3,15–20%,16,197,0.081218274111675121,0.16751269035532995,0.9831603229527105,0.61737793156478282,0.35040369088811996,1
F2 m=0 r=5%,surface_wape,45,15,225,4,≥20%,129,197,0.65482233502538068,0.24873096446700507,0.73933102652825844,0.088581314878892731,0.15086505190311419,1
F2 m=0 r=5%,surface_wape,45,15,225,5,not lit,19,197,0.096446700507614211,0.90355329949238572,0.55000000000000004,0.55000000000000004,0.55000000000000004,1
F2 m=0 r=5%,surface_wape,45,16,240,0,0–5%,17,407,0.041769041769041768,0,0.047981545559400242,0.49642445213379471,0.26182237600922725,1
F2 m=0 r=5%,surface_wape,45,16,240,1,5–10%,16,407,0.039312039312039311,0.041769041769041768,0.5870049980776626,0.82299115724721261,0.40868896578239144,1
F2 m=0 r=5%,surface_wape,45,16,240,2,10–15%,18,407,0.044226044226044224,0.081081081081081086,0.99707804690503654,0.99876970396001541,0.74502114571318723,1
F2 m=0 r=5%,surface_wape,45,16,240,3,15–20%,17,407,0.041769041769041768,0.12530712530712532,0.9831603229527105,0.61737793156478282,0.35040369088811996,1
F2 m=0 r=5%,surface_wape,45,16,240,4,≥20%,291,407,0.71498771498771496,0.16707616707616707,0.73933102652825844,0.088581314878892731,0.15086505190311419,1
F2 m=0 r=5%,surface_wape,45,16,240,5,not lit,48,407,0.11793611793611794,0.88206388206388198,0.55000000000000004,0.55000000000000004,0.55000000000000004,1
F2 m=0 r=5%,surface_wape,45,17,255,0,0–5%,37,815,0.045398773006134971,0,0.047981545559400242,0.49642445213379471,0.26182237600922725,1
F2 m=0 r=5%,surface_wape,45,17,255,1,5–10%,26,815,0.031901840490797549,0.045398773006134971,0.5870049980776626,0.82299115724721261,0.40868896578239144,1
F2 m=0 r=5%,surface_wape,45,17,255,2,10–15%,35,815,0.042944785276073622,0.077300613496932513,0.99707804690503654,0.99876970396001541,0.74502114571318723,1
F2 m=0 r=5%,surface_wape,45,17,255,3,15–20%,45,815,0.055214723926380369,0.12024539877300613,0.9831603229527105,0.61737793156478282,0.35040369088811996,1
F2 m=0 r=5%,surface_wape,45,17,255,4,≥20%,579,815,0.71042944785276074,0.17546012269938649,0.73933102652825844,0.088581314878892731,0.15086505190311419,1
F2 m=0 r=5%,surface_wape,45,17,255,5,not lit,93,815,0.11411042944785275,0.88588957055214723,0.55000000000000004,0.55000000000000004,0.55000000000000004,1
F2 m=0 r=5%,surface_wape,45,18,270,0,0–5%,10,265,0.037735849056603772,0,0.047981545559400242,0.49642445213379471,0.26182237600922725,1
F2 m=0 r=5%,surface_wape,45,18,270,1,5–10%,8,265,0.030188679245283019,0.037735849056603772,0.5870049980776626,0.82299115724721261,0.40868896578239144,1
F2 m=0 r=5%,surface_wape,45,18,270,2,10–15%,13,265,0.049056603773584909,0.067924528301886791,0.99707804690503654,0.99876970396001541,0.74502114571318723,1
F2 m=0 r=5%,surface_wape,45,18,270,3,15–20%,9,265,0.033962264150943396,0.1169811320754717,0.9831603229527105,0.61737793156478282,0.35040369088811996,1
F2 m=0 r=5%,surface_wape,45,18,270,4,≥20%,190,265,0.71698113207547165,0.15094339622641509,0.73933102652825844,0.088581314878892731,0.15086505190311419,1
F2 m=0 r=5%,surface_wape,45,18,270,5,not lit,35,265,0.13207547169811321,0.86792452830188671,0.55000000000000004,0.55000000000000004,0.55000000000000004,1
F2 m=0 r=5%,surface_wape,45,19,285,0,0–5%,19,609,0.031198686371100164,0,0.047981545559400242,0.49642445213379471,0.26182237600922725,1
F2 m=0 r=5%,surface_wape,45,19,285,1,5–10%,26,609,0.042692939244663386,0.031198686371100164,0.5870049980776626,0.82299115724721261,0.40868896578239144,1
F2 m=0 r=5%,surface_wape,45,19,285,2,10–15%,30,609,0.049261083743842367,0.073891625615763554,0.99707804690503654,0.99876970396001541,0.74502114571318723,1
F2 m=0 r=5%,surface_wape,45,19,285,3,15–20%,25,609,0.041050903119868636,0.12315270935960593,0.9831603229527105,0.61737793156478282,0.35040369088811996,1
F2 m=0 r=5%,surface_wape,45,19,285,4,≥20%,403,609,0.6617405582922824,0.16420361247947457,0.73933102652825844,0.088581314878892731,0.15086505190311419,1
F2 m=0 r=5%,surface_wape,45,19,285,5,not lit,106,609,0.17405582922824303,0.82594417077175697,0.55000000000000004,0.55000000000000004,0.55000000000000004,1
F2 m=0 r=5%,surface_wape,45,20,300,0,0–5%,37,1781,0.020774845592363842,0,0.047981545559400242,0.49642445213379471,0.26182237600922725,1
F2 m=0 r=5%,surface_wape,45,20,300,1,5–10%,71,1781,0.039865244244806287,0.020774845592363842,0.5870049980776626,0.82299115724721261,0.40868896578239144,1
F2 m=0 r=5%,surface_wape,45,20,300,2,10–15%,76,1781,0.042672655811341942,0.060640089837170133,0.99707804690503654,0.99876970396001541,0.74502114571318723,1
F2 m=0 r=5%,surface_wape,45,20,300,3,15–20%,56,1781,0.031443009545199324,0.10331274564851207,0.9831603229527105,0.61737793156478282,0.35040369088811996,1
F2 m=0 r=5%,surface_wape,45,20,300,4,≥20%,982,1781,0.55137563166760251,0.13475575519371141,0.73933102652825844,0.088581314878892731,0.15086505190311419,1
F2 m=0 r=5%,surface_wape,45,20,300,5,not lit,559,1781,0.31386861313868614,0.68613138686131392,0.55000000000000004,0.55000000000000004,0.55000000000000004,1
F2 m=0 r=5%,surface_wape,45,21,315,0,0–5%,14,190,0.073684210526315783,0,0.047981545559400242,0.49642445213379471,0.26182237600922725,1
F2 m=0 r=5%,surface_wape,45,21,315,1,5–10%,3,190,0.015789473684210527,0.073684210526315783,0.5870049980776626,0.82299115724721261,0.40868896578239144,1
F2 m=0 r=5%,surface_wape,45,21,315,2,10–15%,4,190,0.021052631578947368,0.089473684210526316,0.99707804690503654,0.99876970396001541,0.74502114571318723,1
F2 m=0 r=5%,surface_wape,45,21,315,3,15–20%,6,190,0.031578947368421054,0.11052631578947368,0.9831603229527105,0.61737793156478282,0.35040369088811996,1
F2 m=0 r=5%,surface_wape,45,21,315,4,≥20%,132,190,0.69473684210526321,0.14210526315789473,0.73933102652825844,0.088581314878892731,0.15086505190311419,1
F2 m=0 r=5%,surface_wape,45,21,315,5,not lit,31,190,0.16315789473684211,0.83684210526315794,0.55000000000000004,0.55000000000000004,0.55000000000000004,1
F2 m=0 r=5%,surface_wape,45,22,330,0,0–5%,10,442,0.022624434389140271,0,0.047981545559400242,0.49642445213379471,0.26182237600922725,1
F2 m=0 r=5%,surface_wape,45,22,330,1,5–10%,7,442,0.015837104072398189,0.022624434389140271,0.5870049980776626,0.82299115724721261,0.40868896578239144,1
F2 m=0 r=5%,surface_wape,45,22,330,2,10–15%,14,442,0.031674208144796379,0.038461538461538464,0.99707804690503654,0.99876970396001541,0.74502114571318723,1
F2 m=0 r=5%,surface_wape,45,22,330,3,15–20%,11,442,0.024886877828054297,0.070135746606334842,0.9831603229527105,0.61737793156478282,0.35040369088811996,1
F2 m=0 r=5%,surface_wape,45,22,330,4,≥20%,282,442,0.63800904977375561,0.095022624434389136,0.73933102652825844,0.088581314878892731,0.15086505190311419,1
F2 m=0 r=5%,surface_wape,45,22,330,5,not lit,118,442,0.2669683257918552,0.73303167420814475,0.55000000000000004,0.55000000000000004,0.55000000000000004,1
F2 m=0 r=5%,surface_wape,45,23,345,0,0–5%,28,924,0.030303030303030304,0,0.047981545559400242,0.49642445213379471,0.26182237600922725,1
F2 m=0 r=5%,surface_wape,45,23,345,1,5–10%,9,924,0.00974025974025974,0.030303030303030304,0.5870049980776626,0.82299115724721261,0.40868896578239144,1
F2 m=0 r=5%,surface_wape,45,23,345,2,10–15%,25,924,0.027056277056277056,0.040043290043290047,0.99707804690503654,0.99876970396001541,0.74502114571318723,1
F2 m=0 r=5%,surface_wape,45,23,345,3,15–20%,25,924,0.027056277056277056,0.067099567099567103,0.9831603229527105,0.61737793156478282,0.35040369088811996,1
F2 m=0 r=5%,surface_wape,45,23,345,4,≥20%,561,924,0.6071428571428571,0.094155844155844159,0.73933102652825844,0.088581314878892731,0.15086505190311419,1
F2 m=0 r=5%,surface_wape,45,23,345,5,not lit,276,924,0.29870129870129869,0.70129870129870131,0.55000000000000004,0.55000000000000004,0.55000000000000004,1
F2 m=0 r=5%,surface_wape,60,0,0,0,0–5%,9,290,0.031034482758620689,0,0.047981545559400242,0.49642445213379471,0.26182237600922725,1
F2 m=0 r=5%,surface_wape,60,0,0,1,5–10%,6,290,0.020689655172413793,0.031034482758620689,0.5870049980776626,0.82299115724721261,0.40868896578239144,1
F2 m=0 r=5%,surface_wape,60,0,0,2,10–15%,6,290,0.020689655172413793,0.051724137931034482,0.99707804690503654,0.99876970396001541,0.74502114571318723,1
F2 m=0 r=5%,surface_wape,60,0,0,3,15–20%,5,290,0.017241379310344827,0.072413793103448282,0.9831603229527105,0.61737793156478282,0.35040369088811996,1
F2 m=0 r=5%,surface_wape,60,0,0,4,≥20%,179,290,0.61724137931034484,0.089655172413793116,0.73933102652825844,0.088581314878892731,0.15086505190311419,1
F2 m=0 r=5%,surface_wape,60,0,0,5,not lit,85,290,0.29310344827586204,0.7068965517241379,0.55000000000000004,0.55000000000000004,0.55000000000000004,1
F2 m=0 r=5%,surface_wape,60,1,15,0,0–5%,15,637,0.023547880690737835,0,0.047981545559400242,0.49642445213379471,0.26182237600922725,1
F2 m=0 r=5%,surface_wape,60,1,15,1,5–10%,14,637,0.02197802197802198,0.023547880690737835,0.5870049980776626,0.82299115724721261,0.40868896578239144,1
F2 m=0 r=5%,surface_wape,60,1,15,2,10–15%,19,637,0.029827315541601257,0.045525902668759818,0.99707804690503654,0.99876970396001541,0.74502114571318723,1
F2 m=0 r=5%,surface_wape,60,1,15,3,15–20%,15,637,0.023547880690737835,0.075353218210361075,0.9831603229527105,0.61737793156478282,0.35040369088811996,1
F2 m=0 r=5%,surface_wape,60,1,15,4,≥20%,433,637,0.67974882260596547,0.098901098901098911,0.73933102652825844,0.088581314878892731,0.15086505190311419,1
F2 m=0 r=5%,surface_wape,60,1,15,5,not lit,141,637,0.22135007849293564,0.77864992150706436,0.55000000000000004,0.55000000000000004,0.55000000000000004,1
F2 m=0 r=5%,surface_wape,60,2,30,0,0–5%,65,1703,0.038167938931297711,0,0.047981545559400242,0.49642445213379471,0.26182237600922725,1
F2 m=0 r=5%,surface_wape,60,2,30,1,5–10%,63,1703,0.0369935408103347,0.038167938931297711,0.5870049980776626,0.82299115724721261,0.40868896578239144,1
F2 m=0 r=5%,surface_wape,60,2,30,2,10–15%,73,1703,0.042865531415149732,0.075161479741632412,0.99707804690503654,0.99876970396001541,0.74502114571318723,1
F2 m=0 r=5%,surface_wape,60,2,30,3,15–20%,72,1703,0.042278332354668234,0.11802701115678214,0.9831603229527105,0.61737793156478282,0.35040369088811996,1
F2 m=0 r=5%,surface_wape,60,2,30,4,≥20%,1002,1703,0.58837345860246626,0.16030534351145037,0.73933102652825844,0.088581314878892731,0.15086505190311419,1
F2 m=0 r=5%,surface_wape,60,2,30,5,not lit,428,1703,0.25132119788608337,0.74867880211391657,0.55000000000000004,0.55000000000000004,0.55000000000000004,1
F2 m=0 r=5%,surface_wape,60,3,45,0,0–5%,7,187,0.037433155080213901,0,0.047981545559400242,0.49642445213379471,0.26182237600922725,1
F2 m=0 r=5%,surface_wape,60,3,45,1,5–10%,7,187,0.037433155080213901,0.037433155080213901,0.5870049980776626,0.82299115724721261,0.40868896578239144,1
F2 m=0 r=5%,surface_wape,60,3,45,2,10–15%,13,187,0.069518716577540107,0.074866310160427801,0.99707804690503654,0.99876970396001541,0.74502114571318723,1
F2 m=0 r=5%,surface_wape,60,3,45,3,15–20%,6,187,0.032085561497326207,0.14438502673796791,0.9831603229527105,0.61737793156478282,0.35040369088811996,1
F2 m=0 r=5%,surface_wape,60,3,45,4,≥20%,117,187,0.62566844919786091,0.1764705882352941,0.73933102652825844,0.088581314878892731,0.15086505190311419,1
F2 m=0 r=5%,surface_wape,60,3,45,5,not lit,37,187,0.19786096256684493,0.80213903743315496,0.55000000000000004,0.55000000000000004,0.55000000000000004,1
F2 m=0 r=5%,surface_wape,60,4,60,0,0–5%,11,412,0.026699029126213591,0,0.047981545559400242,0.49642445213379471,0.26182237600922725,1
F2 m=0 r=5%,surface_wape,60,4,60,1,5–10%,16,412,0.038834951456310676,0.026699029126213591,0.5870049980776626,0.82299115724721261,0.40868896578239144,1
F2 m=0 r=5%,surface_wape,60,4,60,2,10–15%,33,412,0.080097087378640783,0.06553398058252427,0.99707804690503654,0.99876970396001541,0.74502114571318723,1
F2 m=0 r=5%,surface_wape,60,4,60,3,15–20%,21,412,0.050970873786407765,0.14563106796116504,0.9831603229527105,0.61737793156478282,0.35040369088811996,1
F2 m=0 r=5%,surface_wape,60,4,60,4,≥20%,265,412,0.64320388349514568,0.19660194174757281,0.73933102652825844,0.088581314878892731,0.15086505190311419,1
F2 m=0 r=5%,surface_wape,60,4,60,5,not lit,66,412,0.16019417475728157,0.83980582524271852,0.55000000000000004,0.55000000000000004,0.55000000000000004,1
F2 m=0 r=5%,surface_wape,60,5,75,0,0–5%,30,826,0.036319612590799029,0,0.047981545559400242,0.49642445213379471,0.26182237600922725,1
F2 m=0 r=5%,surface_wape,60,5,75,1,5–10%,16,826,0.019370460048426151,0.036319612590799029,0.5870049980776626,0.82299115724721261,0.40868896578239144,1
F2 m=0 r=5%,surface_wape,60,5,75,2,10–15%,38,826,0.046004842615012108,0.05569007263922518,0.99707804690503654,0.99876970396001541,0.74502114571318723,1
F2 m=0 r=5%,surface_wape,60,5,75,3,15–20%,33,826,0.039951573849878935,0.10169491525423729,0.9831603229527105,0.61737793156478282,0.35040369088811996,1
F2 m=0 r=5%,surface_wape,60,5,75,4,≥20%,603,826,0.73002421307506049,0.14164648910411623,0.73933102652825844,0.088581314878892731,0.15086505190311419,1
F2 m=0 r=5%,surface_wape,60,5,75,5,not lit,106,826,0.12832929782082325,0.87167070217917675,0.55000000000000004,0.55000000000000004,0.55000000000000004,1
F2 m=0 r=5%,surface_wape,60,6,90,0,0–5%,7,286,0.024475524475524476,0,0.047981545559400242,0.49642445213379471,0.26182237600922725,1
F2 m=0 r=5%,surface_wape,60,6,90,1,5–10%,8,286,0.027972027972027972,0.024475524475524476,0.5870049980776626,0.82299115724721261,0.40868896578239144,1
F2 m=0 r=5%,surface_wape,60,6,90,2,10–15%,8,286,0.027972027972027972,0.052447552447552448,0.99707804690503654,0.99876970396001541,0.74502114571318723,1
F2 m=0 r=5%,surface_wape,60,6,90,3,15–20%,10,286,0.034965034965034968,0.080419580419580416,0.9831603229527105,0.61737793156478282,0.35040369088811996,1
F2 m=0 r=5%,surface_wape,60,6,90,4,≥20%,216,286,0.75524475524475521,0.11538461538461539,0.73933102652825844,0.088581314878892731,0.15086505190311419,1
F2 m=0 r=5%,surface_wape,60,6,90,5,not lit,37,286,0.12937062937062938,0.87062937062937062,0.55000000000000004,0.55000000000000004,0.55000000000000004,1
F2 m=0 r=5%,surface_wape,60,7,105,0,0–5%,16,611,0.026186579378068741,0,0.047981545559400242,0.49642445213379471,0.26182237600922725,1
F2 m=0 r=5%,surface_wape,60,7,105,1,5–10%,10,611,0.016366612111292964,0.026186579378068741,0.5870049980776626,0.82299115724721261,0.40868896578239144,1
F2 m=0 r=5%,surface_wape,60,7,105,2,10–15%,24,611,0.03927986906710311,0.042553191489361708,0.99707804690503654,0.99876970396001541,0.74502114571318723,1
F2 m=0 r=5%,surface_wape,60,7,105,3,15–20%,29,611,0.047463175122749592,0.081833060556464818,0.9831603229527105,0.61737793156478282,0.35040369088811996,1
F2 m=0 r=5%,surface_wape,60,7,105,4,≥20%,398,611,0.6513911620294599,0.12929623567921442,0.73933102652825844,0.088581314878892731,0.15086505190311419,1
F2 m=0 r=5%,surface_wape,60,7,105,5,not lit,134,611,0.21931260229132571,0.78068739770867435,0.55000000000000004,0.55000000000000004,0.55000000000000004,1
F2 m=0 r=5%,surface_wape,60,8,120,0,0–5%,40,1778,0.022497187851518559,0,0.047981545559400242,0.49642445213379471,0.26182237600922725,1
F2 m=0 r=5%,surface_wape,60,8,120,1,5–10%,39,1778,0.021934758155230598,0.022497187851518559,0.5870049980776626,0.82299115724721261,0.40868896578239144,1
F2 m=0 r=5%,surface_wape,60,8,120,2,10–15%,50,1778,0.0281214848143982,0.044431946006749157,0.99707804690503654,0.99876970396001541,0.74502114571318723,1
F2 m=0 r=5%,surface_wape,60,8,120,3,15–20%,54,1778,0.030371203599550055,0.072553430821147361,0.9831603229527105,0.61737793156478282,0.35040369088811996,1
F2 m=0 r=5%,surface_wape,60,8,120,4,≥20%,1062,1778,0.59730033745781774,0.10292463442069741,0.73933102652825844,0.088581314878892731,0.15086505190311419,1
F2 m=0 r=5%,surface_wape,60,8,120,5,not lit,533,1778,0.29977502812148482,0.70022497187851518,0.55000000000000004,0.55000000000000004,0.55000000000000004,1
F2 m=0 r=5%,surface_wape,60,9,135,0,0–5%,4,188,0.021276595744680851,0,0.047981545559400242,0.49642445213379471,0.26182237600922725,1
F2 m=0 r=5%,surface_wape,60,9,135,1,5–10%,3,188,0.015957446808510637,0.021276595744680851,0.5870049980776626,0.82299115724721261,0.40868896578239144,1
F2 m=0 r=5%,surface_wape,60,9,135,2,10–15%,6,188,0.031914893617021274,0.037234042553191488,0.99707804690503654,0.99876970396001541,0.74502114571318723,1
F2 m=0 r=5%,surface_wape,60,9,135,3,15–20%,9,188,0.047872340425531915,0.069148936170212755,0.9831603229527105,0.61737793156478282,0.35040369088811996,1
F2 m=0 r=5%,surface_wape,60,9,135,4,≥20%,127,188,0.67553191489361697,0.11702127659574467,0.73933102652825844,0.088581314878892731,0.15086505190311419,1
F2 m=0 r=5%,surface_wape,60,9,135,5,not lit,39,188,0.20744680851063829,0.79255319148936165,0.55000000000000004,0.55000000000000004,0.55000000000000004,1
F2 m=0 r=5%,surface_wape,60,10,150,0,0–5%,9,456,0.019736842105263157,0,0.047981545559400242,0.49642445213379471,0.26182237600922725,1
F2 m=0 r=5%,surface_wape,60,10,150,1,5–10%,6,456,0.013157894736842105,0.019736842105263157,0.5870049980776626,0.82299115724721261,0.40868896578239144,1
F2 m=0 r=5%,surface_wape,60,10,150,2,10–15%,9,456,0.019736842105263157,0.032894736842105261,0.99707804690503654,0.99876970396001541,0.74502114571318723,1
F2 m=0 r=5%,surface_wape,60,10,150,3,15–20%,15,456,0.032894736842105261,0.052631578947368418,0.9831603229527105,0.61737793156478282,0.35040369088811996,1
F2 m=0 r=5%,surface_wape,60,10,150,4,≥20%,311,456,0.68201754385964908,0.085526315789473673,0.73933102652825844,0.088581314878892731,0.15086505190311419,1
F2 m=0 r=5%,surface_wape,60,10,150,5,not lit,106,456,0.23245614035087719,0.76754385964912275,0.55000000000000004,0.55000000000000004,0.55000000000000004,1
F2 m=0 r=5%,surface_wape,60,11,165,0,0–5%,27,907,0.029768467475192944,0,0.047981545559400242,0.49642445213379471,0.26182237600922725,1
F2 m=0 r=5%,surface_wape,60,11,165,1,5–10%,17,907,0.018743109151047408,0.029768467475192944,0.5870049980776626,0.82299115724721261,0.40868896578239144,1
F2 m=0 r=5%,surface_wape,60,11,165,2,10–15%,29,907,0.031973539140022052,0.048511576626240352,0.99707804690503654,0.99876970396001541,0.74502114571318723,1
F2 m=0 r=5%,surface_wape,60,11,165,3,15–20%,27,907,0.029768467475192944,0.080485115766262411,0.9831603229527105,0.61737793156478282,0.35040369088811996,1
F2 m=0 r=5%,surface_wape,60,11,165,4,≥20%,592,907,0.65270121278941562,0.11025358324145536,0.73933102652825844,0.088581314878892731,0.15086505190311419,1
F2 m=0 r=5%,surface_wape,60,11,165,5,not lit,215,907,0.23704520396912901,0.76295479603087102,0.55000000000000004,0.55000000000000004,0.55000000000000004,1
F2 m=0 r=5%,surface_wape,60,12,180,0,0–5%,2,276,0.007246376811594203,0,0.047981545559400242,0.49642445213379471,0.26182237600922725,1
F2 m=0 r=5%,surface_wape,60,12,180,1,5–10%,7,276,0.025362318840579712,0.007246376811594203,0.5870049980776626,0.82299115724721261,0.40868896578239144,1
F2 m=0 r=5%,surface_wape,60,12,180,2,10–15%,8,276,0.028985507246376812,0.032608695652173912,0.99707804690503654,0.99876970396001541,0.74502114571318723,1
F2 m=0 r=5%,surface_wape,60,12,180,3,15–20%,7,276,0.025362318840579712,0.061594202898550721,0.9831603229527105,0.61737793156478282,0.35040369088811996,1
F2 m=0 r=5%,surface_wape,60,12,180,4,≥20%,197,276,0.71376811594202894,0.086956521739130432,0.73933102652825844,0.088581314878892731,0.15086505190311419,1
F2 m=0 r=5%,surface_wape,60,12,180,5,not lit,55,276,0.19927536231884058,0.80072463768115942,0.55000000000000004,0.55000000000000004,0.55000000000000004,1
F2 m=0 r=5%,surface_wape,60,13,195,0,0–5%,10,610,0.016393442622950821,0,0.047981545559400242,0.49642445213379471,0.26182237600922725,1
F2 m=0 r=5%,surface_wape,60,13,195,1,5–10%,11,610,0.018032786885245903,0.016393442622950821,0.5870049980776626,0.82299115724721261,0.40868896578239144,1
F2 m=0 r=5%,surface_wape,60,13,195,2,10–15%,31,610,0.050819672131147541,0.034426229508196723,0.99707804690503654,0.99876970396001541,0.74502114571318723,1
F2 m=0 r=5%,surface_wape,60,13,195,3,15–20%,27,610,0.044262295081967211,0.085245901639344257,0.9831603229527105,0.61737793156478282,0.35040369088811996,1
F2 m=0 r=5%,surface_wape,60,13,195,4,≥20%,427,610,0.69999999999999996,0.12950819672131147,0.73933102652825844,0.088581314878892731,0.15086505190311419,1
F2 m=0 r=5%,surface_wape,60,13,195,5,not lit,104,610,0.17049180327868851,0.82950819672131137,0.55000000000000004,0.55000000000000004,0.55000000000000004,1
F2 m=0 r=5%,surface_wape,60,14,210,0,0–5%,51,1679,0.030375223347230494,0,0.047981545559400242,0.49642445213379471,0.26182237600922725,1
F2 m=0 r=5%,surface_wape,60,14,210,1,5–10%,55,1679,0.032757593805836809,0.030375223347230494,0.5870049980776626,0.82299115724721261,0.40868896578239144,1
F2 m=0 r=5%,surface_wape,60,14,210,2,10–15%,81,1679,0.048243001786777845,0.063132817153067303,0.99707804690503654,0.99876970396001541,0.74502114571318723,1
F2 m=0 r=5%,surface_wape,60,14,210,3,15–20%,81,1679,0.048243001786777845,0.11137581893984515,0.9831603229527105,0.61737793156478282,0.35040369088811996,1
F2 m=0 r=5%,surface_wape,60,14,210,4,≥20%,1111,1679,0.66170339487790353,0.15961882072662298,0.73933102652825844,0.088581314878892731,0.15086505190311419,1
F2 m=0 r=5%,surface_wape,60,14,210,5,not lit,300,1679,0.17867778439547349,0.82132221560452656,0.55000000000000004,0.55000000000000004,0.55000000000000004,1
F2 m=0 r=5%,surface_wape,60,15,225,0,0–5%,5,197,0.025380710659898477,0,0.047981545559400242,0.49642445213379471,0.26182237600922725,1
F2 m=0 r=5%,surface_wape,60,15,225,1,5–10%,6,197,0.030456852791878174,0.025380710659898477,0.5870049980776626,0.82299115724721261,0.40868896578239144,1
F2 m=0 r=5%,surface_wape,60,15,225,2,10–15%,19,197,0.096446700507614211,0.055837563451776651,0.99707804690503654,0.99876970396001541,0.74502114571318723,1
F2 m=0 r=5%,surface_wape,60,15,225,3,15–20%,11,197,0.055837563451776651,0.15228426395939088,0.9831603229527105,0.61737793156478282,0.35040369088811996,1
F2 m=0 r=5%,surface_wape,60,15,225,4,≥20%,133,197,0.67512690355329952,0.20812182741116753,0.73933102652825844,0.088581314878892731,0.15086505190311419,1
F2 m=0 r=5%,surface_wape,60,15,225,5,not lit,23,197,0.116751269035533,0.88324873096446699,0.55000000000000004,0.55000000000000004,0.55000000000000004,1
F2 m=0 r=5%,surface_wape,60,16,240,0,0–5%,16,407,0.039312039312039311,0,0.047981545559400242,0.49642445213379471,0.26182237600922725,1
F2 m=0 r=5%,surface_wape,60,16,240,1,5–10%,10,407,0.024570024570024569,0.039312039312039311,0.5870049980776626,0.82299115724721261,0.40868896578239144,1
F2 m=0 r=5%,surface_wape,60,16,240,2,10–15%,14,407,0.034398034398034398,0.063882063882063883,0.99707804690503654,0.99876970396001541,0.74502114571318723,1
F2 m=0 r=5%,surface_wape,60,16,240,3,15–20%,20,407,0.049140049140049137,0.098280098280098288,0.9831603229527105,0.61737793156478282,0.35040369088811996,1
F2 m=0 r=5%,surface_wape,60,16,240,4,≥20%,296,407,0.72727272727272729,0.14742014742014742,0.73933102652825844,0.088581314878892731,0.15086505190311419,1
F2 m=0 r=5%,surface_wape,60,16,240,5,not lit,51,407,0.12530712530712532,0.87469287469287471,0.55000000000000004,0.55000000000000004,0.55000000000000004,1
F2 m=0 r=5%,surface_wape,60,17,255,0,0–5%,35,815,0.042944785276073622,0,0.047981545559400242,0.49642445213379471,0.26182237600922725,1
F2 m=0 r=5%,surface_wape,60,17,255,1,5–10%,20,815,0.024539877300613498,0.042944785276073622,0.5870049980776626,0.82299115724721261,0.40868896578239144,1
F2 m=0 r=5%,surface_wape,60,17,255,2,10–15%,28,815,0.034355828220858899,0.067484662576687116,0.99707804690503654,0.99876970396001541,0.74502114571318723,1
F2 m=0 r=5%,surface_wape,60,17,255,3,15–20%,40,815,0.049079754601226995,0.10184049079754601,0.9831603229527105,0.61737793156478282,0.35040369088811996,1
F2 m=0 r=5%,surface_wape,60,17,255,4,≥20%,600,815,0.73619631901840488,0.150920245398773,0.73933102652825844,0.088581314878892731,0.15086505190311419,1
F2 m=0 r=5%,surface_wape,60,17,255,5,not lit,92,815,0.11288343558282209,0.8871165644171779,0.55000000000000004,0.55000000000000004,0.55000000000000004,1
F2 m=0 r=5%,surface_wape,60,18,270,0,0–5%,9,265,0.033962264150943396,0,0.047981545559400242,0.49642445213379471,0.26182237600922725,1
F2 m=0 r=5%,surface_wape,60,18,270,1,5–10%,9,265,0.033962264150943396,0.033962264150943396,0.5870049980776626,0.82299115724721261,0.40868896578239144,1
F2 m=0 r=5%,surface_wape,60,18,270,2,10–15%,5,265,0.018867924528301886,0.067924528301886791,0.99707804690503654,0.99876970396001541,0.74502114571318723,1
F2 m=0 r=5%,surface_wape,60,18,270,3,15–20%,14,265,0.052830188679245285,0.086792452830188674,0.9831603229527105,0.61737793156478282,0.35040369088811996,1
F2 m=0 r=5%,surface_wape,60,18,270,4,≥20%,190,265,0.71698113207547165,0.13962264150943396,0.73933102652825844,0.088581314878892731,0.15086505190311419,1
F2 m=0 r=5%,surface_wape,60,18,270,5,not lit,38,265,0.14339622641509434,0.85660377358490558,0.55000000000000004,0.55000000000000004,0.55000000000000004,1
F2 m=0 r=5%,surface_wape,60,19,285,0,0–5%,15,609,0.024630541871921183,0,0.047981545559400242,0.49642445213379471,0.26182237600922725,1
F2 m=0 r=5%,surface_wape,60,19,285,1,5–10%,26,609,0.042692939244663386,0.024630541871921183,0.5870049980776626,0.82299115724721261,0.40868896578239144,1
F2 m=0 r=5%,surface_wape,60,19,285,2,10–15%,25,609,0.041050903119868636,0.067323481116584566,0.99707804690503654,0.99876970396001541,0.74502114571318723,1
F2 m=0 r=5%,surface_wape,60,19,285,3,15–20%,19,609,0.031198686371100164,0.10837438423645321,0.9831603229527105,0.61737793156478282,0.35040369088811996,1
F2 m=0 r=5%,surface_wape,60,19,285,4,≥20%,412,609,0.67651888341543509,0.13957307060755336,0.73933102652825844,0.088581314878892731,0.15086505190311419,1
F2 m=0 r=5%,surface_wape,60,19,285,5,not lit,112,609,0.18390804597701149,0.81609195402298851,0.55000000000000004,0.55000000000000004,0.55000000000000004,1
F2 m=0 r=5%,surface_wape,60,20,300,0,0–5%,31,1781,0.017405951712521055,0,0.047981545559400242,0.49642445213379471,0.26182237600922725,1
F2 m=0 r=5%,surface_wape,60,20,300,1,5–10%,55,1781,0.030881527231892195,0.017405951712521055,0.5870049980776626,0.82299115724721261,0.40868896578239144,1
F2 m=0 r=5%,surface_wape,60,20,300,2,10–15%,60,1781,0.033688938798427846,0.048287478944413251,0.99707804690503654,0.99876970396001541,0.74502114571318723,1
F2 m=0 r=5%,surface_wape,60,20,300,3,15–20%,66,1781,0.037057832678270633,0.08197641774284109,0.9831603229527105,0.61737793156478282,0.35040369088811996,1
F2 m=0 r=5%,surface_wape,60,20,300,4,≥20%,980,1781,0.55025266704098819,0.11903425042111172,0.73933102652825844,0.088581314878892731,0.15086505190311419,1
F2 m=0 r=5%,surface_wape,60,20,300,5,not lit,589,1781,0.33071308253790005,0.6692869174620999,0.55000000000000004,0.55000000000000004,0.55000000000000004,1
F2 m=0 r=5%,surface_wape,60,21,315,0,0–5%,11,190,0.057894736842105263,0,0.047981545559400242,0.49642445213379471,0.26182237600922725,1
F2 m=0 r=5%,surface_wape,60,21,315,1,5–10%,4,190,0.021052631578947368,0.057894736842105263,0.5870049980776626,0.82299115724721261,0.40868896578239144,1
F2 m=0 r=5%,surface_wape,60,21,315,2,10–15%,6,190,0.031578947368421054,0.078947368421052627,0.99707804690503654,0.99876970396001541,0.74502114571318723,1
F2 m=0 r=5%,surface_wape,60,21,315,3,15–20%,2,190,0.010526315789473684,0.11052631578947368,0.9831603229527105,0.61737793156478282,0.35040369088811996,1
F2 m=0 r=5%,surface_wape,60,21,315,4,≥20%,129,190,0.67894736842105263,0.12105263157894737,0.73933102652825844,0.088581314878892731,0.15086505190311419,1
F2 m=0 r=5%,surface_wape,60,21,315,5,not lit,38,190,0.20000000000000001,0.80000000000000004,0.55000000000000004,0.55000000000000004,0.55000000000000004,1
F2 m=0 r=5%,surface_wape,60,22,330,0,0–5%,8,442,0.018099547511312219,0,0.047981545559400242,0.49642445213379471,0.26182237600922725,1
F2 m=0 r=5%,surface_wape,60,22,330,1,5–10%,6,442,0.013574660633484163,0.018099547511312219,0.5870049980776626,0.82299115724721261,0.40868896578239144,1
F2 m=0 r=5%,surface_wape,60,22,330,2,10–15%,9,442,0.020361990950226245,0.031674208144796379,0.99707804690503654,0.99876970396001541,0.74502114571318723,1
F2 m=0 r=5%,surface_wape,60,22,330,3,15–20%,11,442,0.024886877828054297,0.05203619909502262,0.9831603229527105,0.61737793156478282,0.35040369088811996,1
F2 m=0 r=5%,surface_wape,60,22,330,4,≥20%,282,442,0.63800904977375561,0.076923076923076913,0.73933102652825844,0.088581314878892731,0.15086505190311419,1
F2 m=0 r=5%,surface_wape,60,22,330,5,not lit,126,442,0.28506787330316741,0.71493212669683248,0.55000000000000004,0.55000000000000004,0.55000000000000004,1
F2 m=0 r=5%,surface_wape,60,23,345,0,0–5%,22,924,0.023809523809523808,0,0.047981545559400242,0.49642445213379471,0.26182237600922725,1
F2 m=0 r=5%,surface_wape,60,23,345,1,5–10%,9,924,0.00974025974025974,0.023809523809523808,0.5870049980776626,0.82299115724721261,0.40868896578239144,1
F2 m=0 r=5%,surface_wape,60,23,345,2,10–15%,17,924,0.0183982683982684,0.033549783549783552,0.99707804690503654,0.99876970396001541,0.74502114571318723,1
F2 m=0 r=5%,surface_wape,60,23,345,3,15–20%,18,924,0.01948051948051948,0.051948051948051951,0.9831603229527105,0.61737793156478282,0.35040369088811996,1
F2 m=0 r=5%,surface_wape,60,23,345,4,≥20%,566,924,0.61255411255411252,0.071428571428571425,0.73933102652825844,0.088581314878892731,0.15086505190311419,1
F2 m=0 r=5%,surface_wape,60,23,345,5,not lit,292,924,0.31601731601731603,0.68398268398268391,0.55000000000000004,0.55000000000000004,0.55000000000000004,1
F3 m=1 r=10%,surface_sensor_wmape,0,0,0,0,0–5%,85,290,0.29310344827586204,0,0.047981545559400242,0.49642445213379471,0.26182237600922725,1
F3 m=1 r=10%,surface_sensor_wmape,0,0,0,1,5–10%,25,290,0.086206896551724144,0.29310344827586204,0.5870049980776626,0.82299115724721261,0.40868896578239144,1
F3 m=1 r=10%,surface_sensor_wmape,0,0,0,2,10–15%,26,290,0.089655172413793102,0.37931034482758619,0.99707804690503654,0.99876970396001541,0.74502114571318723,1
F3 m=1 r=10%,surface_sensor_wmape,0,0,0,3,15–20%,13,290,0.044827586206896551,0.4689655172413793,0.9831603229527105,0.61737793156478282,0.35040369088811996,1
F3 m=1 r=10%,surface_sensor_wmape,0,0,0,4,≥20%,95,290,0.32758620689655171,0.51379310344827589,0.73933102652825844,0.088581314878892731,0.15086505190311419,1
F3 m=1 r=10%,surface_sensor_wmape,0,0,0,5,not lit,46,290,0.15862068965517243,0.8413793103448276,0.55000000000000004,0.55000000000000004,0.55000000000000004,1
F3 m=1 r=10%,surface_sensor_wmape,0,1,15,0,0–5%,207,637,0.32496075353218212,0,0.047981545559400242,0.49642445213379471,0.26182237600922725,1
F3 m=1 r=10%,surface_sensor_wmape,0,1,15,1,5–10%,82,637,0.12872841444270017,0.32496075353218212,0.5870049980776626,0.82299115724721261,0.40868896578239144,1
F3 m=1 r=10%,surface_sensor_wmape,0,1,15,2,10–15%,62,637,0.097331240188383045,0.45368916797488229,0.99707804690503654,0.99876970396001541,0.74502114571318723,1
F3 m=1 r=10%,surface_sensor_wmape,0,1,15,3,15–20%,44,637,0.06907378335949764,0.55102040816326536,0.9831603229527105,0.61737793156478282,0.35040369088811996,1
F3 m=1 r=10%,surface_sensor_wmape,0,1,15,4,≥20%,163,637,0.25588697017268447,0.62009419152276302,0.73933102652825844,0.088581314878892731,0.15086505190311419,1
F3 m=1 r=10%,surface_sensor_wmape,0,1,15,5,not lit,79,637,0.12401883830455258,0.87598116169544749,0.55000000000000004,0.55000000000000004,0.55000000000000004,1
F3 m=1 r=10%,surface_sensor_wmape,0,2,30,0,0–5%,374,1703,0.2196124486200822,0,0.047981545559400242,0.49642445213379471,0.26182237600922725,1
F3 m=1 r=10%,surface_sensor_wmape,0,2,30,1,5–10%,272,1703,0.15971814445096888,0.2196124486200822,0.5870049980776626,0.82299115724721261,0.40868896578239144,1
F3 m=1 r=10%,surface_sensor_wmape,0,2,30,2,10–15%,192,1703,0.11274221961244862,0.3793305930710511,0.99707804690503654,0.99876970396001541,0.74502114571318723,1
F3 m=1 r=10%,surface_sensor_wmape,0,2,30,3,15–20%,144,1703,0.084556664709336468,0.49207281268349973,0.9831603229527105,0.61737793156478282,0.35040369088811996,1
F3 m=1 r=10%,surface_sensor_wmape,0,2,30,4,≥20%,430,1703,0.25249559600704641,0.57662947739283621,0.73933102652825844,0.088581314878892731,0.15086505190311419,1
F3 m=1 r=10%,surface_sensor_wmape,0,2,30,5,not lit,291,1703,0.17087492660011744,0.82912507339988262,0.55000000000000004,0.55000000000000004,0.55000000000000004,1
F3 m=1 r=10%,surface_sensor_wmape,0,3,45,0,0–5%,50,187,0.26737967914438504,0,0.047981545559400242,0.49642445213379471,0.26182237600922725,1
F3 m=1 r=10%,surface_sensor_wmape,0,3,45,1,5–10%,26,187,0.13903743315508021,0.26737967914438504,0.5870049980776626,0.82299115724721261,0.40868896578239144,1
F3 m=1 r=10%,surface_sensor_wmape,0,3,45,2,10–15%,18,187,0.096256684491978606,0.40641711229946526,0.99707804690503654,0.99876970396001541,0.74502114571318723,1
F3 m=1 r=10%,surface_sensor_wmape,0,3,45,3,15–20%,16,187,0.085561497326203204,0.50267379679144386,0.9831603229527105,0.61737793156478282,0.35040369088811996,1
F3 m=1 r=10%,surface_sensor_wmape,0,3,45,4,≥20%,55,187,0.29411764705882354,0.58823529411764708,0.73933102652825844,0.088581314878892731,0.15086505190311419,1
F3 m=1 r=10%,surface_sensor_wmape,0,3,45,5,not lit,22,187,0.11764705882352941,0.88235294117647056,0.55000000000000004,0.55000000000000004,0.55000000000000004,1
F3 m=1 r=10%,surface_sensor_wmape,0,4,60,0,0–5%,90,412,0.21844660194174756,0,0.047981545559400242,0.49642445213379471,0.26182237600922725,1
F3 m=1 r=10%,surface_sensor_wmape,0,4,60,1,5–10%,50,412,0.12135922330097088,0.21844660194174756,0.5870049980776626,0.82299115724721261,0.40868896578239144,1
F3 m=1 r=10%,surface_sensor_wmape,0,4,60,2,10–15%,46,412,0.11165048543689321,0.33980582524271841,0.99707804690503654,0.99876970396001541,0.74502114571318723,1
F3 m=1 r=10%,surface_sensor_wmape,0,4,60,3,15–20%,26,412,0.063106796116504854,0.45145631067961162,0.9831603229527105,0.61737793156478282,0.35040369088811996,1
F3 m=1 r=10%,surface_sensor_wmape,0,4,60,4,≥20%,142,412,0.3446601941747573,0.5145631067961165,0.73933102652825844,0.088581314878892731,0.15086505190311419,1
F3 m=1 r=10%,surface_sensor_wmape,0,4,60,5,not lit,58,412,0.14077669902912621,0.85922330097087385,0.55000000000000004,0.55000000000000004,0.55000000000000004,1
F3 m=1 r=10%,surface_sensor_wmape,0,5,75,0,0–5%,145,826,0.17554479418886199,0,0.047981545559400242,0.49642445213379471,0.26182237600922725,1
F3 m=1 r=10%,surface_sensor_wmape,0,5,75,1,5–10%,94,826,0.11380145278450363,0.17554479418886199,0.5870049980776626,0.82299115724721261,0.40868896578239144,1
F3 m=1 r=10%,surface_sensor_wmape,0,5,75,2,10–15%,69,826,0.08353510895883777,0.28934624697336564,0.99707804690503654,0.99876970396001541,0.74502114571318723,1
F3 m=1 r=10%,surface_sensor_wmape,0,5,75,3,15–20%,65,826,0.078692493946731237,0.3728813559322034,0.9831603229527105,0.61737793156478282,0.35040369088811996,1
F3 m=1 r=10%,surface_sensor_wmape,0,5,75,4,≥20%,370,826,0.44794188861985473,0.45157384987893462,0.73933102652825844,0.088581314878892731,0.15086505190311419,1
F3 m=1 r=10%,surface_sensor_wmape,0,5,75,5,not lit,83,826,0.10048426150121065,0.8995157384987893,0.55000000000000004,0.55000000000000004,0.55000000000000004,1
F3 m=1 r=10%,surface_sensor_wmape,0,6,90,0,0–5%,31,286,0.10839160839160839,0,0.047981545559400242,0.49642445213379471,0.26182237600922725,1
F3 m=1 r=10%,surface_sensor_wmape,0,6,90,1,5–10%,19,286,0.066433566433566432,0.10839160839160839,0.5870049980776626,0.82299115724721261,0.40868896578239144,1
F3 m=1 r=10%,surface_sensor_wmape,0,6,90,2,10–15%,31,286,0.10839160839160839,0.17482517482517482,0.99707804690503654,0.99876970396001541,0.74502114571318723,1
F3 m=1 r=10%,surface_sensor_wmape,0,6,90,3,15–20%,21,286,0.073426573426573424,0.28321678321678323,0.9831603229527105,0.61737793156478282,0.35040369088811996,1
F3 m=1 r=10%,surface_sensor_wmape,0,6,90,4,≥20%,149,286,0.52097902097902093,0.35664335664335667,0.73933102652825844,0.088581314878892731,0.15086505190311419,1
F3 m=1 r=10%,surface_sensor_wmape,0,6,90,5,not lit,35,286,0.12237762237762238,0.8776223776223776,0.55000000000000004,0.55000000000000004,0.55000000000000004,1
F3 m=1 r=10%,surface_sensor_wmape,0,7,105,0,0–5%,84,611,0.13747954173486088,0,0.047981545559400242,0.49642445213379471,0.26182237600922725,1
F3 m=1 r=10%,surface_sensor_wmape,0,7,105,1,5–10%,55,611,0.090016366612111293,0.13747954173486088,0.5870049980776626,0.82299115724721261,0.40868896578239144,1
F3 m=1 r=10%,surface_sensor_wmape,0,7,105,2,10–15%,41,611,0.067103109656301146,0.22749590834697217,0.99707804690503654,0.99876970396001541,0.74502114571318723,1
F3 m=1 r=10%,surface_sensor_wmape,0,7,105,3,15–20%,32,611,0.052373158756137482,0.29459901800327332,0.9831603229527105,0.61737793156478282,0.35040369088811996,1
F3 m=1 r=10%,surface_sensor_wmape,0,7,105,4,≥20%,274,611,0.44844517184942717,0.34697217675941078,0.73933102652825844,0.088581314878892731,0.15086505190311419,1
F3 m=1 r=10%,surface_sensor_wmape,0,7,105,5,not lit,125,611,0.20458265139116202,0.79541734860883795,0.55000000000000004,0.55000000000000004,0.55000000000000004,1
F3 m=1 r=10%,surface_sensor_wmape,0,8,120,0,0–5%,158,1778,0.088863892013498313,0,0.047981545559400242,0.49642445213379471,0.26182237600922725,1
F3 m=1 r=10%,surface_sensor_wmape,0,8,120,1,5–10%,127,1778,0.071428571428571425,0.088863892013498313,0.5870049980776626,0.82299115724721261,0.40868896578239144,1
F3 m=1 r=10%,surface_sensor_wmape,0,8,120,2,10–15%,108,1778,0.06074240719910011,0.16029246344206974,0.99707804690503654,0.99876970396001541,0.74502114571318723,1
F3 m=1 r=10%,surface_sensor_wmape,0,8,120,3,15–20%,108,1778,0.06074240719910011,0.22103487064116983,0.9831603229527105,0.61737793156478282,0.35040369088811996,1
F3 m=1 r=10%,surface_sensor_wmape,0,8,120,4,≥20%,776,1778,0.43644544431946009,0.28177727784026996,0.73933102652825844,0.088581314878892731,0.15086505190311419,1
F3 m=1 r=10%,surface_sensor_wmape,0,8,120,5,not lit,501,1778,0.28177727784026996,0.71822272215973004,0.55000000000000004,0.55000000000000004,0.55000000000000004,1
F3 m=1 r=10%,surface_sensor_wmape,0,9,135,0,0–5%,12,188,0.063829787234042548,0,0.047981545559400242,0.49642445213379471,0.26182237600922725,1
F3 m=1 r=10%,surface_sensor_wmape,0,9,135,1,5–10%,13,188,0.069148936170212769,0.063829787234042548,0.5870049980776626,0.82299115724721261,0.40868896578239144,1
F3 m=1 r=10%,surface_sensor_wmape,0,9,135,2,10–15%,15,188,0.079787234042553196,0.13297872340425532,0.99707804690503654,0.99876970396001541,0.74502114571318723,1
F3 m=1 r=10%,surface_sensor_wmape,0,9,135,3,15–20%,16,188,0.085106382978723402,0.21276595744680851,0.9831603229527105,0.61737793156478282,0.35040369088811996,1
F3 m=1 r=10%,surface_sensor_wmape,0,9,135,4,≥20%,95,188,0.50531914893617025,0.2978723404255319,0.73933102652825844,0.088581314878892731,0.15086505190311419,1
F3 m=1 r=10%,surface_sensor_wmape,0,9,135,5,not lit,37,188,0.19680851063829788,0.80319148936170215,0.55000000000000004,0.55000000000000004,0.55000000000000004,1
F3 m=1 r=10%,surface_sensor_wmape,0,10,150,0,0–5%,30,456,0.065789473684210523,0,0.047981545559400242,0.49642445213379471,0.26182237600922725,1
F3 m=1 r=10%,surface_sensor_wmape,0,10,150,1,5–10%,18,456,0.039473684210526314,0.065789473684210523,0.5870049980776626,0.82299115724721261,0.40868896578239144,1
F3 m=1 r=10%,surface_sensor_wmape,0,10,150,2,10–15%,28,456,0.061403508771929821,0.10526315789473684,0.99707804690503654,0.99876970396001541,0.74502114571318723,1
F3 m=1 r=10%,surface_sensor_wmape,0,10,150,3,15–20%,28,456,0.061403508771929821,0.16666666666666666,0.9831603229527105,0.61737793156478282,0.35040369088811996,1
F3 m=1 r=10%,surface_sensor_wmape,0,10,150,4,≥20%,260,456,0.57017543859649122,0.22807017543859648,0.73933102652825844,0.088581314878892731,0.15086505190311419,1
F3 m=1 r=10%,surface_sensor_wmape,0,10,150,5,not lit,92,456,0.20175438596491227,0.79824561403508776,0.55000000000000004,0.55000000000000004,0.55000000000000004,1
F3 m=1 r=10%,surface_sensor_wmape,0,11,165,0,0–5%,64,907,0.070562293274531424,0,0.047981545559400242,0.49642445213379471,0.26182237600922725,1
F3 m=1 r=10%,surface_sensor_wmape,0,11,165,1,5–10%,47,907,0.051819184123484012,0.070562293274531424,0.5870049980776626,0.82299115724721261,0.40868896578239144,1
F3 m=1 r=10%,surface_sensor_wmape,0,11,165,2,10–15%,43,907,0.047409040793825796,0.12238147739801544,0.99707804690503654,0.99876970396001541,0.74502114571318723,1
F3 m=1 r=10%,surface_sensor_wmape,0,11,165,3,15–20%,33,907,0.036383682469680267,0.16979051819184124,0.9831603229527105,0.61737793156478282,0.35040369088811996,1
F3 m=1 r=10%,surface_sensor_wmape,0,11,165,4,≥20%,519,907,0.57221609702315324,0.20617420066152151,0.73933102652825844,0.088581314878892731,0.15086505190311419,1
F3 m=1 r=10%,surface_sensor_wmape,0,11,165,5,not lit,201,907,0.22160970231532526,0.77839029768467471,0.55000000000000004,0.55000000000000004,0.55000000000000004,1
F3 m=1 r=10%,surface_sensor_wmape,0,12,180,0,0–5%,16,276,0.057971014492753624,0,0.047981545559400242,0.49642445213379471,0.26182237600922725,1
F3 m=1 r=10%,surface_sensor_wmape,0,12,180,1,5–10%,13,276,0.04710144927536232,0.057971014492753624,0.5870049980776626,0.82299115724721261,0.40868896578239144,1
F3 m=1 r=10%,surface_sensor_wmape,0,12,180,2,10–15%,13,276,0.04710144927536232,0.10507246376811594,0.99707804690503654,0.99876970396001541,0.74502114571318723,1
F3 m=1 r=10%,surface_sensor_wmape,0,12,180,3,15–20%,11,276,0.039855072463768113,0.15217391304347827,0.9831603229527105,0.61737793156478282,0.35040369088811996,1
F3 m=1 r=10%,surface_sensor_wmape,0,12,180,4,≥20%,171,276,0.61956521739130432,0.1920289855072464,0.73933102652825844,0.088581314878892731,0.15086505190311419,1
F3 m=1 r=10%,surface_sensor_wmape,0,12,180,5,not lit,52,276,0.18840579710144928,0.81159420289855078,0.55000000000000004,0.55000000000000004,0.55000000000000004,1
F3 m=1 r=10%,surface_sensor_wmape,0,13,195,0,0–5%,32,610,0.052459016393442623,0,0.047981545559400242,0.49642445213379471,0.26182237600922725,1
F3 m=1 r=10%,surface_sensor_wmape,0,13,195,1,5–10%,44,610,0.072131147540983612,0.052459016393442623,0.5870049980776626,0.82299115724721261,0.40868896578239144,1
F3 m=1 r=10%,surface_sensor_wmape,0,13,195,2,10–15%,32,610,0.052459016393442623,0.12459016393442623,0.99707804690503654,0.99876970396001541,0.74502114571318723,1
F3 m=1 r=10%,surface_sensor_wmape,0,13,195,3,15–20%,31,610,0.050819672131147541,0.17704918032786887,0.9831603229527105,0.61737793156478282,0.35040369088811996,1
F3 m=1 r=10%,surface_sensor_wmape,0,13,195,4,≥20%,367,610,0.60163934426229504,0.22786885245901642,0.73933102652825844,0.088581314878892731,0.15086505190311419,1
F3 m=1 r=10%,surface_sensor_wmape,0,13,195,5,not lit,104,610,0.17049180327868851,0.82950819672131149,0.55000000000000004,0.55000000000000004,0.55000000000000004,1
F3 m=1 r=10%,surface_sensor_wmape,0,14,210,0,0–5%,145,1679,0.086360929124478861,0,0.047981545559400242,0.49642445213379471,0.26182237600922725,1
F3 m=1 r=10%,surface_sensor_wmape,0,14,210,1,5–10%,147,1679,0.087552114353782018,0.086360929124478861,0.5870049980776626,0.82299115724721261,0.40868896578239144,1
F3 m=1 r=10%,surface_sensor_wmape,0,14,210,2,10–15%,171,1679,0.10184633710541989,0.17391304347826086,0.99707804690503654,0.99876970396001541,0.74502114571318723,1
F3 m=1 r=10%,surface_sensor_wmape,0,14,210,3,15–20%,110,1679,0.065515187611673617,0.27575938058368077,0.9831603229527105,0.61737793156478282,0.35040369088811996,1
F3 m=1 r=10%,surface_sensor_wmape,0,14,210,4,≥20%,820,1679,0.48838594401429425,0.3412745681953544,0.73933102652825844,0.088581314878892731,0.15086505190311419,1
F3 m=1 r=10%,surface_sensor_wmape,0,14,210,5,not lit,286,1679,0.17033948779035141,0.82966051220964865,0.55000000000000004,0.55000000000000004,0.55000000000000004,1
F3 m=1 r=10%,surface_sensor_wmape,0,15,225,0,0–5%,23,197,0.116751269035533,0,0.047981545559400242,0.49642445213379471,0.26182237600922725,1
F3 m=1 r=10%,surface_sensor_wmape,0,15,225,1,5–10%,18,197,0.091370558375634514,0.116751269035533,0.5870049980776626,0.82299115724721261,0.40868896578239144,1
F3 m=1 r=10%,surface_sensor_wmape,0,15,225,2,10–15%,22,197,0.1116751269035533,0.20812182741116753,0.99707804690503654,0.99876970396001541,0.74502114571318723,1
F3 m=1 r=10%,surface_sensor_wmape,0,15,225,3,15–20%,23,197,0.116751269035533,0.31979695431472083,0.9831603229527105,0.61737793156478282,0.35040369088811996,1
F3 m=1 r=10%,surface_sensor_wmape,0,15,225,4,≥20%,93,197,0.4720812182741117,0.43654822335025384,0.73933102652825844,0.088581314878892731,0.15086505190311419,1
F3 m=1 r=10%,surface_sensor_wmape,0,15,225,5,not lit,18,197,0.091370558375634514,0.90862944162436554,0.55000000000000004,0.55000000000000004,0.55000000000000004,1
F3 m=1 r=10%,surface_sensor_wmape,0,16,240,0,0–5%,44,407,0.10810810810810811,0,0.047981545559400242,0.49642445213379471,0.26182237600922725,1
F3 m=1 r=10%,surface_sensor_wmape,0,16,240,1,5–10%,40,407,0.098280098280098274,0.10810810810810811,0.5870049980776626,0.82299115724721261,0.40868896578239144,1
F3 m=1 r=10%,surface_sensor_wmape,0,16,240,2,10–15%,32,407,0.078624078624078622,0.20638820638820637,0.99707804690503654,0.99876970396001541,0.74502114571318723,1
F3 m=1 r=10%,surface_sensor_wmape,0,16,240,3,15–20%,30,407,0.073710073710073709,0.28501228501228498,0.9831603229527105,0.61737793156478282,0.35040369088811996,1
F3 m=1 r=10%,surface_sensor_wmape,0,16,240,4,≥20%,218,407,0.53562653562653562,0.35872235872235869,0.73933102652825844,0.088581314878892731,0.15086505190311419,1
F3 m=1 r=10%,surface_sensor_wmape,0,16,240,5,not lit,43,407,0.10565110565110565,0.89434889434889431,0.55000000000000004,0.55000000000000004,0.55000000000000004,1
F3 m=1 r=10%,surface_sensor_wmape,0,17,255,0,0–5%,115,815,0.1411042944785276,0,0.047981545559400242,0.49642445213379471,0.26182237600922725,1
F3 m=1 r=10%,surface_sensor_wmape,0,17,255,1,5–10%,89,815,0.10920245398773006,0.1411042944785276,0.5870049980776626,0.82299115724721261,0.40868896578239144,1
F3 m=1 r=10%,surface_sensor_wmape,0,17,255,2,10–15%,57,815,0.069938650306748465,0.25030674846625767,0.99707804690503654,0.99876970396001541,0.74502114571318723,1
F3 m=1 r=10%,surface_sensor_wmape,0,17,255,3,15–20%,60,815,0.073619631901840496,0.32024539877300612,0.9831603229527105,0.61737793156478282,0.35040369088811996,1
F3 m=1 r=10%,surface_sensor_wmape,0,17,255,4,≥20%,407,815,0.49938650306748467,0.39386503067484663,0.73933102652825844,0.088581314878892731,0.15086505190311419,1
F3 m=1 r=10%,surface_sensor_wmape,0,17,255,5,not lit,87,815,0.10674846625766871,0.89325153374233124,0.55000000000000004,0.55000000000000004,0.55000000000000004,1
F3 m=1 r=10%,surface_sensor_wmape,0,18,270,0,0–5%,30,265,0.11320754716981132,0,0.047981545559400242,0.49642445213379471,0.26182237600922725,1
F3 m=1 r=10%,surface_sensor_wmape,0,18,270,1,5–10%,16,265,0.060377358490566038,0.11320754716981132,0.5870049980776626,0.82299115724721261,0.40868896578239144,1
F3 m=1 r=10%,surface_sensor_wmape,0,18,270,2,10–15%,20,265,0.075471698113207544,0.17358490566037738,0.99707804690503654,0.99876970396001541,0.74502114571318723,1
F3 m=1 r=10%,surface_sensor_wmape,0,18,270,3,15–20%,14,265,0.052830188679245285,0.24905660377358491,0.9831603229527105,0.61737793156478282,0.35040369088811996,1
F3 m=1 r=10%,surface_sensor_wmape,0,18,270,4,≥20%,152,265,0.57358490566037734,0.30188679245283018,0.73933102652825844,0.088581314878892731,0.15086505190311419,1
F3 m=1 r=10%,surface_sensor_wmape,0,18,270,5,not lit,33,265,0.12452830188679245,0.87547169811320757,0.55000000000000004,0.55000000000000004,0.55000000000000004,1
F3 m=1 r=10%,surface_sensor_wmape,0,19,285,0,0–5%,87,609,0.14285714285714285,0,0.047981545559400242,0.49642445213379471,0.26182237600922725,1
F3 m=1 r=10%,surface_sensor_wmape,0,19,285,1,5–10%,67,609,0.11001642036124795,0.14285714285714285,0.5870049980776626,0.82299115724721261,0.40868896578239144,1
F3 m=1 r=10%,surface_sensor_wmape,0,19,285,2,10–15%,59,609,0.09688013136288999,0.25287356321839083,0.99707804690503654,0.99876970396001541,0.74502114571318723,1
F3 m=1 r=10%,surface_sensor_wmape,0,19,285,3,15–20%,46,609,0.075533661740558297,0.34975369458128081,0.9831603229527105,0.61737793156478282,0.35040369088811996,1
F3 m=1 r=10%,surface_sensor_wmape,0,19,285,4,≥20%,252,609,0.41379310344827586,0.42528735632183912,0.73933102652825844,0.088581314878892731,0.15086505190311419,1
F3 m=1 r=10%,surface_sensor_wmape,0,19,285,5,not lit,98,609,0.16091954022988506,0.83908045977011492,0.55000000000000004,0.55000000000000004,0.55000000000000004,1
F3 m=1 r=10%,surface_sensor_wmape,0,20,300,0,0–5%,237,1781,0.13307130825379002,0,0.047981545559400242,0.49642445213379471,0.26182237600922725,1
F3 m=1 r=10%,surface_sensor_wmape,0,20,300,1,5–10%,179,1781,0.10050533408197641,0.13307130825379002,0.5870049980776626,0.82299115724721261,0.40868896578239144,1
F3 m=1 r=10%,surface_sensor_wmape,0,20,300,2,10–15%,166,1781,0.093206064008983722,0.23357664233576642,0.99707804690503654,0.99876970396001541,0.74502114571318723,1
F3 m=1 r=10%,surface_sensor_wmape,0,20,300,3,15–20%,109,1781,0.061201572150477258,0.32678270634475015,0.9831603229527105,0.61737793156478282,0.35040369088811996,1
F3 m=1 r=10%,surface_sensor_wmape,0,20,300,4,≥20%,605,1781,0.33969679955081417,0.38798427849522743,0.73933102652825844,0.088581314878892731,0.15086505190311419,1
F3 m=1 r=10%,surface_sensor_wmape,0,20,300,5,not lit,485,1781,0.27231892195395846,0.72768107804604165,0.55000000000000004,0.55000000000000004,0.55000000000000004,1
F3 m=1 r=10%,surface_sensor_wmape,0,21,315,0,0–5%,27,190,0.14210526315789473,0,0.047981545559400242,0.49642445213379471,0.26182237600922725,1
F3 m=1 r=10%,surface_sensor_wmape,0,21,315,1,5–10%,20,190,0.10526315789473684,0.14210526315789473,0.5870049980776626,0.82299115724721261,0.40868896578239144,1
F3 m=1 r=10%,surface_sensor_wmape,0,21,315,2,10–15%,22,190,0.11578947368421053,0.24736842105263157,0.99707804690503654,0.99876970396001541,0.74502114571318723,1
F3 m=1 r=10%,surface_sensor_wmape,0,21,315,3,15–20%,16,190,0.084210526315789472,0.36315789473684212,0.9831603229527105,0.61737793156478282,0.35040369088811996,1
F3 m=1 r=10%,surface_sensor_wmape,0,21,315,4,≥20%,80,190,0.42105263157894735,0.44736842105263158,0.73933102652825844,0.088581314878892731,0.15086505190311419,1
F3 m=1 r=10%,surface_sensor_wmape,0,21,315,5,not lit,25,190,0.13157894736842105,0.86842105263157898,0.55000000000000004,0.55000000000000004,0.55000000000000004,1
F3 m=1 r=10%,surface_sensor_wmape,0,22,330,0,0–5%,85,442,0.19230769230769232,0,0.047981545559400242,0.49642445213379471,0.26182237600922725,1
F3 m=1 r=10%,surface_sensor_wmape,0,22,330,1,5–10%,47,442,0.10633484162895927,0.19230769230769232,0.5870049980776626,0.82299115724721261,0.40868896578239144,1
F3 m=1 r=10%,surface_sensor_wmape,0,22,330,2,10–15%,43,442,0.097285067873303169,0.29864253393665158,0.99707804690503654,0.99876970396001541,0.74502114571318723,1
F3 m=1 r=10%,surface_sensor_wmape,0,22,330,3,15–20%,32,442,0.072398190045248875,0.39592760180995473,0.9831603229527105,0.61737793156478282,0.35040369088811996,1
F3 m=1 r=10%,surface_sensor_wmape,0,22,330,4,≥20%,143,442,0.3235294117647059,0.46832579185520362,0.73933102652825844,0.088581314878892731,0.15086505190311419,1
F3 m=1 r=10%,surface_sensor_wmape,0,22,330,5,not lit,92,442,0.20814479638009051,0.79185520361990958,0.55000000000000004,0.55000000000000004,0.55000000000000004,1
F3 m=1 r=10%,surface_sensor_wmape,0,23,345,0,0–5%,210,924,0.22727272727272727,0,0.047981545559400242,0.49642445213379471,0.26182237600922725,1
F3 m=1 r=10%,surface_sensor_wmape,0,23,345,1,5–10%,122,924,0.13203463203463203,0.22727272727272727,0.5870049980776626,0.82299115724721261,0.40868896578239144,1
F3 m=1 r=10%,surface_sensor_wmape,0,23,345,2,10–15%,73,924,0.079004329004329008,0.3593073593073593,0.99707804690503654,0.99876970396001541,0.74502114571318723,1
F3 m=1 r=10%,surface_sensor_wmape,0,23,345,3,15–20%,52,924,0.05627705627705628,0.43831168831168832,0.9831603229527105,0.61737793156478282,0.35040369088811996,1
F3 m=1 r=10%,surface_sensor_wmape,0,23,345,4,≥20%,265,924,0.28679653679653677,0.49458874458874458,0.73933102652825844,0.088581314878892731,0.15086505190311419,1
F3 m=1 r=10%,surface_sensor_wmape,0,23,345,5,not lit,202,924,0.21861471861471862,0.78138528138528129,0.55000000000000004,0.55000000000000004,0.55000000000000004,1
F3 m=1 r=10%,surface_sensor_wmape,15,0,0,0,0–5%,88,290,0.30344827586206896,0,0.047981545559400242,0.49642445213379471,0.26182237600922725,1
F3 m=1 r=10%,surface_sensor_wmape,15,0,0,1,5–10%,42,290,0.14482758620689656,0.30344827586206896,0.5870049980776626,0.82299115724721261,0.40868896578239144,1
F3 m=1 r=10%,surface_sensor_wmape,15,0,0,2,10–15%,21,290,0.072413793103448282,0.44827586206896552,0.99707804690503654,0.99876970396001541,0.74502114571318723,1
F3 m=1 r=10%,surface_sensor_wmape,15,0,0,3,15–20%,20,290,0.068965517241379309,0.52068965517241383,0.9831603229527105,0.61737793156478282,0.35040369088811996,1
F3 m=1 r=10%,surface_sensor_wmape,15,0,0,4,≥20%,72,290,0.24827586206896551,0.58965517241379317,0.73933102652825844,0.088581314878892731,0.15086505190311419,1
F3 m=1 r=10%,surface_sensor_wmape,15,0,0,5,not lit,47,290,0.16206896551724137,0.83793103448275863,0.55000000000000004,0.55000000000000004,0.55000000000000004,1
F3 m=1 r=10%,surface_sensor_wmape,15,1,15,0,0–5%,195,637,0.30612244897959184,0,0.047981545559400242,0.49642445213379471,0.26182237600922725,1
F3 m=1 r=10%,surface_sensor_wmape,15,1,15,1,5–10%,99,637,0.15541601255886969,0.30612244897959184,0.5870049980776626,0.82299115724721261,0.40868896578239144,1
F3 m=1 r=10%,surface_sensor_wmape,15,1,15,2,10–15%,67,637,0.10518053375196232,0.46153846153846156,0.99707804690503654,0.99876970396001541,0.74502114571318723,1
F3 m=1 r=10%,surface_sensor_wmape,15,1,15,3,15–20%,43,637,0.067503924646781788,0.56671899529042391,0.9831603229527105,0.61737793156478282,0.35040369088811996,1
F3 m=1 r=10%,surface_sensor_wmape,15,1,15,4,≥20%,149,637,0.23390894819466249,0.6342229199372057,0.73933102652825844,0.088581314878892731,0.15086505190311419,1
F3 m=1 r=10%,surface_sensor_wmape,15,1,15,5,not lit,84,637,0.13186813186813187,0.86813186813186816,0.55000000000000004,0.55000000000000004,0.55000000000000004,1
F3 m=1 r=10%,surface_sensor_wmape,15,2,30,0,0–5%,313,1703,0.1837933059307105,0,0.047981545559400242,0.49642445213379471,0.26182237600922725,1
F3 m=1 r=10%,surface_sensor_wmape,15,2,30,1,5–10%,285,1703,0.16735173223722841,0.1837933059307105,0.5870049980776626,0.82299115724721261,0.40868896578239144,1
F3 m=1 r=10%,surface_sensor_wmape,15,2,30,2,10–15%,229,1703,0.13446858485026425,0.35114503816793891,0.99707804690503654,0.99876970396001541,0.74502114571318723,1
F3 m=1 r=10%,surface_sensor_wmape,15,2,30,3,15–20%,150,1703,0.088079859072225486,0.48561362301820316,0.9831603229527105,0.61737793156478282,0.35040369088811996,1
F3 m=1 r=10%,surface_sensor_wmape,15,2,30,4,≥20%,435,1703,0.25543159130945392,0.5736934820904287,0.73933102652825844,0.088581314878892731,0.15086505190311419,1
F3 m=1 r=10%,surface_sensor_wmape,15,2,30,5,not lit,291,1703,0.17087492660011744,0.82912507339988262,0.55000000000000004,0.55000000000000004,0.55000000000000004,1
F3 m=1 r=10%,surface_sensor_wmape,15,3,45,0,0–5%,40,187,0.21390374331550802,0,0.047981545559400242,0.49642445213379471,0.26182237600922725,1
F3 m=1 r=10%,surface_sensor_wmape,15,3,45,1,5–10%,31,187,0.16577540106951871,0.21390374331550802,0.5870049980776626,0.82299115724721261,0.40868896578239144,1
F3 m=1 r=10%,surface_sensor_wmape,15,3,45,2,10–15%,14,187,0.074866310160427801,0.3796791443850267,0.99707804690503654,0.99876970396001541,0.74502114571318723,1
F3 m=1 r=10%,surface_sensor_wmape,15,3,45,3,15–20%,11,187,0.058823529411764705,0.45454545454545447,0.9831603229527105,0.61737793156478282,0.35040369088811996,1
F3 m=1 r=10%,surface_sensor_wmape,15,3,45,4,≥20%,69,187,0.36898395721925131,0.51336898395721919,0.73933102652825844,0.088581314878892731,0.15086505190311419,1
F3 m=1 r=10%,surface_sensor_wmape,15,3,45,5,not lit,22,187,0.11764705882352941,0.88235294117647056,0.55000000000000004,0.55000000000000004,0.55000000000000004,1
F3 m=1 r=10%,surface_sensor_wmape,15,4,60,0,0–5%,75,412,0.18203883495145631,0,0.047981545559400242,0.49642445213379471,0.26182237600922725,1
F3 m=1 r=10%,surface_sensor_wmape,15,4,60,1,5–10%,68,412,0.1650485436893204,0.18203883495145631,0.5870049980776626,0.82299115724721261,0.40868896578239144,1
F3 m=1 r=10%,surface_sensor_wmape,15,4,60,2,10–15%,37,412,0.089805825242718448,0.34708737864077671,0.99707804690503654,0.99876970396001541,0.74502114571318723,1
F3 m=1 r=10%,surface_sensor_wmape,15,4,60,3,15–20%,23,412,0.055825242718446605,0.43689320388349517,0.9831603229527105,0.61737793156478282,0.35040369088811996,1
F3 m=1 r=10%,surface_sensor_wmape,15,4,60,4,≥20%,157,412,0.38106796116504854,0.49271844660194175,0.73933102652825844,0.088581314878892731,0.15086505190311419,1
F3 m=1 r=10%,surface_sensor_wmape,15,4,60,5,not lit,52,412,0.12621359223300971,0.87378640776699035,0.55000000000000004,0.55000000000000004,0.55000000000000004,1
F3 m=1 r=10%,surface_sensor_wmape,15,5,75,0,0–5%,126,826,0.15254237288135594,0,0.047981545559400242,0.49642445213379471,0.26182237600922725,1
F3 m=1 r=10%,surface_sensor_wmape,15,5,75,1,5–10%,126,826,0.15254237288135594,0.15254237288135594,0.5870049980776626,0.82299115724721261,0.40868896578239144,1
F3 m=1 r=10%,surface_sensor_wmape,15,5,75,2,10–15%,58,826,0.070217917675544791,0.30508474576271188,0.99707804690503654,0.99876970396001541,0.74502114571318723,1
F3 m=1 r=10%,surface_sensor_wmape,15,5,75,3,15–20%,58,826,0.070217917675544791,0.37530266343825669,0.9831603229527105,0.61737793156478282,0.35040369088811996,1
F3 m=1 r=10%,surface_sensor_wmape,15,5,75,4,≥20%,374,826,0.45278450363196127,0.44552058111380149,0.73933102652825844,0.088581314878892731,0.15086505190311419,1
F3 m=1 r=10%,surface_sensor_wmape,15,5,75,5,not lit,84,826,0.10169491525423729,0.89830508474576276,0.55000000000000004,0.55000000000000004,0.55000000000000004,1
F3 m=1 r=10%,surface_sensor_wmape,15,6,90,0,0–5%,24,286,0.083916083916083919,0,0.047981545559400242,0.49642445213379471,0.26182237600922725,1
F3 m=1 r=10%,surface_sensor_wmape,15,6,90,1,5–10%,22,286,0.076923076923076927,0.083916083916083919,0.5870049980776626,0.82299115724721261,0.40868896578239144,1
F3 m=1 r=10%,surface_sensor_wmape,15,6,90,2,10–15%,22,286,0.076923076923076927,0.16083916083916083,0.99707804690503654,0.99876970396001541,0.74502114571318723,1
F3 m=1 r=10%,surface_sensor_wmape,15,6,90,3,15–20%,22,286,0.076923076923076927,0.23776223776223776,0.9831603229527105,0.61737793156478282,0.35040369088811996,1
F3 m=1 r=10%,surface_sensor_wmape,15,6,90,4,≥20%,159,286,0.55594405594405594,0.31468531468531469,0.73933102652825844,0.088581314878892731,0.15086505190311419,1
F3 m=1 r=10%,surface_sensor_wmape,15,6,90,5,not lit,37,286,0.12937062937062938,0.87062937062937062,0.55000000000000004,0.55000000000000004,0.55000000000000004,1
F3 m=1 r=10%,surface_sensor_wmape,15,7,105,0,0–5%,75,611,0.12274959083469722,0,0.047981545559400242,0.49642445213379471,0.26182237600922725,1
F3 m=1 r=10%,surface_sensor_wmape,15,7,105,1,5–10%,58,611,0.094926350245499183,0.12274959083469722,0.5870049980776626,0.82299115724721261,0.40868896578239144,1
F3 m=1 r=10%,surface_sensor_wmape,15,7,105,2,10–15%,46,611,0.075286415711947621,0.21767594108019639,0.99707804690503654,0.99876970396001541,0.74502114571318723,1
F3 m=1 r=10%,surface_sensor_wmape,15,7,105,3,15–20%,42,611,0.068739770867430439,0.292962356792144,0.9831603229527105,0.61737793156478282,0.35040369088811996,1
F3 m=1 r=10%,surface_sensor_wmape,15,7,105,4,≥20%,266,611,0.43535188216039278,0.36170212765957444,0.73933102652825844,0.088581314878892731,0.15086505190311419,1
F3 m=1 r=10%,surface_sensor_wmape,15,7,105,5,not lit,124,611,0.20294599018003273,0.79705400981996721,0.55000000000000004,0.55000000000000004,0.55000000000000004,1
F3 m=1 r=10%,surface_sensor_wmape,15,8,120,0,0–5%,167,1778,0.09392575928008999,0,0.047981545559400242,0.49642445213379471,0.26182237600922725,1
F3 m=1 r=10%,surface_sensor_wmape,15,8,120,1,5–10%,118,1778,0.066366704161979748,0.09392575928008999,0.5870049980776626,0.82299115724721261,0.40868896578239144,1
F3 m=1 r=10%,surface_sensor_wmape,15,8,120,2,10–15%,148,1778,0.083239595050618675,0.16029246344206974,0.99707804690503654,0.99876970396001541,0.74502114571318723,1
F3 m=1 r=10%,surface_sensor_wmape,15,8,120,3,15–20%,105,1778,0.05905511811023622,0.24353205849268841,0.9831603229527105,0.61737793156478282,0.35040369088811996,1
F3 m=1 r=10%,surface_sensor_wmape,15,8,120,4,≥20%,740,1778,0.41619797525309338,0.30258717660292461,0.73933102652825844,0.088581314878892731,0.15086505190311419,1
F3 m=1 r=10%,surface_sensor_wmape,15,8,120,5,not lit,500,1778,0.28121484814398201,0.71878515185601799,0.55000000000000004,0.55000000000000004,0.55000000000000004,1
F3 m=1 r=10%,surface_sensor_wmape,15,9,135,0,0–5%,21,188,0.11170212765957446,0,0.047981545559400242,0.49642445213379471,0.26182237600922725,1
F3 m=1 r=10%,surface_sensor_wmape,15,9,135,1,5–10%,14,188,0.074468085106382975,0.11170212765957446,0.5870049980776626,0.82299115724721261,0.40868896578239144,1
F3 m=1 r=10%,surface_sensor_wmape,15,9,135,2,10–15%,10,188,0.053191489361702128,0.18617021276595744,0.99707804690503654,0.99876970396001541,0.74502114571318723,1
F3 m=1 r=10%,surface_sensor_wmape,15,9,135,3,15–20%,23,188,0.12234042553191489,0.23936170212765956,0.9831603229527105,0.61737793156478282,0.35040369088811996,1
F3 m=1 r=10%,surface_sensor_wmape,15,9,135,4,≥20%,83,188,0.44148936170212766,0.36170212765957444,0.73933102652825844,0.088581314878892731,0.15086505190311419,1
F3 m=1 r=10%,surface_sensor_wmape,15,9,135,5,not lit,37,188,0.19680851063829788,0.80319148936170204,0.55000000000000004,0.55000000000000004,0.55000000000000004,1
F3 m=1 r=10%,surface_sensor_wmape,15,10,150,0,0–5%,26,456,0.05701754385964912,0,0.047981545559400242,0.49642445213379471,0.26182237600922725,1
F3 m=1 r=10%,surface_sensor_wmape,15,10,150,1,5–10%,30,456,0.065789473684210523,0.05701754385964912,0.5870049980776626,0.82299115724721261,0.40868896578239144,1
F3 m=1 r=10%,surface_sensor_wmape,15,10,150,2,10–15%,32,456,0.070175438596491224,0.12280701754385964,0.99707804690503654,0.99876970396001541,0.74502114571318723,1
F3 m=1 r=10%,surface_sensor_wmape,15,10,150,3,15–20%,20,456,0.043859649122807015,0.19298245614035087,0.9831603229527105,0.61737793156478282,0.35040369088811996,1
F3 m=1 r=10%,surface_sensor_wmape,15,10,150,4,≥20%,257,456,0.56359649122807021,0.23684210526315788,0.73933102652825844,0.088581314878892731,0.15086505190311419,1
F3 m=1 r=10%,surface_sensor_wmape,15,10,150,5,not lit,91,456,0.19956140350877194,0.80043859649122806,0.55000000000000004,0.55000000000000004,0.55000000000000004,1
F3 m=1 r=10%,surface_sensor_wmape,15,11,165,0,0–5%,74,907,0.081587651598676952,0,0.047981545559400242,0.49642445213379471,0.26182237600922725,1
F3 m=1 r=10%,surface_sensor_wmape,15,11,165,1,5–10%,53,907,0.058434399117971332,0.081587651598676952,0.5870049980776626,0.82299115724721261,0.40868896578239144,1
F3 m=1 r=10%,surface_sensor_wmape,15,11,165,2,10–15%,34,907,0.037486218302094816,0.14002205071664828,0.99707804690503654,0.99876970396001541,0.74502114571318723,1
F3 m=1 r=10%,surface_sensor_wmape,15,11,165,3,15–20%,39,907,0.042998897464167588,0.17750826901874309,0.9831603229527105,0.61737793156478282,0.35040369088811996,1
F3 m=1 r=10%,surface_sensor_wmape,15,11,165,4,≥20%,507,907,0.55898566703417862,0.22050716648291069,0.73933102652825844,0.088581314878892731,0.15086505190311419,1
F3 m=1 r=10%,surface_sensor_wmape,15,11,165,5,not lit,200,907,0.22050716648291069,0.77949283351708931,0.55000000000000004,0.55000000000000004,0.55000000000000004,1
F3 m=1 r=10%,surface_sensor_wmape,15,12,180,0,0–5%,8,276,0.028985507246376812,0,0.047981545559400242,0.49642445213379471,0.26182237600922725,1
F3 m=1 r=10%,surface_sensor_wmape,15,12,180,1,5–10%,11,276,0.039855072463768113,0.028985507246376812,0.5870049980776626,0.82299115724721261,0.40868896578239144,1
F3 m=1 r=10%,surface_sensor_wmape,15,12,180,2,10–15%,14,276,0.050724637681159424,0.068840579710144928,0.99707804690503654,0.99876970396001541,0.74502114571318723,1
F3 m=1 r=10%,surface_sensor_wmape,15,12,180,3,15–20%,13,276,0.04710144927536232,0.11956521739130435,0.9831603229527105,0.61737793156478282,0.35040369088811996,1
F3 m=1 r=10%,surface_sensor_wmape,15,12,180,4,≥20%,180,276,0.65217391304347827,0.16666666666666669,0.73933102652825844,0.088581314878892731,0.15086505190311419,1
F3 m=1 r=10%,surface_sensor_wmape,15,12,180,5,not lit,50,276,0.18115942028985507,0.81884057971014501,0.55000000000000004,0.55000000000000004,0.55000000000000004,1
F3 m=1 r=10%,surface_sensor_wmape,15,13,195,0,0–5%,36,610,0.059016393442622953,0,0.047981545559400242,0.49642445213379471,0.26182237600922725,1
F3 m=1 r=10%,surface_sensor_wmape,15,13,195,1,5–10%,37,610,0.060655737704918035,0.059016393442622953,0.5870049980776626,0.82299115724721261,0.40868896578239144,1
F3 m=1 r=10%,surface_sensor_wmape,15,13,195,2,10–15%,43,610,0.070491803278688522,0.11967213114754099,0.99707804690503654,0.99876970396001541,0.74502114571318723,1
F3 m=1 r=10%,surface_sensor_wmape,15,13,195,3,15–20%,22,610,0.036065573770491806,0.19016393442622953,0.9831603229527105,0.61737793156478282,0.35040369088811996,1
F3 m=1 r=10%,surface_sensor_wmape,15,13,195,4,≥20%,371,610,0.6081967213114754,0.22622950819672133,0.73933102652825844,0.088581314878892731,0.15086505190311419,1
F3 m=1 r=10%,surface_sensor_wmape,15,13,195,5,not lit,101,610,0.16557377049180327,0.83442622950819678,0.55000000000000004,0.55000000000000004,0.55000000000000004,1
F3 m=1 r=10%,surface_sensor_wmape,15,14,210,0,0–5%,201,1679,0.11971411554496725,0,0.047981545559400242,0.49642445213379471,0.26182237600922725,1
F3 m=1 r=10%,surface_sensor_wmape,15,14,210,1,5–10%,138,1679,0.082191780821917804,0.11971411554496725,0.5870049980776626,0.82299115724721261,0.40868896578239144,1
F3 m=1 r=10%,surface_sensor_wmape,15,14,210,2,10–15%,151,1679,0.089934484812388332,0.20190589636688505,0.99707804690503654,0.99876970396001541,0.74502114571318723,1
F3 m=1 r=10%,surface_sensor_wmape,15,14,210,3,15–20%,145,1679,0.086360929124478861,0.29184038117927336,0.9831603229527105,0.61737793156478282,0.35040369088811996,1
F3 m=1 r=10%,surface_sensor_wmape,15,14,210,4,≥20%,771,1679,0.45920190589636689,0.3782013103037522,0.73933102652825844,0.088581314878892731,0.15086505190311419,1
F3 m=1 r=10%,surface_sensor_wmape,15,14,210,5,not lit,273,1679,0.16259678379988088,0.83740321620011904,0.55000000000000004,0.55000000000000004,0.55000000000000004,1
F3 m=1 r=10%,surface_sensor_wmape,15,15,225,0,0–5%,28,197,0.14213197969543148,0,0.047981545559400242,0.49642445213379471,0.26182237600922725,1
F3 m=1 r=10%,surface_sensor_wmape,15,15,225,1,5–10%,21,197,0.1065989847715736,0.14213197969543148,0.5870049980776626,0.82299115724721261,0.40868896578239144,1
F3 m=1 r=10%,surface_sensor_wmape,15,15,225,2,10–15%,21,197,0.1065989847715736,0.2487309644670051,0.99707804690503654,0.99876970396001541,0.74502114571318723,1
F3 m=1 r=10%,surface_sensor_wmape,15,15,225,3,15–20%,21,197,0.1065989847715736,0.35532994923857869,0.9831603229527105,0.61737793156478282,0.35040369088811996,1
F3 m=1 r=10%,surface_sensor_wmape,15,15,225,4,≥20%,88,197,0.4467005076142132,0.46192893401015228,0.73933102652825844,0.088581314878892731,0.15086505190311419,1
F3 m=1 r=10%,surface_sensor_wmape,15,15,225,5,not lit,18,197,0.091370558375634514,0.90862944162436543,0.55000000000000004,0.55000000000000004,0.55000000000000004,1
F3 m=1 r=10%,surface_sensor_wmape,15,16,240,0,0–5%,49,407,0.12039312039312039,0,0.047981545559400242,0.49642445213379471,0.26182237600922725,1
F3 m=1 r=10%,surface_sensor_wmape,15,16,240,1,5–10%,40,407,0.098280098280098274,0.12039312039312039,0.5870049980776626,0.82299115724721261,0.40868896578239144,1
F3 m=1 r=10%,surface_sensor_wmape,15,16,240,2,10–15%,39,407,0.095823095823095825,0.21867321867321865,0.99707804690503654,0.99876970396001541,0.74502114571318723,1
F3 m=1 r=10%,surface_sensor_wmape,15,16,240,3,15–20%,31,407,0.076167076167076173,0.31449631449631449,0.9831603229527105,0.61737793156478282,0.35040369088811996,1
F3 m=1 r=10%,surface_sensor_wmape,15,16,240,4,≥20%,204,407,0.50122850122850127,0.39066339066339067,0.73933102652825844,0.088581314878892731,0.15086505190311419,1
F3 m=1 r=10%,surface_sensor_wmape,15,16,240,5,not lit,44,407,0.10810810810810811,0.89189189189189189,0.55000000000000004,0.55000000000000004,0.55000000000000004,1
F3 m=1 r=10%,surface_sensor_wmape,15,17,255,0,0–5%,118,815,0.14478527607361963,0,0.047981545559400242,0.49642445213379471,0.26182237600922725,1
F3 m=1 r=10%,surface_sensor_wmape,15,17,255,1,5–10%,83,815,0.10184049079754601,0.14478527607361963,0.5870049980776626,0.82299115724721261,0.40868896578239144,1
F3 m=1 r=10%,surface_sensor_wmape,15,17,255,2,10–15%,74,815,0.090797546012269942,0.24662576687116564,0.99707804690503654,0.99876970396001541,0.74502114571318723,1
F3 m=1 r=10%,surface_sensor_wmape,15,17,255,3,15–20%,66,815,0.080981595092024544,0.33742331288343558,0.9831603229527105,0.61737793156478282,0.35040369088811996,1
F3 m=1 r=10%,surface_sensor_wmape,15,17,255,4,≥20%,389,815,0.47730061349693254,0.41840490797546015,0.73933102652825844,0.088581314878892731,0.15086505190311419,1
F3 m=1 r=10%,surface_sensor_wmape,15,17,255,5,not lit,85,815,0.10429447852760736,0.89570552147239269,0.55000000000000004,0.55000000000000004,0.55000000000000004,1
F3 m=1 r=10%,surface_sensor_wmape,15,18,270,0,0–5%,23,265,0.086792452830188674,0,0.047981545559400242,0.49642445213379471,0.26182237600922725,1
F3 m=1 r=10%,surface_sensor_wmape,15,18,270,1,5–10%,18,265,0.067924528301886791,0.086792452830188674,0.5870049980776626,0.82299115724721261,0.40868896578239144,1
F3 m=1 r=10%,surface_sensor_wmape,15,18,270,2,10–15%,19,265,0.071698113207547168,0.15471698113207547,0.99707804690503654,0.99876970396001541,0.74502114571318723,1
F3 m=1 r=10%,surface_sensor_wmape,15,18,270,3,15–20%,18,265,0.067924528301886791,0.22641509433962265,0.9831603229527105,0.61737793156478282,0.35040369088811996,1
F3 m=1 r=10%,surface_sensor_wmape,15,18,270,4,≥20%,154,265,0.5811320754716981,0.29433962264150942,0.73933102652825844,0.088581314878892731,0.15086505190311419,1
F3 m=1 r=10%,surface_sensor_wmape,15,18,270,5,not lit,33,265,0.12452830188679245,0.87547169811320757,0.55000000000000004,0.55000000000000004,0.55000000000000004,1
F3 m=1 r=10%,surface_sensor_wmape,15,19,285,0,0–5%,84,609,0.13793103448275862,0,0.047981545559400242,0.49642445213379471,0.26182237600922725,1
F3 m=1 r=10%,surface_sensor_wmape,15,19,285,1,5–10%,73,609,0.11986863711001643,0.13793103448275862,0.5870049980776626,0.82299115724721261,0.40868896578239144,1
F3 m=1 r=10%,surface_sensor_wmape,15,19,285,2,10–15%,53,609,0.087027914614121515,0.25779967159277506,0.99707804690503654,0.99876970396001541,0.74502114571318723,1
F3 m=1 r=10%,surface_sensor_wmape,15,19,285,3,15–20%,56,609,0.091954022988505746,0.34482758620689657,0.9831603229527105,0.61737793156478282,0.35040369088811996,1
F3 m=1 r=10%,surface_sensor_wmape,15,19,285,4,≥20%,246,609,0.4039408866995074,0.43678160919540232,0.73933102652825844,0.088581314878892731,0.15086505190311419,1
F3 m=1 r=10%,surface_sensor_wmape,15,19,285,5,not lit,97,609,0.15927750410509031,0.84072249589490977,0.55000000000000004,0.55000000000000004,0.55000000000000004,1
F3 m=1 r=10%,surface_sensor_wmape,15,20,300,0,0–5%,253,1781,0.1420550252667041,0,0.047981545559400242,0.49642445213379471,0.26182237600922725,1
F3 m=1 r=10%,surface_sensor_wmape,15,20,300,1,5–10%,187,1781,0.10499719258843346,0.1420550252667041,0.5870049980776626,0.82299115724721261,0.40868896578239144,1
F3 m=1 r=10%,surface_sensor_wmape,15,20,300,2,10–15%,156,1781,0.087591240875912413,0.24705221785513756,0.99707804690503654,0.99876970396001541,0.74502114571318723,1
F3 m=1 r=10%,surface_sensor_wmape,15,20,300,3,15–20%,123,1781,0.069062324536777089,0.33464345873104995,0.9831603229527105,0.61737793156478282,0.35040369088811996,1
F3 m=1 r=10%,surface_sensor_wmape,15,20,300,4,≥20%,599,1781,0.33632790567097137,0.40370578326782702,0.73933102652825844,0.088581314878892731,0.15086505190311419,1
F3 m=1 r=10%,surface_sensor_wmape,15,20,300,5,not lit,463,1781,0.25996631106120155,0.7400336889387984,0.55000000000000004,0.55000000000000004,0.55000000000000004,1
F3 m=1 r=10%,surface_sensor_wmape,15,21,315,0,0–5%,29,190,0.15263157894736842,0,0.047981545559400242,0.49642445213379471,0.26182237600922725,1
F3 m=1 r=10%,surface_sensor_wmape,15,21,315,1,5–10%,19,190,0.10000000000000001,0.15263157894736842,0.5870049980776626,0.82299115724721261,0.40868896578239144,1
F3 m=1 r=10%,surface_sensor_wmape,15,21,315,2,10–15%,20,190,0.10526315789473684,0.25263157894736843,0.99707804690503654,0.99876970396001541,0.74502114571318723,1
F3 m=1 r=10%,surface_sensor_wmape,15,21,315,3,15–20%,18,190,0.094736842105263161,0.35789473684210527,0.9831603229527105,0.61737793156478282,0.35040369088811996,1
F3 m=1 r=10%,surface_sensor_wmape,15,21,315,4,≥20%,80,190,0.42105263157894735,0.45263157894736844,0.73933102652825844,0.088581314878892731,0.15086505190311419,1
F3 m=1 r=10%,surface_sensor_wmape,15,21,315,5,not lit,24,190,0.12631578947368421,0.87368421052631584,0.55000000000000004,0.55000000000000004,0.55000000000000004,1
F3 m=1 r=10%,surface_sensor_wmape,15,22,330,0,0–5%,68,442,0.15384615384615385,0,0.047981545559400242,0.49642445213379471,0.26182237600922725,1
F3 m=1 r=10%,surface_sensor_wmape,15,22,330,1,5–10%,47,442,0.10633484162895927,0.15384615384615385,0.5870049980776626,0.82299115724721261,0.40868896578239144,1
F3 m=1 r=10%,surface_sensor_wmape,15,22,330,2,10–15%,42,442,0.095022624434389136,0.26018099547511314,0.99707804690503654,0.99876970396001541,0.74502114571318723,1
F3 m=1 r=10%,surface_sensor_wmape,15,22,330,3,15–20%,30,442,0.067873303167420809,0.35520361990950228,0.9831603229527105,0.61737793156478282,0.35040369088811996,1
F3 m=1 r=10%,surface_sensor_wmape,15,22,330,4,≥20%,160,442,0.36199095022624433,0.42307692307692307,0.73933102652825844,0.088581314878892731,0.15086505190311419,1
F3 m=1 r=10%,surface_sensor_wmape,15,22,330,5,not lit,95,442,0.21493212669683259,0.78506787330316741,0.55000000000000004,0.55000000000000004,0.55000000000000004,1
F3 m=1 r=10%,surface_sensor_wmape,15,23,345,0,0–5%,201,924,0.21753246753246752,0,0.047981545559400242,0.49642445213379471,0.26182237600922725,1
F3 m=1 r=10%,surface_sensor_wmape,15,23,345,1,5–10%,127,924,0.13744588744588745,0.21753246753246752,0.5870049980776626,0.82299115724721261,0.40868896578239144,1
F3 m=1 r=10%,surface_sensor_wmape,15,23,345,2,10–15%,101,924,0.10930735930735931,0.35497835497835495,0.99707804690503654,0.99876970396001541,0.74502114571318723,1
F3 m=1 r=10%,surface_sensor_wmape,15,23,345,3,15–20%,55,924,0.059523809523809521,0.46428571428571425,0.9831603229527105,0.61737793156478282,0.35040369088811996,1
F3 m=1 r=10%,surface_sensor_wmape,15,23,345,4,≥20%,235,924,0.25432900432900435,0.52380952380952372,0.73933102652825844,0.088581314878892731,0.15086505190311419,1
F3 m=1 r=10%,surface_sensor_wmape,15,23,345,5,not lit,205,924,0.22186147186147187,0.77813852813852802,0.55000000000000004,0.55000000000000004,0.55000000000000004,1
F3 m=1 r=10%,surface_sensor_wmape,30,0,0,0,0–5%,45,290,0.15517241379310345,0,0.047981545559400242,0.49642445213379471,0.26182237600922725,1
F3 m=1 r=10%,surface_sensor_wmape,30,0,0,1,5–10%,36,290,0.12413793103448276,0.15517241379310345,0.5870049980776626,0.82299115724721261,0.40868896578239144,1
F3 m=1 r=10%,surface_sensor_wmape,30,0,0,2,10–15%,24,290,0.082758620689655171,0.27931034482758621,0.99707804690503654,0.99876970396001541,0.74502114571318723,1
F3 m=1 r=10%,surface_sensor_wmape,30,0,0,3,15–20%,16,290,0.055172413793103448,0.36206896551724138,0.9831603229527105,0.61737793156478282,0.35040369088811996,1
F3 m=1 r=10%,surface_sensor_wmape,30,0,0,4,≥20%,110,290,0.37931034482758619,0.41724137931034483,0.73933102652825844,0.088581314878892731,0.15086505190311419,1
F3 m=1 r=10%,surface_sensor_wmape,30,0,0,5,not lit,59,290,0.20344827586206896,0.79655172413793096,0.55000000000000004,0.55000000000000004,0.55000000000000004,1
F3 m=1 r=10%,surface_sensor_wmape,30,1,15,0,0–5%,120,637,0.18838304552590268,0,0.047981545559400242,0.49642445213379471,0.26182237600922725,1
F3 m=1 r=10%,surface_sensor_wmape,30,1,15,1,5–10%,74,637,0.11616954474097331,0.18838304552590268,0.5870049980776626,0.82299115724721261,0.40868896578239144,1
F3 m=1 r=10%,surface_sensor_wmape,30,1,15,2,10–15%,59,637,0.092621664050235475,0.30455259026687598,0.99707804690503654,0.99876970396001541,0.74502114571318723,1
F3 m=1 r=10%,surface_sensor_wmape,30,1,15,3,15–20%,46,637,0.072213500784929358,0.39717425431711145,0.9831603229527105,0.61737793156478282,0.35040369088811996,1
F3 m=1 r=10%,surface_sensor_wmape,30,1,15,4,≥20%,247,637,0.38775510204081631,0.46938775510204078,0.73933102652825844,0.088581314878892731,0.15086505190311419,1
F3 m=1 r=10%,surface_sensor_wmape,30,1,15,5,not lit,91,637,0.14285714285714285,0.8571428571428571,0.55000000000000004,0.55000000000000004,0.55000000000000004,1
F3 m=1 r=10%,surface_sensor_wmape,30,2,30,0,0–5%,253,1703,0.14856136230182032,0,0.047981545559400242,0.49642445213379471,0.26182237600922725,1
F3 m=1 r=10%,surface_sensor_wmape,30,2,30,1,5–10%,246,1703,0.1444509688784498,0.14856136230182032,0.5870049980776626,0.82299115724721261,0.40868896578239144,1
F3 m=1 r=10%,surface_sensor_wmape,30,2,30,2,10–15%,214,1703,0.12566059894304168,0.29301233118027015,0.99707804690503654,0.99876970396001541,0.74502114571318723,1
F3 m=1 r=10%,surface_sensor_wmape,30,2,30,3,15–20%,131,1703,0.076923076923076927,0.41867293012331186,0.9831603229527105,0.61737793156478282,0.35040369088811996,1
F3 m=1 r=10%,surface_sensor_wmape,30,2,30,4,≥20%,525,1703,0.3082795067527892,0.49559600704638879,0.73933102652825844,0.088581314878892731,0.15086505190311419,1
F3 m=1 r=10%,surface_sensor_wmape,30,2,30,5,not lit,334,1703,0.19612448620082207,0.80387551379917799,0.55000000000000004,0.55000000000000004,0.55000000000000004,1
F3 m=1 r=10%,surface_sensor_wmape,30,3,45,0,0–5%,25,187,0.13368983957219252,0,0.047981545559400242,0.49642445213379471,0.26182237600922725,1
F3 m=1 r=10%,surface_sensor_wmape,30,3,45,1,5–10%,30,187,0.16042780748663102,0.13368983957219252,0.5870049980776626,0.82299115724721261,0.40868896578239144,1
F3 m=1 r=10%,surface_sensor_wmape,30,3,45,2,10–15%,19,187,0.10160427807486631,0.29411764705882354,0.99707804690503654,0.99876970396001541,0.74502114571318723,1
F3 m=1 r=10%,surface_sensor_wmape,30,3,45,3,15–20%,16,187,0.085561497326203204,0.39572192513368987,0.9831603229527105,0.61737793156478282,0.35040369088811996,1
F3 m=1 r=10%,surface_sensor_wmape,30,3,45,4,≥20%,69,187,0.36898395721925131,0.48128342245989308,0.73933102652825844,0.088581314878892731,0.15086505190311419,1
F3 m=1 r=10%,surface_sensor_wmape,30,3,45,5,not lit,28,187,0.1497326203208556,0.85026737967914445,0.55000000000000004,0.55000000000000004,0.55000000000000004,1
F3 m=1 r=10%,surface_sensor_wmape,30,4,60,0,0–5%,66,412,0.16019417475728157,0,0.047981545559400242,0.49642445213379471,0.26182237600922725,1
F3 m=1 r=10%,surface_sensor_wmape,30,4,60,1,5–10%,61,412,0.14805825242718446,0.16019417475728157,0.5870049980776626,0.82299115724721261,0.40868896578239144,1
F3 m=1 r=10%,surface_sensor_wmape,30,4,60,2,10–15%,43,412,0.10436893203883495,0.30825242718446599,0.99707804690503654,0.99876970396001541,0.74502114571318723,1
F3 m=1 r=10%,surface_sensor_wmape,30,4,60,3,15–20%,22,412,0.053398058252427182,0.41262135922330095,0.9831603229527105,0.61737793156478282,0.35040369088811996,1
F3 m=1 r=10%,surface_sensor_wmape,30,4,60,4,≥20%,164,412,0.39805825242718446,0.46601941747572811,0.73933102652825844,0.088581314878892731,0.15086505190311419,1
F3 m=1 r=10%,surface_sensor_wmape,30,4,60,5,not lit,56,412,0.13592233009708737,0.86407766990291257,0.55000000000000004,0.55000000000000004,0.55000000000000004,1
F3 m=1 r=10%,surface_sensor_wmape,30,5,75,0,0–5%,118,826,0.14285714285714285,0,0.047981545559400242,0.49642445213379471,0.26182237600922725,1
F3 m=1 r=10%,surface_sensor_wmape,30,5,75,1,5–10%,84,826,0.10169491525423729,0.14285714285714285,0.5870049980776626,0.82299115724721261,0.40868896578239144,1
F3 m=1 r=10%,surface_sensor_wmape,30,5,75,2,10–15%,77,826,0.093220338983050849,0.24455205811138014,0.99707804690503654,0.99876970396001541,0.74502114571318723,1
F3 m=1 r=10%,surface_sensor_wmape,30,5,75,3,15–20%,64,826,0.077481840193704604,0.33777239709443097,0.9831603229527105,0.61737793156478282,0.35040369088811996,1
F3 m=1 r=10%,surface_sensor_wmape,30,5,75,4,≥20%,399,826,0.48305084745762711,0.4152542372881356,0.73933102652825844,0.088581314878892731,0.15086505190311419,1
F3 m=1 r=10%,surface_sensor_wmape,30,5,75,5,not lit,84,826,0.10169491525423729,0.89830508474576276,0.55000000000000004,0.55000000000000004,0.55000000000000004,1
F3 m=1 r=10%,surface_sensor_wmape,30,6,90,0,0–5%,20,286,0.069930069930069935,0,0.047981545559400242,0.49642445213379471,0.26182237600922725,1
F3 m=1 r=10%,surface_sensor_wmape,30,6,90,1,5–10%,22,286,0.076923076923076927,0.069930069930069935,0.5870049980776626,0.82299115724721261,0.40868896578239144,1
F3 m=1 r=10%,surface_sensor_wmape,30,6,90,2,10–15%,33,286,0.11538461538461539,0.14685314685314688,0.99707804690503654,0.99876970396001541,0.74502114571318723,1
F3 m=1 r=10%,surface_sensor_wmape,30,6,90,3,15–20%,17,286,0.05944055944055944,0.2622377622377623,0.9831603229527105,0.61737793156478282,0.35040369088811996,1
F3 m=1 r=10%,surface_sensor_wmape,30,6,90,4,≥20%,158,286,0.55244755244755239,0.32167832167832172,0.73933102652825844,0.088581314878892731,0.15086505190311419,1
F3 m=1 r=10%,surface_sensor_wmape,30,6,90,5,not lit,36,286,0.12587412587412589,0.87412587412587417,0.55000000000000004,0.55000000000000004,0.55000000000000004,1
F3 m=1 r=10%,surface_sensor_wmape,30,7,105,0,0–5%,80,611,0.13093289689034371,0,0.047981545559400242,0.49642445213379471,0.26182237600922725,1
F3 m=1 r=10%,surface_sensor_wmape,30,7,105,1,5–10%,53,611,0.086743044189852694,0.13093289689034371,0.5870049980776626,0.82299115724721261,0.40868896578239144,1
F3 m=1 r=10%,surface_sensor_wmape,30,7,105,2,10–15%,45,611,0.073649754500818329,0.21767594108019639,0.99707804690503654,0.99876970396001541,0.74502114571318723,1
F3 m=1 r=10%,surface_sensor_wmape,30,7,105,3,15–20%,49,611,0.080196399345335512,0.29132569558101473,0.9831603229527105,0.61737793156478282,0.35040369088811996,1
F3 m=1 r=10%,surface_sensor_wmape,30,7,105,4,≥20%,262,611,0.42880523731587561,0.37152209492635024,0.73933102652825844,0.088581314878892731,0.15086505190311419,1
F3 m=1 r=10%,surface_sensor_wmape,30,7,105,5,not lit,122,611,0.19967266775777415,0.80032733224222585,0.55000000000000004,0.55000000000000004,0.55000000000000004,1
F3 m=1 r=10%,surface_sensor_wmape,30,8,120,0,0–5%,173,1778,0.09730033745781777,0,0.047981545559400242,0.49642445213379471,0.26182237600922725,1
F3 m=1 r=10%,surface_sensor_wmape,30,8,120,1,5–10%,134,1778,0.07536557930258718,0.09730033745781777,0.5870049980776626,0.82299115724721261,0.40868896578239144,1
F3 m=1 r=10%,surface_sensor_wmape,30,8,120,2,10–15%,156,1778,0.087739032620922391,0.17266591676040494,0.99707804690503654,0.99876970396001541,0.74502114571318723,1
F3 m=1 r=10%,surface_sensor_wmape,30,8,120,3,15–20%,133,1778,0.074803149606299218,0.2604049493813273,0.9831603229527105,0.61737793156478282,0.35040369088811996,1
F3 m=1 r=10%,surface_sensor_wmape,30,8,120,4,≥20%,682,1778,0.38357705286839144,0.33520809898762649,0.73933102652825844,0.088581314878892731,0.15086505190311419,1
F3 m=1 r=10%,surface_sensor_wmape,30,8,120,5,not lit,500,1778,0.28121484814398201,0.71878515185601799,0.55000000000000004,0.55000000000000004,0.55000000000000004,1
F3 m=1 r=10%,surface_sensor_wmape,30,9,135,0,0–5%,17,188,0.090425531914893623,0,0.047981545559400242,0.49642445213379471,0.26182237600922725,1
F3 m=1 r=10%,surface_sensor_wmape,30,9,135,1,5–10%,22,188,0.11702127659574468,0.090425531914893623,0.5870049980776626,0.82299115724721261,0.40868896578239144,1
F3 m=1 r=10%,surface_sensor_wmape,30,9,135,2,10–15%,13,188,0.069148936170212769,0.20744680851063829,0.99707804690503654,0.99876970396001541,0.74502114571318723,1
F3 m=1 r=10%,surface_sensor_wmape,30,9,135,3,15–20%,12,188,0.063829787234042548,0.27659574468085107,0.9831603229527105,0.61737793156478282,0.35040369088811996,1
F3 m=1 r=10%,surface_sensor_wmape,30,9,135,4,≥20%,87,188,0.46276595744680848,0.34042553191489361,0.73933102652825844,0.088581314878892731,0.15086505190311419,1
F3 m=1 r=10%,surface_sensor_wmape,30,9,135,5,not lit,37,188,0.19680851063829788,0.80319148936170204,0.55000000000000004,0.55000000000000004,0.55000000000000004,1
F3 m=1 r=10%,surface_sensor_wmape,30,10,150,0,0–5%,37,456,0.081140350877192985,0,0.047981545559400242,0.49642445213379471,0.26182237600922725,1
F3 m=1 r=10%,surface_sensor_wmape,30,10,150,1,5–10%,27,456,0.05921052631578947,0.081140350877192985,0.5870049980776626,0.82299115724721261,0.40868896578239144,1
F3 m=1 r=10%,surface_sensor_wmape,30,10,150,2,10–15%,25,456,0.054824561403508769,0.14035087719298245,0.99707804690503654,0.99876970396001541,0.74502114571318723,1
F3 m=1 r=10%,surface_sensor_wmape,30,10,150,3,15–20%,32,456,0.070175438596491224,0.19517543859649122,0.9831603229527105,0.61737793156478282,0.35040369088811996,1
F3 m=1 r=10%,surface_sensor_wmape,30,10,150,4,≥20%,238,456,0.52192982456140347,0.26535087719298245,0.73933102652825844,0.088581314878892731,0.15086505190311419,1
F3 m=1 r=10%,surface_sensor_wmape,30,10,150,5,not lit,97,456,0.21271929824561403,0.78728070175438591,0.55000000000000004,0.55000000000000004,0.55000000000000004,1
F3 m=1 r=10%,surface_sensor_wmape,30,11,165,0,0–5%,98,907,0.10804851157662625,0,0.047981545559400242,0.49642445213379471,0.26182237600922725,1
F3 m=1 r=10%,surface_sensor_wmape,30,11,165,1,5–10%,51,907,0.056229327453142228,0.10804851157662625,0.5870049980776626,0.82299115724721261,0.40868896578239144,1
F3 m=1 r=10%,surface_sensor_wmape,30,11,165,2,10–15%,54,907,0.059536934950385888,0.16427783902976847,0.99707804690503654,0.99876970396001541,0.74502114571318723,1
F3 m=1 r=10%,surface_sensor_wmape,30,11,165,3,15–20%,52,907,0.057331863285556783,0.22381477398015437,0.9831603229527105,0.61737793156478282,0.35040369088811996,1
F3 m=1 r=10%,surface_sensor_wmape,30,11,165,4,≥20%,452,907,0.49834619625137816,0.28114663726571115,0.73933102652825844,0.088581314878892731,0.15086505190311419,1
F3 m=1 r=10%,surface_sensor_wmape,30,11,165,5,not lit,200,907,0.22050716648291069,0.77949283351708931,0.55000000000000004,0.55000000000000004,0.55000000000000004,1
F3 m=1 r=10%,surface_sensor_wmape,30,12,180,0,0–5%,13,276,0.04710144927536232,0,0.047981545559400242,0.49642445213379471,0.26182237600922725,1
F3 m=1 r=10%,surface_sensor_wmape,30,12,180,1,5–10%,14,276,0.050724637681159424,0.04710144927536232,0.5870049980776626,0.82299115724721261,0.40868896578239144,1
F3 m=1 r=10%,surface_sensor_wmape,30,12,180,2,10–15%,22,276,0.079710144927536225,0.097826086956521743,0.99707804690503654,0.99876970396001541,0.74502114571318723,1
F3 m=1 r=10%,surface_sensor_wmape,30,12,180,3,15–20%,13,276,0.04710144927536232,0.17753623188405798,0.9831603229527105,0.61737793156478282,0.35040369088811996,1
F3 m=1 r=10%,surface_sensor_wmape,30,12,180,4,≥20%,164,276,0.59420289855072461,0.22463768115942029,0.73933102652825844,0.088581314878892731,0.15086505190311419,1
F3 m=1 r=10%,surface_sensor_wmape,30,12,180,5,not lit,50,276,0.18115942028985507,0.8188405797101449,0.55000000000000004,0.55000000000000004,0.55000000000000004,1
F3 m=1 r=10%,surface_sensor_wmape,30,13,195,0,0–5%,73,610,0.11967213114754098,0,0.047981545559400242,0.49642445213379471,0.26182237600922725,1
F3 m=1 r=10%,surface_sensor_wmape,30,13,195,1,5–10%,50,610,0.081967213114754092,0.11967213114754098,0.5870049980776626,0.82299115724721261,0.40868896578239144,1
F3 m=1 r=10%,surface_sensor_wmape,30,13,195,2,10–15%,43,610,0.070491803278688522,0.20163934426229507,0.99707804690503654,0.99876970396001541,0.74502114571318723,1
F3 m=1 r=10%,surface_sensor_wmape,30,13,195,3,15–20%,45,610,0.073770491803278687,0.27213114754098361,0.9831603229527105,0.61737793156478282,0.35040369088811996,1
F3 m=1 r=10%,surface_sensor_wmape,30,13,195,4,≥20%,298,610,0.4885245901639344,0.34590163934426232,0.73933102652825844,0.088581314878892731,0.15086505190311419,1
F3 m=1 r=10%,surface_sensor_wmape,30,13,195,5,not lit,101,610,0.16557377049180327,0.83442622950819678,0.55000000000000004,0.55000000000000004,0.55000000000000004,1
F3 m=1 r=10%,surface_sensor_wmape,30,14,210,0,0–5%,185,1679,0.11018463371054199,0,0.047981545559400242,0.49642445213379471,0.26182237600922725,1
F3 m=1 r=10%,surface_sensor_wmape,30,14,210,1,5–10%,131,1679,0.07802263251935676,0.11018463371054199,0.5870049980776626,0.82299115724721261,0.40868896578239144,1
F3 m=1 r=10%,surface_sensor_wmape,30,14,210,2,10–15%,182,1679,0.10839785586658725,0.18820726622989875,0.99707804690503654,0.99876970396001541,0.74502114571318723,1
F3 m=1 r=10%,surface_sensor_wmape,30,14,210,3,15–20%,162,1679,0.09648600357355569,0.29660512209648598,0.9831603229527105,0.61737793156478282,0.35040369088811996,1
F3 m=1 r=10%,surface_sensor_wmape,30,14,210,4,≥20%,739,1679,0.44014294222751638,0.39309112567004167,0.73933102652825844,0.088581314878892731,0.15086505190311419,1
F3 m=1 r=10%,surface_sensor_wmape,30,14,210,5,not lit,280,1679,0.16676593210244192,0.83323406789755805,0.55000000000000004,0.55000000000000004,0.55000000000000004,1
F3 m=1 r=10%,surface_sensor_wmape,30,15,225,0,0–5%,29,197,0.14720812182741116,0,0.047981545559400242,0.49642445213379471,0.26182237600922725,1
F3 m=1 r=10%,surface_sensor_wmape,30,15,225,1,5–10%,18,197,0.091370558375634514,0.14720812182741116,0.5870049980776626,0.82299115724721261,0.40868896578239144,1
F3 m=1 r=10%,surface_sensor_wmape,30,15,225,2,10–15%,22,197,0.1116751269035533,0.23857868020304568,0.99707804690503654,0.99876970396001541,0.74502114571318723,1
F3 m=1 r=10%,surface_sensor_wmape,30,15,225,3,15–20%,21,197,0.1065989847715736,0.35025380710659898,0.9831603229527105,0.61737793156478282,0.35040369088811996,1
F3 m=1 r=10%,surface_sensor_wmape,30,15,225,4,≥20%,89,197,0.45177664974619292,0.45685279187817257,0.73933102652825844,0.088581314878892731,0.15086505190311419,1
F3 m=1 r=10%,surface_sensor_wmape,30,15,225,5,not lit,18,197,0.091370558375634514,0.90862944162436543,0.55000000000000004,0.55000000000000004,0.55000000000000004,1
F3 m=1 r=10%,surface_sensor_wmape,30,16,240,0,0–5%,53,407,0.13022113022113022,0,0.047981545559400242,0.49642445213379471,0.26182237600922725,1
F3 m=1 r=10%,surface_sensor_wmape,30,16,240,1,5–10%,39,407,0.095823095823095825,0.13022113022113022,0.5870049980776626,0.82299115724721261,0.40868896578239144,1
F3 m=1 r=10%,surface_sensor_wmape,30,16,240,2,10–15%,37,407,0.090909090909090912,0.22604422604422603,0.99707804690503654,0.99876970396001541,0.74502114571318723,1
F3 m=1 r=10%,surface_sensor_wmape,30,16,240,3,15–20%,21,407,0.051597051597051594,0.31695331695331697,0.9831603229527105,0.61737793156478282,0.35040369088811996,1
F3 m=1 r=10%,surface_sensor_wmape,30,16,240,4,≥20%,213,407,0.5233415233415234,0.36855036855036855,0.73933102652825844,0.088581314878892731,0.15086505190311419,1
F3 m=1 r=10%,surface_sensor_wmape,30,16,240,5,not lit,44,407,0.10810810810810811,0.89189189189189189,0.55000000000000004,0.55000000000000004,0.55000000000000004,1
F3 m=1 r=10%,surface_sensor_wmape,30,17,255,0,0–5%,109,815,0.13374233128834356,0,0.047981545559400242,0.49642445213379471,0.26182237600922725,1
F3 m=1 r=10%,surface_sensor_wmape,30,17,255,1,5–10%,77,815,0.094478527607361959,0.13374233128834356,0.5870049980776626,0.82299115724721261,0.40868896578239144,1
F3 m=1 r=10%,surface_sensor_wmape,30,17,255,2,10–15%,83,815,0.10184049079754601,0.22822085889570554,0.99707804690503654,0.99876970396001541,0.74502114571318723,1
F3 m=1 r=10%,surface_sensor_wmape,30,17,255,3,15–20%,60,815,0.073619631901840496,0.33006134969325152,0.9831603229527105,0.61737793156478282,0.35040369088811996,1
F3 m=1 r=10%,surface_sensor_wmape,30,17,255,4,≥20%,397,815,0.48711656441717793,0.40368098159509203,0.73933102652825844,0.088581314878892731,0.15086505190311419,1
F3 m=1 r=10%,surface_sensor_wmape,30,17,255,5,not lit,89,815,0.10920245398773006,0.8907975460122699,0.55000000000000004,0.55000000000000004,0.55000000000000004,1
F3 m=1 r=10%,surface_sensor_wmape,30,18,270,0,0–5%,21,265,0.079245283018867921,0,0.047981545559400242,0.49642445213379471,0.26182237600922725,1
F3 m=1 r=10%,surface_sensor_wmape,30,18,270,1,5–10%,16,265,0.060377358490566038,0.079245283018867921,0.5870049980776626,0.82299115724721261,0.40868896578239144,1
F3 m=1 r=10%,surface_sensor_wmape,30,18,270,2,10–15%,23,265,0.086792452830188674,0.13962264150943396,0.99707804690503654,0.99876970396001541,0.74502114571318723,1
F3 m=1 r=10%,surface_sensor_wmape,30,18,270,3,15–20%,24,265,0.09056603773584905,0.22641509433962265,0.9831603229527105,0.61737793156478282,0.35040369088811996,1
F3 m=1 r=10%,surface_sensor_wmape,30,18,270,4,≥20%,150,265,0.56603773584905659,0.31698113207547168,0.73933102652825844,0.088581314878892731,0.15086505190311419,1
F3 m=1 r=10%,surface_sensor_wmape,30,18,270,5,not lit,31,265,0.1169811320754717,0.88301886792452833,0.55000000000000004,0.55000000000000004,0.55000000000000004,1
F3 m=1 r=10%,surface_sensor_wmape,30,19,285,0,0–5%,77,609,0.12643678160919541,0,0.047981545559400242,0.49642445213379471,0.26182237600922725,1
F3 m=1 r=10%,surface_sensor_wmape,30,19,285,1,5–10%,66,609,0.10837438423645321,0.12643678160919541,0.5870049980776626,0.82299115724721261,0.40868896578239144,1
F3 m=1 r=10%,surface_sensor_wmape,30,19,285,2,10–15%,54,609,0.088669950738916259,0.23481116584564862,0.99707804690503654,0.99876970396001541,0.74502114571318723,1
F3 m=1 r=10%,surface_sensor_wmape,30,19,285,3,15–20%,46,609,0.075533661740558297,0.32348111658456491,0.9831603229527105,0.61737793156478282,0.35040369088811996,1
F3 m=1 r=10%,surface_sensor_wmape,30,19,285,4,≥20%,262,609,0.43021346469622329,0.39901477832512322,0.73933102652825844,0.088581314878892731,0.15086505190311419,1
F3 m=1 r=10%,surface_sensor_wmape,30,19,285,5,not lit,104,609,0.17077175697865354,0.82922824302134646,0.55000000000000004,0.55000000000000004,0.55000000000000004,1
F3 m=1 r=10%,surface_sensor_wmape,30,20,300,0,0–5%,210,1781,0.11791128579449747,0,0.047981545559400242,0.49642445213379471,0.26182237600922725,1
F3 m=1 r=10%,surface_sensor_wmape,30,20,300,1,5–10%,175,1781,0.098259404828747898,0.11791128579449747,0.5870049980776626,0.82299115724721261,0.40868896578239144,1
F3 m=1 r=10%,surface_sensor_wmape,30,20,300,2,10–15%,181,1781,0.10162829870859068,0.21617069062324537,0.99707804690503654,0.99876970396001541,0.74502114571318723,1
F3 m=1 r=10%,surface_sensor_wmape,30,20,300,3,15–20%,122,1781,0.068500842223469957,0.31779898933183603,0.9831603229527105,0.61737793156478282,0.35040369088811996,1
F3 m=1 r=10%,surface_sensor_wmape,30,20,300,4,≥20%,608,1781,0.34138124649073553,0.38629983155530601,0.73933102652825844,0.088581314878892731,0.15086505190311419,1
F3 m=1 r=10%,surface_sensor_wmape,30,20,300,5,not lit,485,1781,0.27231892195395846,0.72768107804604154,0.55000000000000004,0.55000000000000004,0.55000000000000004,1
F3 m=1 r=10%,surface_sensor_wmape,30,21,315,0,0–5%,22,190,0.11578947368421053,0,0.047981545559400242,0.49642445213379471,0.26182237600922725,1
F3 m=1 r=10%,surface_sensor_wmape,30,21,315,1,5–10%,23,190,0.12105263157894737,0.11578947368421053,0.5870049980776626,0.82299115724721261,0.40868896578239144,1
F3 m=1 r=10%,surface_sensor_wmape,30,21,315,2,10–15%,15,190,0.078947368421052627,0.23684210526315791,0.99707804690503654,0.99876970396001541,0.74502114571318723,1
F3 m=1 r=10%,surface_sensor_wmape,30,21,315,3,15–20%,15,190,0.078947368421052627,0.31578947368421051,0.9831603229527105,0.61737793156478282,0.35040369088811996,1
F3 m=1 r=10%,surface_sensor_wmape,30,21,315,4,≥20%,89,190,0.46842105263157896,0.39473684210526316,0.73933102652825844,0.088581314878892731,0.15086505190311419,1
F3 m=1 r=10%,surface_sensor_wmape,30,21,315,5,not lit,26,190,0.1368421052631579,0.86315789473684212,0.55000000000000004,0.55000000000000004,0.55000000000000004,1
F3 m=1 r=10%,surface_sensor_wmape,30,22,330,0,0–5%,41,442,0.092760180995475117,0,0.047981545559400242,0.49642445213379471,0.26182237600922725,1
F3 m=1 r=10%,surface_sensor_wmape,30,22,330,1,5–10%,38,442,0.085972850678733032,0.092760180995475117,0.5870049980776626,0.82299115724721261,0.40868896578239144,1
F3 m=1 r=10%,surface_sensor_wmape,30,22,330,2,10–15%,35,442,0.079185520361990946,0.17873303167420815,0.99707804690503654,0.99876970396001541,0.74502114571318723,1
F3 m=1 r=10%,surface_sensor_wmape,30,22,330,3,15–20%,34,442,0.076923076923076927,0.25791855203619907,0.9831603229527105,0.61737793156478282,0.35040369088811996,1
F3 m=1 r=10%,surface_sensor_wmape,30,22,330,4,≥20%,194,442,0.43891402714932126,0.33484162895927599,0.73933102652825844,0.088581314878892731,0.15086505190311419,1
F3 m=1 r=10%,surface_sensor_wmape,30,22,330,5,not lit,100,442,0.22624434389140272,0.7737556561085972,0.55000000000000004,0.55000000000000004,0.55000000000000004,1
F3 m=1 r=10%,surface_sensor_wmape,30,23,345,0,0–5%,126,924,0.13636363636363635,0,0.047981545559400242,0.49642445213379471,0.26182237600922725,1
F3 m=1 r=10%,surface_sensor_wmape,30,23,345,1,5–10%,79,924,0.085497835497835503,0.13636363636363635,0.5870049980776626,0.82299115724721261,0.40868896578239144,1
F3 m=1 r=10%,surface_sensor_wmape,30,23,345,2,10–15%,75,924,0.081168831168831168,0.22186147186147187,0.99707804690503654,0.99876970396001541,0.74502114571318723,1
F3 m=1 r=10%,surface_sensor_wmape,30,23,345,3,15–20%,63,924,0.068181818181818177,0.30303030303030304,0.9831603229527105,0.61737793156478282,0.35040369088811996,1
F3 m=1 r=10%,surface_sensor_wmape,30,23,345,4,≥20%,355,924,0.38419913419913421,0.37121212121212122,0.73933102652825844,0.088581314878892731,0.15086505190311419,1
F3 m=1 r=10%,surface_sensor_wmape,30,23,345,5,not lit,226,924,0.24458874458874458,0.75541125541125542,0.55000000000000004,0.55000000000000004,0.55000000000000004,1
F3 m=1 r=10%,surface_sensor_wmape,45,0,0,0,0–5%,27,290,0.093103448275862075,0,0.047981545559400242,0.49642445213379471,0.26182237600922725,1
F3 m=1 r=10%,surface_sensor_wmape,45,0,0,1,5–10%,24,290,0.082758620689655171,0.093103448275862075,0.5870049980776626,0.82299115724721261,0.40868896578239144,1
F3 m=1 r=10%,surface_sensor_wmape,45,0,0,2,10–15%,24,290,0.082758620689655171,0.17586206896551726,0.99707804690503654,0.99876970396001541,0.74502114571318723,1
F3 m=1 r=10%,surface_sensor_wmape,45,0,0,3,15–20%,18,290,0.062068965517241378,0.25862068965517243,0.9831603229527105,0.61737793156478282,0.35040369088811996,1
F3 m=1 r=10%,surface_sensor_wmape,45,0,0,4,≥20%,117,290,0.40344827586206894,0.32068965517241382,0.73933102652825844,0.088581314878892731,0.15086505190311419,1
F3 m=1 r=10%,surface_sensor_wmape,45,0,0,5,not lit,80,290,0.27586206896551724,0.72413793103448276,0.55000000000000004,0.55000000000000004,0.55000000000000004,1
F3 m=1 r=10%,surface_sensor_wmape,45,1,15,0,0–5%,85,637,0.13343799058084774,0,0.047981545559400242,0.49642445213379471,0.26182237600922725,1
F3 m=1 r=10%,surface_sensor_wmape,45,1,15,1,5–10%,63,637,0.098901098901098897,0.13343799058084774,0.5870049980776626,0.82299115724721261,0.40868896578239144,1
F3 m=1 r=10%,surface_sensor_wmape,45,1,15,2,10–15%,47,637,0.07378335949764521,0.23233908948194665,0.99707804690503654,0.99876970396001541,0.74502114571318723,1
F3 m=1 r=10%,surface_sensor_wmape,45,1,15,3,15–20%,29,637,0.045525902668759811,0.30612244897959184,0.9831603229527105,0.61737793156478282,0.35040369088811996,1
F3 m=1 r=10%,surface_sensor_wmape,45,1,15,4,≥20%,287,637,0.45054945054945056,0.35164835164835168,0.73933102652825844,0.088581314878892731,0.15086505190311419,1
F3 m=1 r=10%,surface_sensor_wmape,45,1,15,5,not lit,126,637,0.19780219780219779,0.80219780219780223,0.55000000000000004,0.55000000000000004,0.55000000000000004,1
F3 m=1 r=10%,surface_sensor_wmape,45,2,30,0,0–5%,199,1703,0.11685261303581915,0,0.047981545559400242,0.49642445213379471,0.26182237600922725,1
F3 m=1 r=10%,surface_sensor_wmape,45,2,30,1,5–10%,211,1703,0.12389900176159718,0.11685261303581915,0.5870049980776626,0.82299115724721261,0.40868896578239144,1
F3 m=1 r=10%,surface_sensor_wmape,45,2,30,2,10–15%,208,1703,0.12213740458015267,0.24075161479741633,0.99707804690503654,0.99876970396001541,0.74502114571318723,1
F3 m=1 r=10%,surface_sensor_wmape,45,2,30,3,15–20%,133,1703,0.078097475044039924,0.36288901937756901,0.9831603229527105,0.61737793156478282,0.35040369088811996,1
F3 m=1 r=10%,surface_sensor_wmape,45,2,30,4,≥20%,586,1703,0.3440986494421609,0.44098649442160892,0.73933102652825844,0.088581314878892731,0.15086505190311419,1
F3 m=1 r=10%,surface_sensor_wmape,45,2,30,5,not lit,366,1703,0.21491485613623018,0.78508514386376982,0.55000000000000004,0.55000000000000004,0.55000000000000004,1
F3 m=1 r=10%,surface_sensor_wmape,45,3,45,0,0–5%,24,187,0.12834224598930483,0,0.047981545559400242,0.49642445213379471,0.26182237600922725,1
F3 m=1 r=10%,surface_sensor_wmape,45,3,45,1,5–10%,24,187,0.12834224598930483,0.12834224598930483,0.5870049980776626,0.82299115724721261,0.40868896578239144,1
F3 m=1 r=10%,surface_sensor_wmape,45,3,45,2,10–15%,17,187,0.090909090909090912,0.25668449197860965,0.99707804690503654,0.99876970396001541,0.74502114571318723,1
F3 m=1 r=10%,surface_sensor_wmape,45,3,45,3,15–20%,18,187,0.096256684491978606,0.34759358288770059,0.9831603229527105,0.61737793156478282,0.35040369088811996,1
F3 m=1 r=10%,surface_sensor_wmape,45,3,45,4,≥20%,74,187,0.39572192513368987,0.4438502673796792,0.73933102652825844,0.088581314878892731,0.15086505190311419,1
F3 m=1 r=10%,surface_sensor_wmape,45,3,45,5,not lit,30,187,0.16042780748663102,0.83957219251336901,0.55000000000000004,0.55000000000000004,0.55000000000000004,1
F3 m=1 r=10%,surface_sensor_wmape,45,4,60,0,0–5%,59,412,0.14320388349514562,0,0.047981545559400242,0.49642445213379471,0.26182237600922725,1
F3 m=1 r=10%,surface_sensor_wmape,45,4,60,1,5–10%,57,412,0.13834951456310679,0.14320388349514562,0.5870049980776626,0.82299115724721261,0.40868896578239144,1
F3 m=1 r=10%,surface_sensor_wmape,45,4,60,2,10–15%,49,412,0.11893203883495146,0.28155339805825241,0.99707804690503654,0.99876970396001541,0.74502114571318723,1
F3 m=1 r=10%,surface_sensor_wmape,45,4,60,3,15–20%,25,412,0.060679611650485438,0.40048543689320387,0.9831603229527105,0.61737793156478282,0.35040369088811996,1
F3 m=1 r=10%,surface_sensor_wmape,45,4,60,4,≥20%,159,412,0.38592233009708737,0.46116504854368934,0.73933102652825844,0.088581314878892731,0.15086505190311419,1
F3 m=1 r=10%,surface_sensor_wmape,45,4,60,5,not lit,63,412,0.15291262135922329,0.84708737864077666,0.55000000000000004,0.55000000000000004,0.55000000000000004,1
F3 m=1 r=10%,surface_sensor_wmape,45,5,75,0,0–5%,112,826,0.13559322033898305,0,0.047981545559400242,0.49642445213379471,0.26182237600922725,1
F3 m=1 r=10%,surface_sensor_wmape,45,5,75,1,5–10%,86,826,0.10411622276029056,0.13559322033898305,0.5870049980776626,0.82299115724721261,0.40868896578239144,1
F3 m=1 r=10%,surface_sensor_wmape,45,5,75,2,10–15%,83,826,0.10048426150121065,0.23970944309927361,0.99707804690503654,0.99876970396001541,0.74502114571318723,1
F3 m=1 r=10%,surface_sensor_wmape,45,5,75,3,15–20%,57,826,0.069007263922518158,0.34019370460048426,0.9831603229527105,0.61737793156478282,0.35040369088811996,1
F3 m=1 r=10%,surface_sensor_wmape,45,5,75,4,≥20%,397,826,0.48062953995157387,0.40920096852300242,0.73933102652825844,0.088581314878892731,0.15086505190311419,1
F3 m=1 r=10%,surface_sensor_wmape,45,5,75,5,not lit,91,826,0.11016949152542373,0.88983050847457634,0.55000000000000004,0.55000000000000004,0.55000000000000004,1
F3 m=1 r=10%,surface_sensor_wmape,45,6,90,0,0–5%,17,286,0.05944055944055944,0,0.047981545559400242,0.49642445213379471,0.26182237600922725,1
F3 m=1 r=10%,surface_sensor_wmape,45,6,90,1,5–10%,25,286,0.087412587412587409,0.05944055944055944,0.5870049980776626,0.82299115724721261,0.40868896578239144,1
F3 m=1 r=10%,surface_sensor_wmape,45,6,90,2,10–15%,26,286,0.090909090909090912,0.14685314685314685,0.99707804690503654,0.99876970396001541,0.74502114571318723,1
F3 m=1 r=10%,surface_sensor_wmape,45,6,90,3,15–20%,33,286,0.11538461538461539,0.23776223776223776,0.9831603229527105,0.61737793156478282,0.35040369088811996,1
F3 m=1 r=10%,surface_sensor_wmape,45,6,90,4,≥20%,149,286,0.52097902097902093,0.35314685314685312,0.73933102652825844,0.088581314878892731,0.15086505190311419,1
F3 m=1 r=10%,surface_sensor_wmape,45,6,90,5,not lit,36,286,0.12587412587412589,0.87412587412587406,0.55000000000000004,0.55000000000000004,0.55000000000000004,1
F3 m=1 r=10%,surface_sensor_wmape,45,7,105,0,0–5%,74,611,0.12111292962356793,0,0.047981545559400242,0.49642445213379471,0.26182237600922725,1
F3 m=1 r=10%,surface_sensor_wmape,45,7,105,1,5–10%,56,611,0.091653027823240585,0.12111292962356793,0.5870049980776626,0.82299115724721261,0.40868896578239144,1
F3 m=1 r=10%,surface_sensor_wmape,45,7,105,2,10–15%,44,611,0.072013093289689037,0.21276595744680851,0.99707804690503654,0.99876970396001541,0.74502114571318723,1
F3 m=1 r=10%,surface_sensor_wmape,45,7,105,3,15–20%,50,611,0.081833060556464818,0.28477905073649756,0.9831603229527105,0.61737793156478282,0.35040369088811996,1
F3 m=1 r=10%,surface_sensor_wmape,45,7,105,4,≥20%,262,611,0.42880523731587561,0.36661211129296239,0.73933102652825844,0.088581314878892731,0.15086505190311419,1
F3 m=1 r=10%,surface_sensor_wmape,45,7,105,5,not lit,125,611,0.20458265139116202,0.79541734860883806,0.55000000000000004,0.55000000000000004,0.55000000000000004,1
F3 m=1 r=10%,surface_sensor_wmape,45,8,120,0,0–5%,171,1778,0.096175478065241848,0,0.047981545559400242,0.49642445213379471,0.26182237600922725,1
F3 m=1 r=10%,surface_sensor_wmape,45,8,120,1,5–10%,136,1778,0.076490438695163102,0.096175478065241848,0.5870049980776626,0.82299115724721261,0.40868896578239144,1
F3 m=1 r=10%,surface_sensor_wmape,45,8,120,2,10–15%,168,1778,0.094488188976377951,0.17266591676040494,0.99707804690503654,0.99876970396001541,0.74502114571318723,1
F3 m=1 r=10%,surface_sensor_wmape,45,8,120,3,15–20%,159,1778,0.089426321709786274,0.26715410573678289,0.9831603229527105,0.61737793156478282,0.35040369088811996,1
F3 m=1 r=10%,surface_sensor_wmape,45,8,120,4,≥20%,660,1778,0.37120359955005622,0.35658042744656915,0.73933102652825844,0.088581314878892731,0.15086505190311419,1
F3 m=1 r=10%,surface_sensor_wmape,45,8,120,5,not lit,484,1778,0.27221597300337458,0.72778402699662537,0.55000000000000004,0.55000000000000004,0.55000000000000004,1
F3 m=1 r=10%,surface_sensor_wmape,45,9,135,0,0–5%,11,188,0.058510638297872342,0,0.047981545559400242,0.49642445213379471,0.26182237600922725,1
F3 m=1 r=10%,surface_sensor_wmape,45,9,135,1,5–10%,30,188,0.15957446808510639,0.058510638297872342,0.5870049980776626,0.82299115724721261,0.40868896578239144,1
F3 m=1 r=10%,surface_sensor_wmape,45,9,135,2,10–15%,14,188,0.074468085106382975,0.21808510638297873,0.99707804690503654,0.99876970396001541,0.74502114571318723,1
F3 m=1 r=10%,surface_sensor_wmape,45,9,135,3,15–20%,18,188,0.095744680851063829,0.29255319148936171,0.9831603229527105,0.61737793156478282,0.35040369088811996,1
F3 m=1 r=10%,surface_sensor_wmape,45,9,135,4,≥20%,76,188,0.40425531914893614,0.38829787234042556,0.73933102652825844,0.088581314878892731,0.15086505190311419,1
F3 m=1 r=10%,surface_sensor_wmape,45,9,135,5,not lit,39,188,0.20744680851063829,0.79255319148936176,0.55000000000000004,0.55000000000000004,0.55000000000000004,1
F3 m=1 r=10%,surface_sensor_wmape,45,10,150,0,0–5%,39,456,0.085526315789473686,0,0.047981545559400242,0.49642445213379471,0.26182237600922725,1
F3 m=1 r=10%,surface_sensor_wmape,45,10,150,1,5–10%,30,456,0.065789473684210523,0.085526315789473686,0.5870049980776626,0.82299115724721261,0.40868896578239144,1
F3 m=1 r=10%,surface_sensor_wmape,45,10,150,2,10–15%,27,456,0.05921052631578947,0.15131578947368421,0.99707804690503654,0.99876970396001541,0.74502114571318723,1
F3 m=1 r=10%,surface_sensor_wmape,45,10,150,3,15–20%,40,456,0.08771929824561403,0.21052631578947367,0.9831603229527105,0.61737793156478282,0.35040369088811996,1
F3 m=1 r=10%,surface_sensor_wmape,45,10,150,4,≥20%,224,456,0.49122807017543857,0.2982456140350877,0.73933102652825844,0.088581314878892731,0.15086505190311419,1
F3 m=1 r=10%,surface_sensor_wmape,45,10,150,5,not lit,96,456,0.21052631578947367,0.78947368421052633,0.55000000000000004,0.55000000000000004,0.55000000000000004,1
F3 m=1 r=10%,surface_sensor_wmape,45,11,165,0,0–5%,92,907,0.10143329658213891,0,0.047981545559400242,0.49642445213379471,0.26182237600922725,1
F3 m=1 r=10%,surface_sensor_wmape,45,11,165,1,5–10%,66,907,0.072767364939360535,0.10143329658213891,0.5870049980776626,0.82299115724721261,0.40868896578239144,1
F3 m=1 r=10%,surface_sensor_wmape,45,11,165,2,10–15%,57,907,0.062844542447629548,0.17420066152149943,0.99707804690503654,0.99876970396001541,0.74502114571318723,1
F3 m=1 r=10%,surface_sensor_wmape,45,11,165,3,15–20%,56,907,0.061742006615214992,0.23704520396912898,0.9831603229527105,0.61737793156478282,0.35040369088811996,1
F3 m=1 r=10%,surface_sensor_wmape,45,11,165,4,≥20%,426,907,0.4696802646085998,0.29878721058434399,0.73933102652825844,0.088581314878892731,0.15086505190311419,1
F3 m=1 r=10%,surface_sensor_wmape,45,11,165,5,not lit,210,907,0.23153252480705622,0.76846747519294378,0.55000000000000004,0.55000000000000004,0.55000000000000004,1
F3 m=1 r=10%,surface_sensor_wmape,45,12,180,0,0–5%,10,276,0.036231884057971016,0,0.047981545559400242,0.49642445213379471,0.26182237600922725,1
F3 m=1 r=10%,surface_sensor_wmape,45,12,180,1,5–10%,17,276,0.061594202898550728,0.036231884057971016,0.5870049980776626,0.82299115724721261,0.40868896578239144,1
F3 m=1 r=10%,surface_sensor_wmape,45,12,180,2,10–15%,26,276,0.09420289855072464,0.097826086956521743,0.99707804690503654,0.99876970396001541,0.74502114571318723,1
F3 m=1 r=10%,surface_sensor_wmape,45,12,180,3,15–20%,19,276,0.068840579710144928,0.1920289855072464,0.9831603229527105,0.61737793156478282,0.35040369088811996,1
F3 m=1 r=10%,surface_sensor_wmape,45,12,180,4,≥20%,151,276,0.54710144927536231,0.26086956521739135,0.73933102652825844,0.088581314878892731,0.15086505190311419,1
F3 m=1 r=10%,surface_sensor_wmape,45,12,180,5,not lit,53,276,0.19202898550724637,0.80797101449275366,0.55000000000000004,0.55000000000000004,0.55000000000000004,1
F3 m=1 r=10%,surface_sensor_wmape,45,13,195,0,0–5%,80,610,0.13114754098360656,0,0.047981545559400242,0.49642445213379471,0.26182237600922725,1
F3 m=1 r=10%,surface_sensor_wmape,45,13,195,1,5–10%,42,610,0.068852459016393447,0.13114754098360656,0.5870049980776626,0.82299115724721261,0.40868896578239144,1
F3 m=1 r=10%,surface_sensor_wmape,45,13,195,2,10–15%,51,610,0.083606557377049182,0.20000000000000001,0.99707804690503654,0.99876970396001541,0.74502114571318723,1
F3 m=1 r=10%,surface_sensor_wmape,45,13,195,3,15–20%,48,610,0.078688524590163941,0.28360655737704921,0.9831603229527105,0.61737793156478282,0.35040369088811996,1
F3 m=1 r=10%,surface_sensor_wmape,45,13,195,4,≥20%,287,610,0.4704918032786885,0.36229508196721316,0.73933102652825844,0.088581314878892731,0.15086505190311419,1
F3 m=1 r=10%,surface_sensor_wmape,45,13,195,5,not lit,102,610,0.16721311475409836,0.83278688524590172,0.55000000000000004,0.55000000000000004,0.55000000000000004,1
F3 m=1 r=10%,surface_sensor_wmape,45,14,210,0,0–5%,169,1679,0.10065515187611673,0,0.047981545559400242,0.49642445213379471,0.26182237600922725,1
F3 m=1 r=10%,surface_sensor_wmape,45,14,210,1,5–10%,136,1679,0.081000595592614646,0.10065515187611673,0.5870049980776626,0.82299115724721261,0.40868896578239144,1
F3 m=1 r=10%,surface_sensor_wmape,45,14,210,2,10–15%,186,1679,0.11078022632519356,0.18165574746873137,0.99707804690503654,0.99876970396001541,0.74502114571318723,1
F3 m=1 r=10%,surface_sensor_wmape,45,14,210,3,15–20%,198,1679,0.11792733770101251,0.29243597379392494,0.9831603229527105,0.61737793156478282,0.35040369088811996,1
F3 m=1 r=10%,surface_sensor_wmape,45,14,210,4,≥20%,691,1679,0.4115544967242406,0.41036331149493743,0.73933102652825844,0.088581314878892731,0.15086505190311419,1
F3 m=1 r=10%,surface_sensor_wmape,45,14,210,5,not lit,299,1679,0.17808219178082191,0.82191780821917804,0.55000000000000004,0.55000000000000004,0.55000000000000004,1
F3 m=1 r=10%,surface_sensor_wmape,45,15,225,0,0–5%,27,197,0.13705583756345177,0,0.047981545559400242,0.49642445213379471,0.26182237600922725,1
F3 m=1 r=10%,surface_sensor_wmape,45,15,225,1,5–10%,22,197,0.1116751269035533,0.13705583756345177,0.5870049980776626,0.82299115724721261,0.40868896578239144,1
F3 m=1 r=10%,surface_sensor_wmape,45,15,225,2,10–15%,25,197,0.12690355329949238,0.24873096446700507,0.99707804690503654,0.99876970396001541,0.74502114571318723,1
F3 m=1 r=10%,surface_sensor_wmape,45,15,225,3,15–20%,20,197,0.10152284263959391,0.37563451776649748,0.9831603229527105,0.61737793156478282,0.35040369088811996,1
F3 m=1 r=10%,surface_sensor_wmape,45,15,225,4,≥20%,84,197,0.42639593908629442,0.47715736040609136,0.73933102652825844,0.088581314878892731,0.15086505190311419,1
F3 m=1 r=10%,surface_sensor_wmape,45,15,225,5,not lit,19,197,0.096446700507614211,0.90355329949238583,0.55000000000000004,0.55000000000000004,0.55000000000000004,1
F3 m=1 r=10%,surface_sensor_wmape,45,16,240,0,0–5%,45,407,0.11056511056511056,0,0.047981545559400242,0.49642445213379471,0.26182237600922725,1
F3 m=1 r=10%,surface_sensor_wmape,45,16,240,1,5–10%,37,407,0.090909090909090912,0.11056511056511056,0.5870049980776626,0.82299115724721261,0.40868896578239144,1
F3 m=1 r=10%,surface_sensor_wmape,45,16,240,2,10–15%,35,407,0.085995085995085999,0.20147420147420148,0.99707804690503654,0.99876970396001541,0.74502114571318723,1
F3 m=1 r=10%,surface_sensor_wmape,45,16,240,3,15–20%,28,407,0.068796068796068796,0.28746928746928746,0.9831603229527105,0.61737793156478282,0.35040369088811996,1
F3 m=1 r=10%,surface_sensor_wmape,45,16,240,4,≥20%,214,407,0.52579852579852582,0.35626535626535627,0.73933102652825844,0.088581314878892731,0.15086505190311419,1
F3 m=1 r=10%,surface_sensor_wmape,45,16,240,5,not lit,48,407,0.11793611793611794,0.88206388206388209,0.55000000000000004,0.55000000000000004,0.55000000000000004,1
F3 m=1 r=10%,surface_sensor_wmape,45,17,255,0,0–5%,103,815,0.1263803680981595,0,0.047981545559400242,0.49642445213379471,0.26182237600922725,1
F3 m=1 r=10%,surface_sensor_wmape,45,17,255,1,5–10%,79,815,0.096932515337423308,0.1263803680981595,0.5870049980776626,0.82299115724721261,0.40868896578239144,1
F3 m=1 r=10%,surface_sensor_wmape,45,17,255,2,10–15%,68,815,0.083435582822085894,0.22331288343558281,0.99707804690503654,0.99876970396001541,0.74502114571318723,1
F3 m=1 r=10%,surface_sensor_wmape,45,17,255,3,15–20%,76,815,0.093251533742331291,0.30674846625766872,0.9831603229527105,0.61737793156478282,0.35040369088811996,1
F3 m=1 r=10%,surface_sensor_wmape,45,17,255,4,≥20%,396,815,0.48588957055214727,0.40000000000000002,0.73933102652825844,0.088581314878892731,0.15086505190311419,1
F3 m=1 r=10%,surface_sensor_wmape,45,17,255,5,not lit,93,815,0.11411042944785275,0.88588957055214723,0.55000000000000004,0.55000000000000004,0.55000000000000004,1
F3 m=1 r=10%,surface_sensor_wmape,45,18,270,0,0–5%,23,265,0.086792452830188674,0,0.047981545559400242,0.49642445213379471,0.26182237600922725,1
F3 m=1 r=10%,surface_sensor_wmape,45,18,270,1,5–10%,15,265,0.056603773584905662,0.086792452830188674,0.5870049980776626,0.82299115724721261,0.40868896578239144,1
F3 m=1 r=10%,surface_sensor_wmape,45,18,270,2,10–15%,26,265,0.098113207547169817,0.14339622641509434,0.99707804690503654,0.99876970396001541,0.74502114571318723,1
F3 m=1 r=10%,surface_sensor_wmape,45,18,270,3,15–20%,23,265,0.086792452830188674,0.24150943396226415,0.9831603229527105,0.61737793156478282,0.35040369088811996,1
F3 m=1 r=10%,surface_sensor_wmape,45,18,270,4,≥20%,143,265,0.53962264150943395,0.32830188679245281,0.73933102652825844,0.088581314878892731,0.15086505190311419,1
F3 m=1 r=10%,surface_sensor_wmape,45,18,270,5,not lit,35,265,0.13207547169811321,0.86792452830188682,0.55000000000000004,0.55000000000000004,0.55000000000000004,1
F3 m=1 r=10%,surface_sensor_wmape,45,19,285,0,0–5%,71,609,0.11658456486042693,0,0.047981545559400242,0.49642445213379471,0.26182237600922725,1
F3 m=1 r=10%,surface_sensor_wmape,45,19,285,1,5–10%,74,609,0.12151067323481117,0.11658456486042693,0.5870049980776626,0.82299115724721261,0.40868896578239144,1
F3 m=1 r=10%,surface_sensor_wmape,45,19,285,2,10–15%,47,609,0.077175697865353041,0.23809523809523808,0.99707804690503654,0.99876970396001541,0.74502114571318723,1
F3 m=1 r=10%,surface_sensor_wmape,45,19,285,3,15–20%,49,609,0.080459770114942528,0.31527093596059114,0.9831603229527105,0.61737793156478282,0.35040369088811996,1
F3 m=1 r=10%,surface_sensor_wmape,45,19,285,4,≥20%,262,609,0.43021346469622329,0.39573070607553368,0.73933102652825844,0.088581314878892731,0.15086505190311419,1
F3 m=1 r=10%,surface_sensor_wmape,45,19,285,5,not lit,106,609,0.17405582922824303,0.82594417077175697,0.55000000000000004,0.55000000000000004,0.55000000000000004,1
F3 m=1 r=10%,surface_sensor_wmape,45,20,300,0,0–5%,195,1781,0.10948905109489052,0,0.047981545559400242,0.49642445213379471,0.26182237600922725,1
F3 m=1 r=10%,surface_sensor_wmape,45,20,300,1,5–10%,155,1781,0.087029758562605281,0.10948905109489052,0.5870049980776626,0.82299115724721261,0.40868896578239144,1
F3 m=1 r=10%,surface_sensor_wmape,45,20,300,2,10–15%,181,1781,0.10162829870859068,0.1965188096574958,0.99707804690503654,0.99876970396001541,0.74502114571318723,1
F3 m=1 r=10%,surface_sensor_wmape,45,20,300,3,15–20%,124,1781,0.069623806850084222,0.29814710836608649,0.9831603229527105,0.61737793156478282,0.35040369088811996,1
F3 m=1 r=10%,surface_sensor_wmape,45,20,300,4,≥20%,567,1781,0.31836047164514319,0.36777091521617072,0.73933102652825844,0.088581314878892731,0.15086505190311419,1
F3 m=1 r=10%,surface_sensor_wmape,45,20,300,5,not lit,559,1781,0.31386861313868614,0.68613138686131392,0.55000000000000004,0.55000000000000004,0.55000000000000004,1
F3 m=1 r=10%,surface_sensor_wmape,45,21,315,0,0–5%,22,190,0.11578947368421053,0,0.047981545559400242,0.49642445213379471,0.26182237600922725,1
F3 m=1 r=10%,surface_sensor_wmape,45,21,315,1,5–10%,13,190,0.068421052631578952,0.11578947368421053,0.5870049980776626,0.82299115724721261,0.40868896578239144,1
F3 m=1 r=10%,surface_sensor_wmape,45,21,315,2,10–15%,19,190,0.10000000000000001,0.18421052631578949,0.99707804690503654,0.99876970396001541,0.74502114571318723,1
F3 m=1 r=10%,surface_sensor_wmape,45,21,315,3,15–20%,8,190,0.042105263157894736,0.28421052631578947,0.9831603229527105,0.61737793156478282,0.35040369088811996,1
F3 m=1 r=10%,surface_sensor_wmape,45,21,315,4,≥20%,97,190,0.51052631578947372,0.32631578947368423,0.73933102652825844,0.088581314878892731,0.15086505190311419,1
F3 m=1 r=10%,surface_sensor_wmape,45,21,315,5,not lit,31,190,0.16315789473684211,0.83684210526315794,0.55000000000000004,0.55000000000000004,0.55000000000000004,1
F3 m=1 r=10%,surface_sensor_wmape,45,22,330,0,0–5%,35,442,0.079185520361990946,0,0.047981545559400242,0.49642445213379471,0.26182237600922725,1
F3 m=1 r=10%,surface_sensor_wmape,45,22,330,1,5–10%,22,442,0.049773755656108594,0.079185520361990946,0.5870049980776626,0.82299115724721261,0.40868896578239144,1
F3 m=1 r=10%,surface_sensor_wmape,45,22,330,2,10–15%,28,442,0.063348416289592757,0.12895927601809953,0.99707804690503654,0.99876970396001541,0.74502114571318723,1
F3 m=1 r=10%,surface_sensor_wmape,45,22,330,3,15–20%,33,442,0.074660633484162894,0.19230769230769229,0.9831603229527105,0.61737793156478282,0.35040369088811996,1
F3 m=1 r=10%,surface_sensor_wmape,45,22,330,4,≥20%,206,442,0.4660633484162896,0.2669683257918552,0.73933102652825844,0.088581314878892731,0.15086505190311419,1
F3 m=1 r=10%,surface_sensor_wmape,45,22,330,5,not lit,118,442,0.2669683257918552,0.73303167420814486,0.55000000000000004,0.55000000000000004,0.55000000000000004,1
F3 m=1 r=10%,surface_sensor_wmape,45,23,345,0,0–5%,78,924,0.084415584415584416,0,0.047981545559400242,0.49642445213379471,0.26182237600922725,1
F3 m=1 r=10%,surface_sensor_wmape,45,23,345,1,5–10%,58,924,0.062770562770562768,0.084415584415584416,0.5870049980776626,0.82299115724721261,0.40868896578239144,1
F3 m=1 r=10%,surface_sensor_wmape,45,23,345,2,10–15%,71,924,0.076839826839826833,0.1471861471861472,0.99707804690503654,0.99876970396001541,0.74502114571318723,1
F3 m=1 r=10%,surface_sensor_wmape,45,23,345,3,15–20%,45,924,0.048701298701298704,0.22402597402597402,0.9831603229527105,0.61737793156478282,0.35040369088811996,1
F3 m=1 r=10%,surface_sensor_wmape,45,23,345,4,≥20%,396,924,0.42857142857142855,0.27272727272727271,0.73933102652825844,0.088581314878892731,0.15086505190311419,1
F3 m=1 r=10%,surface_sensor_wmape,45,23,345,5,not lit,276,924,0.29870129870129869,0.70129870129870131,0.55000000000000004,0.55000000000000004,0.55000000000000004,1
F3 m=1 r=10%,surface_sensor_wmape,60,0,0,0,0–5%,20,290,0.068965517241379309,0,0.047981545559400242,0.49642445213379471,0.26182237600922725,1
F3 m=1 r=10%,surface_sensor_wmape,60,0,0,1,5–10%,20,290,0.068965517241379309,0.068965517241379309,0.5870049980776626,0.82299115724721261,0.40868896578239144,1
F3 m=1 r=10%,surface_sensor_wmape,60,0,0,2,10–15%,29,290,0.10000000000000001,0.13793103448275862,0.99707804690503654,0.99876970396001541,0.74502114571318723,1
F3 m=1 r=10%,surface_sensor_wmape,60,0,0,3,15–20%,17,290,0.058620689655172413,0.23793103448275862,0.9831603229527105,0.61737793156478282,0.35040369088811996,1
F3 m=1 r=10%,surface_sensor_wmape,60,0,0,4,≥20%,119,290,0.41034482758620688,0.29655172413793102,0.73933102652825844,0.088581314878892731,0.15086505190311419,1
F3 m=1 r=10%,surface_sensor_wmape,60,0,0,5,not lit,85,290,0.29310344827586204,0.7068965517241379,0.55000000000000004,0.55000000000000004,0.55000000000000004,1
F3 m=1 r=10%,surface_sensor_wmape,60,1,15,0,0–5%,60,637,0.094191522762951341,0,0.047981545559400242,0.49642445213379471,0.26182237600922725,1
F3 m=1 r=10%,surface_sensor_wmape,60,1,15,1,5–10%,60,637,0.094191522762951341,0.094191522762951341,0.5870049980776626,0.82299115724721261,0.40868896578239144,1
F3 m=1 r=10%,surface_sensor_wmape,60,1,15,2,10–15%,46,637,0.072213500784929358,0.18838304552590268,0.99707804690503654,0.99876970396001541,0.74502114571318723,1
F3 m=1 r=10%,surface_sensor_wmape,60,1,15,3,15–20%,41,637,0.064364207221350084,0.26059654631083207,0.9831603229527105,0.61737793156478282,0.35040369088811996,1
F3 m=1 r=10%,surface_sensor_wmape,60,1,15,4,≥20%,289,637,0.45368916797488223,0.32496075353218212,0.73933102652825844,0.088581314878892731,0.15086505190311419,1
F3 m=1 r=10%,surface_sensor_wmape,60,1,15,5,not lit,141,637,0.22135007849293564,0.77864992150706436,0.55000000000000004,0.55000000000000004,0.55000000000000004,1
F3 m=1 r=10%,surface_sensor_wmape,60,2,30,0,0–5%,142,1703,0.083382266588373458,0,0.047981545559400242,0.49642445213379471,0.26182237600922725,1
F3 m=1 r=10%,surface_sensor_wmape,60,2,30,1,5–10%,165,1703,0.096887844979448037,0.083382266588373458,0.5870049980776626,0.82299115724721261,0.40868896578239144,1
F3 m=1 r=10%,surface_sensor_wmape,60,2,30,2,10–15%,189,1703,0.11098062243100411,0.18027011156782149,0.99707804690503654,0.99876970396001541,0.74502114571318723,1
F3 m=1 r=10%,surface_sensor_wmape,60,2,30,3,15–20%,138,1703,0.08103347034644745,0.29125073399882562,0.9831603229527105,0.61737793156478282,0.35040369088811996,1
F3 m=1 r=10%,surface_sensor_wmape,60,2,30,4,≥20%,641,1703,0.37639459776864359,0.3722842043452731,0.73933102652825844,0.088581314878892731,0.15086505190311419,1
F3 m=1 r=10%,surface_sensor_wmape,60,2,30,5,not lit,428,1703,0.25132119788608337,0.74867880211391669,0.55000000000000004,0.55000000000000004,0.55000000000000004,1
F3 m=1 r=10%,surface_sensor_wmape,60,3,45,0,0–5%,16,187,0.085561497326203204,0,0.047981545559400242,0.49642445213379471,0.26182237600922725,1
F3 m=1 r=10%,surface_sensor_wmape,60,3,45,1,5–10%,22,187,0.11764705882352941,0.085561497326203204,0.5870049980776626,0.82299115724721261,0.40868896578239144,1
F3 m=1 r=10%,surface_sensor_wmape,60,3,45,2,10–15%,23,187,0.12299465240641712,0.2032085561497326,0.99707804690503654,0.99876970396001541,0.74502114571318723,1
F3 m=1 r=10%,surface_sensor_wmape,60,3,45,3,15–20%,7,187,0.037433155080213901,0.3262032085561497,0.9831603229527105,0.61737793156478282,0.35040369088811996,1
F3 m=1 r=10%,surface_sensor_wmape,60,3,45,4,≥20%,82,187,0.43850267379679142,0.36363636363636359,0.73933102652825844,0.088581314878892731,0.15086505190311419,1
F3 m=1 r=10%,surface_sensor_wmape,60,3,45,5,not lit,37,187,0.19786096256684493,0.80213903743315496,0.55000000000000004,0.55000000000000004,0.55000000000000004,1
F3 m=1 r=10%,surface_sensor_wmape,60,4,60,0,0–5%,54,412,0.13106796116504854,0,0.047981545559400242,0.49642445213379471,0.26182237600922725,1
F3 m=1 r=10%,surface_sensor_wmape,60,4,60,1,5–10%,53,412,0.12864077669902912,0.13106796116504854,0.5870049980776626,0.82299115724721261,0.40868896578239144,1
F3 m=1 r=10%,surface_sensor_wmape,60,4,60,2,10–15%,36,412,0.087378640776699032,0.25970873786407767,0.99707804690503654,0.99876970396001541,0.74502114571318723,1
F3 m=1 r=10%,surface_sensor_wmape,60,4,60,3,15–20%,25,412,0.060679611650485438,0.34708737864077671,0.9831603229527105,0.61737793156478282,0.35040369088811996,1
F3 m=1 r=10%,surface_sensor_wmape,60,4,60,4,≥20%,178,412,0.43203883495145629,0.40776699029126218,0.73933102652825844,0.088581314878892731,0.15086505190311419,1
F3 m=1 r=10%,surface_sensor_wmape,60,4,60,5,not lit,66,412,0.16019417475728157,0.83980582524271852,0.55000000000000004,0.55000000000000004,0.55000000000000004,1
F3 m=1 r=10%,surface_sensor_wmape,60,5,75,0,0–5%,92,826,0.11138014527845036,0,0.047981545559400242,0.49642445213379471,0.26182237600922725,1
F3 m=1 r=10%,surface_sensor_wmape,60,5,75,1,5–10%,83,826,0.10048426150121065,0.11138014527845036,0.5870049980776626,0.82299115724721261,0.40868896578239144,1
F3 m=1 r=10%,surface_sensor_wmape,60,5,75,2,10–15%,70,826,0.084745762711864403,0.21186440677966101,0.99707804690503654,0.99876970396001541,0.74502114571318723,1
F3 m=1 r=10%,surface_sensor_wmape,60,5,75,3,15–20%,69,826,0.08353510895883777,0.29661016949152541,0.9831603229527105,0.61737793156478282,0.35040369088811996,1
F3 m=1 r=10%,surface_sensor_wmape,60,5,75,4,≥20%,406,826,0.49152542372881358,0.38014527845036317,0.73933102652825844,0.088581314878892731,0.15086505190311419,1
F3 m=1 r=10%,surface_sensor_wmape,60,5,75,5,not lit,106,826,0.12832929782082325,0.87167070217917675,0.55000000000000004,0.55000000000000004,0.55000000000000004,1
F3 m=1 r=10%,surface_sensor_wmape,60,6,90,0,0–5%,14,286,0.048951048951048952,0,0.047981545559400242,0.49642445213379471,0.26182237600922725,1
F3 m=1 r=10%,surface_sensor_wmape,60,6,90,1,5–10%,32,286,0.11188811188811189,0.048951048951048952,0.5870049980776626,0.82299115724721261,0.40868896578239144,1
F3 m=1 r=10%,surface_sensor_wmape,60,6,90,2,10–15%,26,286,0.090909090909090912,0.16083916083916083,0.99707804690503654,0.99876970396001541,0.74502114571318723,1
F3 m=1 r=10%,surface_sensor_wmape,60,6,90,3,15–20%,24,286,0.083916083916083919,0.25174825174825177,0.9831603229527105,0.61737793156478282,0.35040369088811996,1
F3 m=1 r=10%,surface_sensor_wmape,60,6,90,4,≥20%,153,286,0.534965034965035,0.33566433566433568,0.73933102652825844,0.088581314878892731,0.15086505190311419,1
F3 m=1 r=10%,surface_sensor_wmape,60,6,90,5,not lit,37,286,0.12937062937062938,0.87062937062937062,0.55000000000000004,0.55000000000000004,0.55000000000000004,1
F3 m=1 r=10%,surface_sensor_wmape,60,7,105,0,0–5%,78,611,0.1276595744680851,0,0.047981545559400242,0.49642445213379471,0.26182237600922725,1
F3 m=1 r=10%,surface_sensor_wmape,60,7,105,1,5–10%,48,611,0.07855973813420622,0.1276595744680851,0.5870049980776626,0.82299115724721261,0.40868896578239144,1
F3 m=1 r=10%,surface_sensor_wmape,60,7,105,2,10–15%,56,611,0.091653027823240585,0.20621931260229132,0.99707804690503654,0.99876970396001541,0.74502114571318723,1
F3 m=1 r=10%,surface_sensor_wmape,60,7,105,3,15–20%,54,611,0.088379705400982,0.2978723404255319,0.9831603229527105,0.61737793156478282,0.35040369088811996,1
F3 m=1 r=10%,surface_sensor_wmape,60,7,105,4,≥20%,241,611,0.39443535188216039,0.3862520458265139,0.73933102652825844,0.088581314878892731,0.15086505190311419,1
F3 m=1 r=10%,surface_sensor_wmape,60,7,105,5,not lit,134,611,0.21931260229132571,0.78068739770867435,0.55000000000000004,0.55000000000000004,0.55000000000000004,1
F3 m=1 r=10%,surface_sensor_wmape,60,8,120,0,0–5%,156,1778,0.087739032620922391,0,0.047981545559400242,0.49642445213379471,0.26182237600922725,1
F3 m=1 r=10%,surface_sensor_wmape,60,8,120,1,5–10%,156,1778,0.087739032620922391,0.087739032620922391,0.5870049980776626,0.82299115724721261,0.40868896578239144,1
F3 m=1 r=10%,surface_sensor_wmape,60,8,120,2,10–15%,165,1778,0.092800899887514054,0.17547806524184478,0.99707804690503654,0.99876970396001541,0.74502114571318723,1
F3 m=1 r=10%,surface_sensor_wmape,60,8,120,3,15–20%,137,1778,0.077052868391451063,0.26827896512935884,0.9831603229527105,0.61737793156478282,0.35040369088811996,1
F3 m=1 r=10%,surface_sensor_wmape,60,8,120,4,≥20%,631,1778,0.35489313835770531,0.34533183352080987,0.73933102652825844,0.088581314878892731,0.15086505190311419,1
F3 m=1 r=10%,surface_sensor_wmape,60,8,120,5,not lit,533,1778,0.29977502812148482,0.70022497187851518,0.55000000000000004,0.55000000000000004,0.55000000000000004,1
F3 m=1 r=10%,surface_sensor_wmape,60,9,135,0,0–5%,17,188,0.090425531914893623,0,0.047981545559400242,0.49642445213379471,0.26182237600922725,1
F3 m=1 r=10%,surface_sensor_wmape,60,9,135,1,5–10%,27,188,0.14361702127659576,0.090425531914893623,0.5870049980776626,0.82299115724721261,0.40868896578239144,1
F3 m=1 r=10%,surface_sensor_wmape,60,9,135,2,10–15%,27,188,0.14361702127659576,0.23404255319148937,0.99707804690503654,0.99876970396001541,0.74502114571318723,1
F3 m=1 r=10%,surface_sensor_wmape,60,9,135,3,15–20%,5,188,0.026595744680851064,0.37765957446808512,0.9831603229527105,0.61737793156478282,0.35040369088811996,1
F3 m=1 r=10%,surface_sensor_wmape,60,9,135,4,≥20%,73,188,0.38829787234042551,0.4042553191489362,0.73933102652825844,0.088581314878892731,0.15086505190311419,1
F3 m=1 r=10%,surface_sensor_wmape,60,9,135,5,not lit,39,188,0.20744680851063829,0.79255319148936176,0.55000000000000004,0.55000000000000004,0.55000000000000004,1
F3 m=1 r=10%,surface_sensor_wmape,60,10,150,0,0–5%,37,456,0.081140350877192985,0,0.047981545559400242,0.49642445213379471,0.26182237600922725,1
F3 m=1 r=10%,surface_sensor_wmape,60,10,150,1,5–10%,34,456,0.074561403508771926,0.081140350877192985,0.5870049980776626,0.82299115724721261,0.40868896578239144,1
F3 m=1 r=10%,surface_sensor_wmape,60,10,150,2,10–15%,29,456,0.063596491228070179,0.1557017543859649,0.99707804690503654,0.99876970396001541,0.74502114571318723,1
F3 m=1 r=10%,surface_sensor_wmape,60,10,150,3,15–20%,35,456,0.076754385964912283,0.21929824561403508,0.9831603229527105,0.61737793156478282,0.35040369088811996,1
F3 m=1 r=10%,surface_sensor_wmape,60,10,150,4,≥20%,215,456,0.47149122807017546,0.29605263157894735,0.73933102652825844,0.088581314878892731,0.15086505190311419,1
F3 m=1 r=10%,surface_sensor_wmape,60,10,150,5,not lit,106,456,0.23245614035087719,0.76754385964912286,0.55000000000000004,0.55000000000000004,0.55000000000000004,1
F3 m=1 r=10%,surface_sensor_wmape,60,11,165,0,0–5%,85,907,0.093715545755237051,0,0.047981545559400242,0.49642445213379471,0.26182237600922725,1
F3 m=1 r=10%,surface_sensor_wmape,60,11,165,1,5–10%,72,907,0.079382579933847855,0.093715545755237051,0.5870049980776626,0.82299115724721261,0.40868896578239144,1
F3 m=1 r=10%,surface_sensor_wmape,60,11,165,2,10–15%,80,907,0.088202866593164272,0.17309812568908489,0.99707804690503654,0.99876970396001541,0.74502114571318723,1
F3 m=1 r=10%,surface_sensor_wmape,60,11,165,3,15–20%,51,907,0.056229327453142228,0.26130099228224918,0.9831603229527105,0.61737793156478282,0.35040369088811996,1
F3 m=1 r=10%,surface_sensor_wmape,60,11,165,4,≥20%,404,907,0.4454244762954796,0.31753031973539142,0.73933102652825844,0.088581314878892731,0.15086505190311419,1
F3 m=1 r=10%,surface_sensor_wmape,60,11,165,5,not lit,215,907,0.23704520396912901,0.76295479603087102,0.55000000000000004,0.55000000000000004,0.55000000000000004,1
F3 m=1 r=10%,surface_sensor_wmape,60,12,180,0,0–5%,13,276,0.04710144927536232,0,0.047981545559400242,0.49642445213379471,0.26182237600922725,1
F3 m=1 r=10%,surface_sensor_wmape,60,12,180,1,5–10%,17,276,0.061594202898550728,0.04710144927536232,0.5870049980776626,0.82299115724721261,0.40868896578239144,1
F3 m=1 r=10%,surface_sensor_wmape,60,12,180,2,10–15%,26,276,0.09420289855072464,0.10869565217391305,0.99707804690503654,0.99876970396001541,0.74502114571318723,1
F3 m=1 r=10%,surface_sensor_wmape,60,12,180,3,15–20%,17,276,0.061594202898550728,0.20289855072463769,0.9831603229527105,0.61737793156478282,0.35040369088811996,1
F3 m=1 r=10%,surface_sensor_wmape,60,12,180,4,≥20%,148,276,0.53623188405797106,0.26449275362318841,0.73933102652825844,0.088581314878892731,0.15086505190311419,1
F3 m=1 r=10%,surface_sensor_wmape,60,12,180,5,not lit,55,276,0.19927536231884058,0.80072463768115942,0.55000000000000004,0.55000000000000004,0.55000000000000004,1
F3 m=1 r=10%,surface_sensor_wmape,60,13,195,0,0–5%,77,610,0.12622950819672132,0,0.047981545559400242,0.49642445213379471,0.26182237600922725,1
F3 m=1 r=10%,surface_sensor_wmape,60,13,195,1,5–10%,50,610,0.081967213114754092,0.12622950819672132,0.5870049980776626,0.82299115724721261,0.40868896578239144,1
F3 m=1 r=10%,surface_sensor_wmape,60,13,195,2,10–15%,60,610,0.098360655737704916,0.20819672131147543,0.99707804690503654,0.99876970396001541,0.74502114571318723,1
F3 m=1 r=10%,surface_sensor_wmape,60,13,195,3,15–20%,64,610,0.10491803278688525,0.30655737704918035,0.9831603229527105,0.61737793156478282,0.35040369088811996,1
F3 m=1 r=10%,surface_sensor_wmape,60,13,195,4,≥20%,255,610,0.41803278688524592,0.41147540983606556,0.73933102652825844,0.088581314878892731,0.15086505190311419,1
F3 m=1 r=10%,surface_sensor_wmape,60,13,195,5,not lit,104,610,0.17049180327868851,0.82950819672131149,0.55000000000000004,0.55000000000000004,0.55000000000000004,1
F3 m=1 r=10%,surface_sensor_wmape,60,14,210,0,0–5%,161,1679,0.095890410958904104,0,0.047981545559400242,0.49642445213379471,0.26182237600922725,1
F3 m=1 r=10%,surface_sensor_wmape,60,14,210,1,5–10%,155,1679,0.092316855270994633,0.095890410958904104,0.5870049980776626,0.82299115724721261,0.40868896578239144,1
F3 m=1 r=10%,surface_sensor_wmape,60,14,210,2,10–15%,182,1679,0.10839785586658725,0.18820726622989875,0.99707804690503654,0.99876970396001541,0.74502114571318723,1
F3 m=1 r=10%,surface_sensor_wmape,60,14,210,3,15–20%,200,1679,0.11911852293031566,0.29660512209648598,0.9831603229527105,0.61737793156478282,0.35040369088811996,1
F3 m=1 r=10%,surface_sensor_wmape,60,14,210,4,≥20%,681,1679,0.40559857057772486,0.41572364502680165,0.73933102652825844,0.088581314878892731,0.15086505190311419,1
F3 m=1 r=10%,surface_sensor_wmape,60,14,210,5,not lit,300,1679,0.17867778439547349,0.82132221560452656,0.55000000000000004,0.55000000000000004,0.55000000000000004,1
F3 m=1 r=10%,surface_sensor_wmape,60,15,225,0,0–5%,19,197,0.096446700507614211,0,0.047981545559400242,0.49642445213379471,0.26182237600922725,1
F3 m=1 r=10%,surface_sensor_wmape,60,15,225,1,5–10%,31,197,0.15736040609137056,0.096446700507614211,0.5870049980776626,0.82299115724721261,0.40868896578239144,1
F3 m=1 r=10%,surface_sensor_wmape,60,15,225,2,10–15%,21,197,0.1065989847715736,0.25380710659898476,0.99707804690503654,0.99876970396001541,0.74502114571318723,1
F3 m=1 r=10%,surface_sensor_wmape,60,15,225,3,15–20%,17,197,0.086294416243654817,0.36040609137055835,0.9831603229527105,0.61737793156478282,0.35040369088811996,1
F3 m=1 r=10%,surface_sensor_wmape,60,15,225,4,≥20%,86,197,0.43654822335025378,0.44670050761421315,0.73933102652825844,0.088581314878892731,0.15086505190311419,1
F3 m=1 r=10%,surface_sensor_wmape,60,15,225,5,not lit,23,197,0.116751269035533,0.88324873096446699,0.55000000000000004,0.55000000000000004,0.55000000000000004,1
F3 m=1 r=10%,surface_sensor_wmape,60,16,240,0,0–5%,44,407,0.10810810810810811,0,0.047981545559400242,0.49642445213379471,0.26182237600922725,1
F3 m=1 r=10%,surface_sensor_wmape,60,16,240,1,5–10%,35,407,0.085995085995085999,0.10810810810810811,0.5870049980776626,0.82299115724721261,0.40868896578239144,1
F3 m=1 r=10%,surface_sensor_wmape,60,16,240,2,10–15%,39,407,0.095823095823095825,0.1941031941031941,0.99707804690503654,0.99876970396001541,0.74502114571318723,1
F3 m=1 r=10%,surface_sensor_wmape,60,16,240,3,15–20%,35,407,0.085995085995085999,0.28992628992628994,0.9831603229527105,0.61737793156478282,0.35040369088811996,1
F3 m=1 r=10%,surface_sensor_wmape,60,16,240,4,≥20%,203,407,0.49877149877149879,0.37592137592137592,0.73933102652825844,0.088581314878892731,0.15086505190311419,1
F3 m=1 r=10%,surface_sensor_wmape,60,16,240,5,not lit,51,407,0.12530712530712532,0.87469287469287471,0.55000000000000004,0.55000000000000004,0.55000000000000004,1
F3 m=1 r=10%,surface_sensor_wmape,60,17,255,0,0–5%,98,815,0.12024539877300613,0,0.047981545559400242,0.49642445213379471,0.26182237600922725,1
F3 m=1 r=10%,surface_sensor_wmape,60,17,255,1,5–10%,74,815,0.090797546012269942,0.12024539877300613,0.5870049980776626,0.82299115724721261,0.40868896578239144,1
F3 m=1 r=10%,surface_sensor_wmape,60,17,255,2,10–15%,68,815,0.083435582822085894,0.21104294478527608,0.99707804690503654,0.99876970396001541,0.74502114571318723,1
F3 m=1 r=10%,surface_sensor_wmape,60,17,255,3,15–20%,62,815,0.076073619631901845,0.29447852760736198,0.9831603229527105,0.61737793156478282,0.35040369088811996,1
F3 m=1 r=10%,surface_sensor_wmape,60,17,255,4,≥20%,421,815,0.51656441717791413,0.37055214723926383,0.73933102652825844,0.088581314878892731,0.15086505190311419,1
F3 m=1 r=10%,surface_sensor_wmape,60,17,255,5,not lit,92,815,0.11288343558282209,0.8871165644171779,0.55000000000000004,0.55000000000000004,0.55000000000000004,1
F3 m=1 r=10%,surface_sensor_wmape,60,18,270,0,0–5%,23,265,0.086792452830188674,0,0.047981545559400242,0.49642445213379471,0.26182237600922725,1
F3 m=1 r=10%,surface_sensor_wmape,60,18,270,1,5–10%,16,265,0.060377358490566038,0.086792452830188674,0.5870049980776626,0.82299115724721261,0.40868896578239144,1
F3 m=1 r=10%,surface_sensor_wmape,60,18,270,2,10–15%,27,265,0.10188679245283019,0.14716981132075471,0.99707804690503654,0.99876970396001541,0.74502114571318723,1
F3 m=1 r=10%,surface_sensor_wmape,60,18,270,3,15–20%,23,265,0.086792452830188674,0.24905660377358491,0.9831603229527105,0.61737793156478282,0.35040369088811996,1
F3 m=1 r=10%,surface_sensor_wmape,60,18,270,4,≥20%,138,265,0.52075471698113207,0.33584905660377357,0.73933102652825844,0.088581314878892731,0.15086505190311419,1
F3 m=1 r=10%,surface_sensor_wmape,60,18,270,5,not lit,38,265,0.14339622641509434,0.85660377358490569,0.55000000000000004,0.55000000000000004,0.55000000000000004,1
F3 m=1 r=10%,surface_sensor_wmape,60,19,285,0,0–5%,66,609,0.10837438423645321,0,0.047981545559400242,0.49642445213379471,0.26182237600922725,1
F3 m=1 r=10%,surface_sensor_wmape,60,19,285,1,5–10%,60,609,0.098522167487684734,0.10837438423645321,0.5870049980776626,0.82299115724721261,0.40868896578239144,1
F3 m=1 r=10%,surface_sensor_wmape,60,19,285,2,10–15%,66,609,0.10837438423645321,0.20689655172413796,0.99707804690503654,0.99876970396001541,0.74502114571318723,1
F3 m=1 r=10%,surface_sensor_wmape,60,19,285,3,15–20%,42,609,0.068965517241379309,0.31527093596059119,0.9831603229527105,0.61737793156478282,0.35040369088811996,1
F3 m=1 r=10%,surface_sensor_wmape,60,19,285,4,≥20%,263,609,0.43185550082101809,0.38423645320197053,0.73933102652825844,0.088581314878892731,0.15086505190311419,1
F3 m=1 r=10%,surface_sensor_wmape,60,19,285,5,not lit,112,609,0.18390804597701149,0.81609195402298862,0.55000000000000004,0.55000000000000004,0.55000000000000004,1
F3 m=1 r=10%,surface_sensor_wmape,60,20,300,0,0–5%,158,1781,0.088714205502526663,0,0.047981545559400242,0.49642445213379471,0.26182237600922725,1
F3 m=1 r=10%,surface_sensor_wmape,60,20,300,1,5–10%,136,1781,0.076361594609769795,0.088714205502526663,0.5870049980776626,0.82299115724721261,0.40868896578239144,1
F3 m=1 r=10%,surface_sensor_wmape,60,20,300,2,10–15%,171,1781,0.096013475575519369,0.16507580011229644,0.99707804690503654,0.99876970396001541,0.74502114571318723,1
F3 m=1 r=10%,surface_sensor_wmape,60,20,300,3,15–20%,118,1781,0.066254912970241442,0.26108927568781581,0.9831603229527105,0.61737793156478282,0.35040369088811996,1
F3 m=1 r=10%,surface_sensor_wmape,60,20,300,4,≥20%,609,1781,0.34194272880404269,0.32734418865805726,0.73933102652825844,0.088581314878892731,0.15086505190311419,1
F3 m=1 r=10%,surface_sensor_wmape,60,20,300,5,not lit,589,1781,0.33071308253790005,0.6692869174620999,0.55000000000000004,0.55000000000000004,0.55000000000000004,1
F3 m=1 r=10%,surface_sensor_wmape,60,21,315,0,0–5%,20,190,0.10526315789473684,0,0.047981545559400242,0.49642445213379471,0.26182237600922725,1
F3 m=1 r=10%,surface_sensor_wmape,60,21,315,1,5–10%,11,190,0.057894736842105263,0.10526315789473684,0.5870049980776626,0.82299115724721261,0.40868896578239144,1
F3 m=1 r=10%,surface_sensor_wmape,60,21,315,2,10–15%,13,190,0.068421052631578952,0.16315789473684211,0.99707804690503654,0.99876970396001541,0.74502114571318723,1
F3 m=1 r=10%,surface_sensor_wmape,60,21,315,3,15–20%,14,190,0.073684210526315783,0.23157894736842105,0.9831603229527105,0.61737793156478282,0.35040369088811996,1
F3 m=1 r=10%,surface_sensor_wmape,60,21,315,4,≥20%,94,190,0.49473684210526314,0.30526315789473685,0.73933102652825844,0.088581314878892731,0.15086505190311419,1
F3 m=1 r=10%,surface_sensor_wmape,60,21,315,5,not lit,38,190,0.20000000000000001,0.80000000000000004,0.55000000000000004,0.55000000000000004,0.55000000000000004,1
F3 m=1 r=10%,surface_sensor_wmape,60,22,330,0,0–5%,31,442,0.070135746606334842,0,0.047981545559400242,0.49642445213379471,0.26182237600922725,1
F3 m=1 r=10%,surface_sensor_wmape,60,22,330,1,5–10%,21,442,0.047511312217194568,0.070135746606334842,0.5870049980776626,0.82299115724721261,0.40868896578239144,1
F3 m=1 r=10%,surface_sensor_wmape,60,22,330,2,10–15%,22,442,0.049773755656108594,0.11764705882352941,0.99707804690503654,0.99876970396001541,0.74502114571318723,1
F3 m=1 r=10%,surface_sensor_wmape,60,22,330,3,15–20%,21,442,0.047511312217194568,0.167420814479638,0.9831603229527105,0.61737793156478282,0.35040369088811996,1
F3 m=1 r=10%,surface_sensor_wmape,60,22,330,4,≥20%,221,442,0.5,0.21493212669683256,0.73933102652825844,0.088581314878892731,0.15086505190311419,1
F3 m=1 r=10%,surface_sensor_wmape,60,22,330,5,not lit,126,442,0.28506787330316741,0.71493212669683259,0.55000000000000004,0.55000000000000004,0.55000000000000004,1
F3 m=1 r=10%,surface_sensor_wmape,60,23,345,0,0–5%,64,924,0.069264069264069264,0,0.047981545559400242,0.49642445213379471,0.26182237600922725,1
F3 m=1 r=10%,surface_sensor_wmape,60,23,345,1,5–10%,48,924,0.051948051948051951,0.069264069264069264,0.5870049980776626,0.82299115724721261,0.40868896578239144,1
F3 m=1 r=10%,surface_sensor_wmape,60,23,345,2,10–15%,51,924,0.055194805194805192,0.12121212121212122,0.99707804690503654,0.99876970396001541,0.74502114571318723,1
F3 m=1 r=10%,surface_sensor_wmape,60,23,345,3,15–20%,44,924,0.047619047619047616,0.1764069264069264,0.9831603229527105,0.61737793156478282,0.35040369088811996,1
F3 m=1 r=10%,surface_sensor_wmape,60,23,345,4,≥20%,425,924,0.45995670995670995,0.22402597402597402,0.73933102652825844,0.088581314878892731,0.15086505190311419,1
F3 m=1 r=10%,surface_sensor_wmape,60,23,345,5,not lit,292,924,0.31601731601731603,0.68398268398268391,0.55000000000000004,0.55000000000000004,0.55000000000000004,1
F3 m=1 r=10%,surface_wape,0,0,0,0,0–5%,91,290,0.31379310344827588,0,0.047981545559400242,0.49642445213379471,0.26182237600922725,1
F3 m=1 r=10%,surface_wape,0,0,0,1,5–10%,31,290,0.10689655172413794,0.31379310344827588,0.5870049980776626,0.82299115724721261,0.40868896578239144,1
F3 m=1 r=10%,surface_wape,0,0,0,2,10–15%,18,290,0.062068965517241378,0.4206896551724138,0.99707804690503654,0.99876970396001541,0.74502114571318723,1
F3 m=1 r=10%,surface_wape,0,0,0,3,15–20%,12,290,0.041379310344827586,0.48275862068965519,0.9831603229527105,0.61737793156478282,0.35040369088811996,1
F3 m=1 r=10%,surface_wape,0,0,0,4,≥20%,92,290,0.31724137931034485,0.52413793103448281,0.73933102652825844,0.088581314878892731,0.15086505190311419,1
F3 m=1 r=10%,surface_wape,0,0,0,5,not lit,46,290,0.15862068965517243,0.84137931034482771,0.55000000000000004,0.55000000000000004,0.55000000000000004,1
F3 m=1 r=10%,surface_wape,0,1,15,0,0–5%,229,637,0.35949764521193095,0,0.047981545559400242,0.49642445213379471,0.26182237600922725,1
F3 m=1 r=10%,surface_wape,0,1,15,1,5–10%,89,637,0.13971742543171115,0.35949764521193095,0.5870049980776626,0.82299115724721261,0.40868896578239144,1
F3 m=1 r=10%,surface_wape,0,1,15,2,10–15%,60,637,0.094191522762951341,0.49921507064364212,0.99707804690503654,0.99876970396001541,0.74502114571318723,1
F3 m=1 r=10%,surface_wape,0,1,15,3,15–20%,27,637,0.042386185243328101,0.59340659340659352,0.9831603229527105,0.61737793156478282,0.35040369088811996,1
F3 m=1 r=10%,surface_wape,0,1,15,4,≥20%,153,637,0.24018838304552589,0.63579277864992156,0.73933102652825844,0.088581314878892731,0.15086505190311419,1
F3 m=1 r=10%,surface_wape,0,1,15,5,not lit,79,637,0.12401883830455258,0.87598116169544749,0.55000000000000004,0.55000000000000004,0.55000000000000004,1
F3 m=1 r=10%,surface_wape,0,2,30,0,0–5%,516,1703,0.30299471520845567,0,0.047981545559400242,0.49642445213379471,0.26182237600922725,1
F3 m=1 r=10%,surface_wape,0,2,30,1,5–10%,278,1703,0.16324133881385791,0.30299471520845567,0.5870049980776626,0.82299115724721261,0.40868896578239144,1
F3 m=1 r=10%,surface_wape,0,2,30,2,10–15%,174,1703,0.10217263652378156,0.46623605402231361,0.99707804690503654,0.99876970396001541,0.74502114571318723,1
F3 m=1 r=10%,surface_wape,0,2,30,3,15–20%,108,1703,0.063417498532002348,0.56840869054609522,0.9831603229527105,0.61737793156478282,0.35040369088811996,1
F3 m=1 r=10%,surface_wape,0,2,30,4,≥20%,336,1703,0.19729888432178508,0.63182618907809762,0.73933102652825844,0.088581314878892731,0.15086505190311419,1
F3 m=1 r=10%,surface_wape,0,2,30,5,not lit,291,1703,0.17087492660011744,0.82912507339988273,0.55000000000000004,0.55000000000000004,0.55000000000000004,1
F3 m=1 r=10%,surface_wape,0,3,45,0,0–5%,69,187,0.36898395721925131,0,0.047981545559400242,0.49642445213379471,0.26182237600922725,1
F3 m=1 r=10%,surface_wape,0,3,45,1,5–10%,18,187,0.096256684491978606,0.36898395721925131,0.5870049980776626,0.82299115724721261,0.40868896578239144,1
F3 m=1 r=10%,surface_wape,0,3,45,2,10–15%,19,187,0.10160427807486631,0.46524064171122992,0.99707804690503654,0.99876970396001541,0.74502114571318723,1
F3 m=1 r=10%,surface_wape,0,3,45,3,15–20%,14,187,0.074866310160427801,0.56684491978609619,0.9831603229527105,0.61737793156478282,0.35040369088811996,1
F3 m=1 r=10%,surface_wape,0,3,45,4,≥20%,45,187,0.24064171122994651,0.64171122994652396,0.73933102652825844,0.088581314878892731,0.15086505190311419,1
F3 m=1 r=10%,surface_wape,0,3,45,5,not lit,22,187,0.11764705882352941,0.88235294117647045,0.55000000000000004,0.55000000000000004,0.55000000000000004,1
F3 m=1 r=10%,surface_wape,0,4,60,0,0–5%,98,412,0.23786407766990292,0,0.047981545559400242,0.49642445213379471,0.26182237600922725,1
F3 m=1 r=10%,surface_wape,0,4,60,1,5–10%,60,412,0.14563106796116504,0.23786407766990292,0.5870049980776626,0.82299115724721261,0.40868896578239144,1
F3 m=1 r=10%,surface_wape,0,4,60,2,10–15%,40,412,0.097087378640776698,0.38349514563106796,0.99707804690503654,0.99876970396001541,0.74502114571318723,1
F3 m=1 r=10%,surface_wape,0,4,60,3,15–20%,16,412,0.038834951456310676,0.48058252427184467,0.9831603229527105,0.61737793156478282,0.35040369088811996,1
F3 m=1 r=10%,surface_wape,0,4,60,4,≥20%,140,412,0.33980582524271846,0.51941747572815533,0.73933102652825844,0.088581314878892731,0.15086505190311419,1
F3 m=1 r=10%,surface_wape,0,4,60,5,not lit,58,412,0.14077669902912621,0.85922330097087385,0.55000000000000004,0.55000000000000004,0.55000000000000004,1
F3 m=1 r=10%,surface_wape,0,5,75,0,0–5%,159,826,0.19249394673123488,0,0.047981545559400242,0.49642445213379471,0.26182237600922725,1
F3 m=1 r=10%,surface_wape,0,5,75,1,5–10%,107,826,0.12953995157384987,0.19249394673123488,0.5870049980776626,0.82299115724721261,0.40868896578239144,1
F3 m=1 r=10%,surface_wape,0,5,75,2,10–15%,81,826,0.098062953995157381,0.32203389830508478,0.99707804690503654,0.99876970396001541,0.74502114571318723,1
F3 m=1 r=10%,surface_wape,0,5,75,3,15–20%,57,826,0.069007263922518158,0.42009685230024219,0.9831603229527105,0.61737793156478282,0.35040369088811996,1
F3 m=1 r=10%,surface_wape,0,5,75,4,≥20%,339,826,0.41041162227602906,0.48910411622276034,0.73933102652825844,0.088581314878892731,0.15086505190311419,1
F3 m=1 r=10%,surface_wape,0,5,75,5,not lit,83,826,0.10048426150121065,0.89951573849878941,0.55000000000000004,0.55000000000000004,0.55000000000000004,1
F3 m=1 r=10%,surface_wape,0,6,90,0,0–5%,39,286,0.13636363636363635,0,0.047981545559400242,0.49642445213379471,0.26182237600922725,1
F3 m=1 r=10%,surface_wape,0,6,90,1,5–10%,27,286,0.094405594405594401,0.13636363636363635,0.5870049980776626,0.82299115724721261,0.40868896578239144,1
F3 m=1 r=10%,surface_wape,0,6,90,2,10–15%,31,286,0.10839160839160839,0.23076923076923075,0.99707804690503654,0.99876970396001541,0.74502114571318723,1
F3 m=1 r=10%,surface_wape,0,6,90,3,15–20%,22,286,0.076923076923076927,0.33916083916083917,0.9831603229527105,0.61737793156478282,0.35040369088811996,1
F3 m=1 r=10%,surface_wape,0,6,90,4,≥20%,132,286,0.46153846153846156,0.41608391608391609,0.73933102652825844,0.088581314878892731,0.15086505190311419,1
F3 m=1 r=10%,surface_wape,0,6,90,5,not lit,35,286,0.12237762237762238,0.87762237762237771,0.55000000000000004,0.55000000000000004,0.55000000000000004,1
F3 m=1 r=10%,surface_wape,0,7,105,0,0–5%,96,611,0.15711947626841244,0,0.047981545559400242,0.49642445213379471,0.26182237600922725,1
F3 m=1 r=10%,surface_wape,0,7,105,1,5–10%,69,611,0.11292962356792144,0.15711947626841244,0.5870049980776626,0.82299115724721261,0.40868896578239144,1
F3 m=1 r=10%,surface_wape,0,7,105,2,10–15%,56,611,0.091653027823240585,0.27004909983633385,0.99707804690503654,0.99876970396001541,0.74502114571318723,1
F3 m=1 r=10%,surface_wape,0,7,105,3,15–20%,33,611,0.054009819967266774,0.36170212765957444,0.9831603229527105,0.61737793156478282,0.35040369088811996,1
F3 m=1 r=10%,surface_wape,0,7,105,4,≥20%,232,611,0.37970540098199673,0.41571194762684122,0.73933102652825844,0.088581314878892731,0.15086505190311419,1
F3 m=1 r=10%,surface_wape,0,7,105,5,not lit,125,611,0.20458265139116202,0.79541734860883795,0.55000000000000004,0.55000000000000004,0.55000000000000004,1
F3 m=1 r=10%,surface_wape,0,8,120,0,0–5%,205,1778,0.11529808773903262,0,0.047981545559400242,0.49642445213379471,0.26182237600922725,1
F3 m=1 r=10%,surface_wape,0,8,120,1,5–10%,156,1778,0.087739032620922391,0.11529808773903262,0.5870049980776626,0.82299115724721261,0.40868896578239144,1
F3 m=1 r=10%,surface_wape,0,8,120,2,10–15%,156,1778,0.087739032620922391,0.20303712035995503,0.99707804690503654,0.99876970396001541,0.74502114571318723,1
F3 m=1 r=10%,surface_wape,0,8,120,3,15–20%,82,1778,0.046119235095613047,0.29077615298087744,0.9831603229527105,0.61737793156478282,0.35040369088811996,1
F3 m=1 r=10%,surface_wape,0,8,120,4,≥20%,678,1778,0.3813273340832396,0.3368953880764905,0.73933102652825844,0.088581314878892731,0.15086505190311419,1
F3 m=1 r=10%,surface_wape,0,8,120,5,not lit,501,1778,0.28177727784026996,0.71822272215973015,0.55000000000000004,0.55000000000000004,0.55000000000000004,1
F3 m=1 r=10%,surface_wape,0,9,135,0,0–5%,16,188,0.085106382978723402,0,0.047981545559400242,0.49642445213379471,0.26182237600922725,1
F3 m=1 r=10%,surface_wape,0,9,135,1,5–10%,18,188,0.095744680851063829,0.085106382978723402,0.5870049980776626,0.82299115724721261,0.40868896578239144,1
F3 m=1 r=10%,surface_wape,0,9,135,2,10–15%,17,188,0.090425531914893623,0.18085106382978722,0.99707804690503654,0.99876970396001541,0.74502114571318723,1
F3 m=1 r=10%,surface_wape,0,9,135,3,15–20%,18,188,0.095744680851063829,0.27127659574468083,0.9831603229527105,0.61737793156478282,0.35040369088811996,1
F3 m=1 r=10%,surface_wape,0,9,135,4,≥20%,82,188,0.43617021276595747,0.36702127659574468,0.73933102652825844,0.088581314878892731,0.15086505190311419,1
F3 m=1 r=10%,surface_wape,0,9,135,5,not lit,37,188,0.19680851063829788,0.80319148936170215,0.55000000000000004,0.55000000000000004,0.55000000000000004,1
F3 m=1 r=10%,surface_wape,0,10,150,0,0–5%,29,456,0.063596491228070179,0,0.047981545559400242,0.49642445213379471,0.26182237600922725,1
F3 m=1 r=10%,surface_wape,0,10,150,1,5–10%,22,456,0.048245614035087717,0.063596491228070179,0.5870049980776626,0.82299115724721261,0.40868896578239144,1
F3 m=1 r=10%,surface_wape,0,10,150,2,10–15%,33,456,0.072368421052631582,0.1118421052631579,0.99707804690503654,0.99876970396001541,0.74502114571318723,1
F3 m=1 r=10%,surface_wape,0,10,150,3,15–20%,19,456,0.041666666666666664,0.18421052631578949,0.9831603229527105,0.61737793156478282,0.35040369088811996,1
F3 m=1 r=10%,surface_wape,0,10,150,4,≥20%,261,456,0.57236842105263153,0.22587719298245615,0.73933102652825844,0.088581314878892731,0.15086505190311419,1
F3 m=1 r=10%,surface_wape,0,10,150,5,not lit,92,456,0.20175438596491227,0.79824561403508765,0.55000000000000004,0.55000000000000004,0.55000000000000004,1
F3 m=1 r=10%,surface_wape,0,11,165,0,0–5%,67,907,0.073869900771775077,0,0.047981545559400242,0.49642445213379471,0.26182237600922725,1
F3 m=1 r=10%,surface_wape,0,11,165,1,5–10%,48,907,0.052921719955898568,0.073869900771775077,0.5870049980776626,0.82299115724721261,0.40868896578239144,1
F3 m=1 r=10%,surface_wape,0,11,165,2,10–15%,47,907,0.051819184123484012,0.12679162072767364,0.99707804690503654,0.99876970396001541,0.74502114571318723,1
F3 m=1 r=10%,surface_wape,0,11,165,3,15–20%,34,907,0.037486218302094816,0.17861080485115766,0.9831603229527105,0.61737793156478282,0.35040369088811996,1
F3 m=1 r=10%,surface_wape,0,11,165,4,≥20%,510,907,0.5622932745314223,0.21609702315325247,0.73933102652825844,0.088581314878892731,0.15086505190311419,1
F3 m=1 r=10%,surface_wape,0,11,165,5,not lit,201,907,0.22160970231532526,0.77839029768467483,0.55000000000000004,0.55000000000000004,0.55000000000000004,1
F3 m=1 r=10%,surface_wape,0,12,180,0,0–5%,15,276,0.05434782608695652,0,0.047981545559400242,0.49642445213379471,0.26182237600922725,1
F3 m=1 r=10%,surface_wape,0,12,180,1,5–10%,16,276,0.057971014492753624,0.05434782608695652,0.5870049980776626,0.82299115724721261,0.40868896578239144,1
F3 m=1 r=10%,surface_wape,0,12,180,2,10–15%,15,276,0.05434782608695652,0.11231884057971014,0.99707804690503654,0.99876970396001541,0.74502114571318723,1
F3 m=1 r=10%,surface_wape,0,12,180,3,15–20%,9,276,0.032608695652173912,0.16666666666666666,0.9831603229527105,0.61737793156478282,0.35040369088811996,1
F3 m=1 r=10%,surface_wape,0,12,180,4,≥20%,169,276,0.6123188405797102,0.19927536231884058,0.73933102652825844,0.088581314878892731,0.15086505190311419,1
F3 m=1 r=10%,surface_wape,0,12,180,5,not lit,52,276,0.18840579710144928,0.81159420289855078,0.55000000000000004,0.55000000000000004,0.55000000000000004,1
F3 m=1 r=10%,surface_wape,0,13,195,0,0–5%,28,610,0.045901639344262293,0,0.047981545559400242,0.49642445213379471,0.26182237600922725,1
F3 m=1 r=10%,surface_wape,0,13,195,1,5–10%,47,610,0.077049180327868852,0.045901639344262293,0.5870049980776626,0.82299115724721261,0.40868896578239144,1
F3 m=1 r=10%,surface_wape,0,13,195,2,10–15%,44,610,0.072131147540983612,0.12295081967213115,0.99707804690503654,0.99876970396001541,0.74502114571318723,1
F3 m=1 r=10%,surface_wape,0,13,195,3,15–20%,33,610,0.054098360655737705,0.19508196721311477,0.9831603229527105,0.61737793156478282,0.35040369088811996,1
F3 m=1 r=10%,surface_wape,0,13,195,4,≥20%,354,610,0.58032786885245902,0.24918032786885247,0.73933102652825844,0.088581314878892731,0.15086505190311419,1
F3 m=1 r=10%,surface_wape,0,13,195,5,not lit,104,610,0.17049180327868851,0.82950819672131149,0.55000000000000004,0.55000000000000004,0.55000000000000004,1
F3 m=1 r=10%,surface_wape,0,14,210,0,0–5%,203,1679,0.12090530077427041,0,0.047981545559400242,0.49642445213379471,0.26182237600922725,1
F3 m=1 r=10%,surface_wape,0,14,210,1,5–10%,205,1679,0.12209648600357356,0.12090530077427041,0.5870049980776626,0.82299115724721261,0.40868896578239144,1
F3 m=1 r=10%,surface_wape,0,14,210,2,10–15%,141,1679,0.083978558665872546,0.24300178677784395,0.99707804690503654,0.99876970396001541,0.74502114571318723,1
F3 m=1 r=10%,surface_wape,0,14,210,3,15–20%,103,1679,0.061346039309112567,0.32698034544371651,0.9831603229527105,0.61737793156478282,0.35040369088811996,1
F3 m=1 r=10%,surface_wape,0,14,210,4,≥20%,741,1679,0.44133412745681955,0.3883263847528291,0.73933102652825844,0.088581314878892731,0.15086505190311419,1
F3 m=1 r=10%,surface_wape,0,14,210,5,not lit,286,1679,0.17033948779035141,0.82966051220964865,0.55000000000000004,0.55000000000000004,0.55000000000000004,1
F3 m=1 r=10%,surface_wape,0,15,225,0,0–5%,29,197,0.14720812182741116,0,0.047981545559400242,0.49642445213379471,0.26182237600922725,1
F3 m=1 r=10%,surface_wape,0,15,225,1,5–10%,29,197,0.14720812182741116,0.14720812182741116,0.5870049980776626,0.82299115724721261,0.40868896578239144,1
F3 m=1 r=10%,surface_wape,0,15,225,2,10–15%,20,197,0.10152284263959391,0.29441624365482233,0.99707804690503654,0.99876970396001541,0.74502114571318723,1
F3 m=1 r=10%,surface_wape,0,15,225,3,15–20%,20,197,0.10152284263959391,0.39593908629441621,0.9831603229527105,0.61737793156478282,0.35040369088811996,1
F3 m=1 r=10%,surface_wape,0,15,225,4,≥20%,81,197,0.41116751269035534,0.49746192893401009,0.73933102652825844,0.088581314878892731,0.15086505190311419,1
F3 m=1 r=10%,surface_wape,0,15,225,5,not lit,18,197,0.091370558375634514,0.90862944162436543,0.55000000000000004,0.55000000000000004,0.55000000000000004,1
F3 m=1 r=10%,surface_wape,0,16,240,0,0–5%,59,407,0.14496314496314497,0,0.047981545559400242,0.49642445213379471,0.26182237600922725,1
F3 m=1 r=10%,surface_wape,0,16,240,1,5–10%,38,407,0.093366093366093361,0.14496314496314497,0.5870049980776626,0.82299115724721261,0.40868896578239144,1
F3 m=1 r=10%,surface_wape,0,16,240,2,10–15%,33,407,0.081081081081081086,0.23832923832923833,0.99707804690503654,0.99876970396001541,0.74502114571318723,1
F3 m=1 r=10%,surface_wape,0,16,240,3,15–20%,26,407,0.063882063882063883,0.31941031941031939,0.9831603229527105,0.61737793156478282,0.35040369088811996,1
F3 m=1 r=10%,surface_wape,0,16,240,4,≥20%,208,407,0.51105651105651106,0.38329238329238324,0.73933102652825844,0.088581314878892731,0.15086505190311419,1
F3 m=1 r=10%,surface_wape,0,16,240,5,not lit,43,407,0.10565110565110565,0.89434889434889431,0.55000000000000004,0.55000000000000004,0.55000000000000004,1
F3 m=1 r=10%,surface_wape,0,17,255,0,0–5%,131,815,0.16073619631901839,0,0.047981545559400242,0.49642445213379471,0.26182237600922725,1
F3 m=1 r=10%,surface_wape,0,17,255,1,5–10%,99,815,0.12147239263803682,0.16073619631901839,0.5870049980776626,0.82299115724721261,0.40868896578239144,1
F3 m=1 r=10%,surface_wape,0,17,255,2,10–15%,67,815,0.082208588957055212,0.2822085889570552,0.99707804690503654,0.99876970396001541,0.74502114571318723,1
F3 m=1 r=10%,surface_wape,0,17,255,3,15–20%,66,815,0.080981595092024544,0.36441717791411044,0.9831603229527105,0.61737793156478282,0.35040369088811996,1
F3 m=1 r=10%,surface_wape,0,17,255,4,≥20%,365,815,0.44785276073619634,0.44539877300613495,0.73933102652825844,0.088581314878892731,0.15086505190311419,1
F3 m=1 r=10%,surface_wape,0,17,255,5,not lit,87,815,0.10674846625766871,0.89325153374233124,0.55000000000000004,0.55000000000000004,0.55000000000000004,1
F3 m=1 r=10%,surface_wape,0,18,270,0,0–5%,32,265,0.12075471698113208,0,0.047981545559400242,0.49642445213379471,0.26182237600922725,1
F3 m=1 r=10%,surface_wape,0,18,270,1,5–10%,30,265,0.11320754716981132,0.12075471698113208,0.5870049980776626,0.82299115724721261,0.40868896578239144,1
F3 m=1 r=10%,surface_wape,0,18,270,2,10–15%,18,265,0.067924528301886791,0.2339622641509434,0.99707804690503654,0.99876970396001541,0.74502114571318723,1
F3 m=1 r=10%,surface_wape,0,18,270,3,15–20%,15,265,0.056603773584905662,0.30188679245283018,0.9831603229527105,0.61737793156478282,0.35040369088811996,1
F3 m=1 r=10%,surface_wape,0,18,270,4,≥20%,137,265,0.51698113207547169,0.35849056603773582,0.73933102652825844,0.088581314878892731,0.15086505190311419,1
F3 m=1 r=10%,surface_wape,0,18,270,5,not lit,33,265,0.12452830188679245,0.87547169811320757,0.55000000000000004,0.55000000000000004,0.55000000000000004,1
F3 m=1 r=10%,surface_wape,0,19,285,0,0–5%,110,609,0.180623973727422,0,0.047981545559400242,0.49642445213379471,0.26182237600922725,1
F3 m=1 r=10%,surface_wape,0,19,285,1,5–10%,89,609,0.14614121510673234,0.180623973727422,0.5870049980776626,0.82299115724721261,0.40868896578239144,1
F3 m=1 r=10%,surface_wape,0,19,285,2,10–15%,61,609,0.10016420361247948,0.32676518883415434,0.99707804690503654,0.99876970396001541,0.74502114571318723,1
F3 m=1 r=10%,surface_wape,0,19,285,3,15–20%,37,609,0.060755336617405585,0.4269293924466338,0.9831603229527105,0.61737793156478282,0.35040369088811996,1
F3 m=1 r=10%,surface_wape,0,19,285,4,≥20%,214,609,0.35139573070607555,0.48768472906403937,0.73933102652825844,0.088581314878892731,0.15086505190311419,1
F3 m=1 r=10%,surface_wape,0,19,285,5,not lit,98,609,0.16091954022988506,0.83908045977011492,0.55000000000000004,0.55000000000000004,0.55000000000000004,1
F3 m=1 r=10%,surface_wape,0,20,300,0,0–5%,334,1781,0.18753509264458171,0,0.047981545559400242,0.49642445213379471,0.26182237600922725,1
F3 m=1 r=10%,surface_wape,0,20,300,1,5–10%,206,1781,0.11566535654126894,0.18753509264458171,0.5870049980776626,0.82299115724721261,0.40868896578239144,1
F3 m=1 r=10%,surface_wape,0,20,300,2,10–15%,144,1781,0.080853453116226839,0.30320044918585065,0.99707804690503654,0.99876970396001541,0.74502114571318723,1
F3 m=1 r=10%,surface_wape,0,20,300,3,15–20%,117,1781,0.06569343065693431,0.38405390230207748,0.9831603229527105,0.61737793156478282,0.35040369088811996,1
F3 m=1 r=10%,surface_wape,0,20,300,4,≥20%,495,1781,0.27793374508702978,0.44974733295901181,0.73933102652825844,0.088581314878892731,0.15086505190311419,1
F3 m=1 r=10%,surface_wape,0,20,300,5,not lit,485,1781,0.27231892195395846,0.72768107804604165,0.55000000000000004,0.55000000000000004,0.55000000000000004,1
F3 m=1 r=10%,surface_wape,0,21,315,0,0–5%,35,190,0.18421052631578946,0,0.047981545559400242,0.49642445213379471,0.26182237600922725,1
F3 m=1 r=10%,surface_wape,0,21,315,1,5–10%,29,190,0.15263157894736842,0.18421052631578946,0.5870049980776626,0.82299115724721261,0.40868896578239144,1
F3 m=1 r=10%,surface_wape,0,21,315,2,10–15%,24,190,0.12631578947368421,0.33684210526315789,0.99707804690503654,0.99876970396001541,0.74502114571318723,1
F3 m=1 r=10%,surface_wape,0,21,315,3,15–20%,16,190,0.084210526315789472,0.4631578947368421,0.9831603229527105,0.61737793156478282,0.35040369088811996,1
F3 m=1 r=10%,surface_wape,0,21,315,4,≥20%,61,190,0.32105263157894737,0.54736842105263162,0.73933102652825844,0.088581314878892731,0.15086505190311419,1
F3 m=1 r=10%,surface_wape,0,21,315,5,not lit,25,190,0.13157894736842105,0.86842105263157898,0.55000000000000004,0.55000000000000004,0.55000000000000004,1
F3 m=1 r=10%,surface_wape,0,22,330,0,0–5%,94,442,0.21266968325791855,0,0.047981545559400242,0.49642445213379471,0.26182237600922725,1
F3 m=1 r=10%,surface_wape,0,22,330,1,5–10%,60,442,0.13574660633484162,0.21266968325791855,0.5870049980776626,0.82299115724721261,0.40868896578239144,1
F3 m=1 r=10%,surface_wape,0,22,330,2,10–15%,39,442,0.088235294117647065,0.34841628959276016,0.99707804690503654,0.99876970396001541,0.74502114571318723,1
F3 m=1 r=10%,surface_wape,0,22,330,3,15–20%,25,442,0.056561085972850679,0.43665158371040724,0.9831603229527105,0.61737793156478282,0.35040369088811996,1
F3 m=1 r=10%,surface_wape,0,22,330,4,≥20%,132,442,0.29864253393665158,0.49321266968325794,0.73933102652825844,0.088581314878892731,0.15086505190311419,1
F3 m=1 r=10%,surface_wape,0,22,330,5,not lit,92,442,0.20814479638009051,0.79185520361990958,0.55000000000000004,0.55000000000000004,0.55000000000000004,1
F3 m=1 r=10%,surface_wape,0,23,345,0,0–5%,239,924,0.25865800865800864,0,0.047981545559400242,0.49642445213379471,0.26182237600922725,1
F3 m=1 r=10%,surface_wape,0,23,345,1,5–10%,121,924,0.13095238095238096,0.25865800865800864,0.5870049980776626,0.82299115724721261,0.40868896578239144,1
F3 m=1 r=10%,surface_wape,0,23,345,2,10–15%,80,924,0.086580086580086577,0.38961038961038963,0.99707804690503654,0.99876970396001541,0.74502114571318723,1
F3 m=1 r=10%,surface_wape,0,23,345,3,15–20%,47,924,0.050865800865800864,0.47619047619047622,0.9831603229527105,0.61737793156478282,0.35040369088811996,1
F3 m=1 r=10%,surface_wape,0,23,345,4,≥20%,235,924,0.25432900432900435,0.52705627705627711,0.73933102652825844,0.088581314878892731,0.15086505190311419,1
F3 m=1 r=10%,surface_wape,0,23,345,5,not lit,202,924,0.21861471861471862,0.78138528138528152,0.55000000000000004,0.55000000000000004,0.55000000000000004,1
F3 m=1 r=10%,surface_wape,15,0,0,0,0–5%,104,290,0.35862068965517241,0,0.047981545559400242,0.49642445213379471,0.26182237600922725,1
F3 m=1 r=10%,surface_wape,15,0,0,1,5–10%,34,290,0.11724137931034483,0.35862068965517241,0.5870049980776626,0.82299115724721261,0.40868896578239144,1
F3 m=1 r=10%,surface_wape,15,0,0,2,10–15%,23,290,0.079310344827586213,0.47586206896551725,0.99707804690503654,0.99876970396001541,0.74502114571318723,1
F3 m=1 r=10%,surface_wape,15,0,0,3,15–20%,24,290,0.082758620689655171,0.55517241379310345,0.9831603229527105,0.61737793156478282,0.35040369088811996,1
F3 m=1 r=10%,surface_wape,15,0,0,4,≥20%,58,290,0.20000000000000001,0.63793103448275867,0.73933102652825844,0.088581314878892731,0.15086505190311419,1
F3 m=1 r=10%,surface_wape,15,0,0,5,not lit,47,290,0.16206896551724137,0.83793103448275863,0.55000000000000004,0.55000000000000004,0.55000000000000004,1
F3 m=1 r=10%,surface_wape,15,1,15,0,0–5%,237,637,0.37205651491365777,0,0.047981545559400242,0.49642445213379471,0.26182237600922725,1
F3 m=1 r=10%,surface_wape,15,1,15,1,5–10%,105,637,0.16483516483516483,0.37205651491365777,0.5870049980776626,0.82299115724721261,0.40868896578239144,1
F3 m=1 r=10%,surface_wape,15,1,15,2,10–15%,50,637,0.078492935635792779,0.53689167974882257,0.99707804690503654,0.99876970396001541,0.74502114571318723,1
F3 m=1 r=10%,surface_wape,15,1,15,3,15–20%,36,637,0.056514913657770803,0.61538461538461531,0.9831603229527105,0.61737793156478282,0.35040369088811996,1
F3 m=1 r=10%,surface_wape,15,1,15,4,≥20%,125,637,0.19623233908948196,0.67189952904238615,0.73933102652825844,0.088581314878892731,0.15086505190311419,1
F3 m=1 r=10%,surface_wape,15,1,15,5,not lit,84,637,0.13186813186813187,0.86813186813186816,0.55000000000000004,0.55000000000000004,0.55000000000000004,1
F3 m=1 r=10%,surface_wape,15,2,30,0,0–5%,482,1703,0.28302994715208457,0,0.047981545559400242,0.49642445213379471,0.26182237600922725,1
F3 m=1 r=10%,surface_wape,15,2,30,1,5–10%,303,1703,0.17792131532589547,0.28302994715208457,0.5870049980776626,0.82299115724721261,0.40868896578239144,1
F3 m=1 r=10%,surface_wape,15,2,30,2,10–15%,175,1703,0.10275983558426306,0.46095126247798002,0.99707804690503654,0.99876970396001541,0.74502114571318723,1
F3 m=1 r=10%,surface_wape,15,2,30,3,15–20%,133,1703,0.078097475044039924,0.56371109806224307,0.9831603229527105,0.61737793156478282,0.35040369088811996,1
F3 m=1 r=10%,surface_wape,15,2,30,4,≥20%,319,1703,0.18731650029359953,0.64180857310628303,0.73933102652825844,0.088581314878892731,0.15086505190311419,1
F3 m=1 r=10%,surface_wape,15,2,30,5,not lit,291,1703,0.17087492660011744,0.82912507339988251,0.55000000000000004,0.55000000000000004,0.55000000000000004,1
F3 m=1 r=10%,surface_wape,15,3,45,0,0–5%,54,187,0.28877005347593582,0,0.047981545559400242,0.49642445213379471,0.26182237600922725,1
F3 m=1 r=10%,surface_wape,15,3,45,1,5–10%,30,187,0.16042780748663102,0.28877005347593582,0.5870049980776626,0.82299115724721261,0.40868896578239144,1
F3 m=1 r=10%,surface_wape,15,3,45,2,10–15%,15,187,0.080213903743315509,0.44919786096256686,0.99707804690503654,0.99876970396001541,0.74502114571318723,1
F3 m=1 r=10%,surface_wape,15,3,45,3,15–20%,10,187,0.053475935828877004,0.52941176470588236,0.9831603229527105,0.61737793156478282,0.35040369088811996,1
F3 m=1 r=10%,surface_wape,15,3,45,4,≥20%,56,187,0.29946524064171121,0.58288770053475936,0.73933102652825844,0.088581314878892731,0.15086505190311419,1
F3 m=1 r=10%,surface_wape,15,3,45,5,not lit,22,187,0.11764705882352941,0.88235294117647056,0.55000000000000004,0.55000000000000004,0.55000000000000004,1
F3 m=1 r=10%,surface_wape,15,4,60,0,0–5%,89,412,0.21601941747572814,0,0.047981545559400242,0.49642445213379471,0.26182237600922725,1
F3 m=1 r=10%,surface_wape,15,4,60,1,5–10%,66,412,0.16019417475728157,0.21601941747572814,0.5870049980776626,0.82299115724721261,0.40868896578239144,1
F3 m=1 r=10%,surface_wape,15,4,60,2,10–15%,39,412,0.094660194174757281,0.37621359223300971,0.99707804690503654,0.99876970396001541,0.74502114571318723,1
F3 m=1 r=10%,surface_wape,15,4,60,3,15–20%,23,412,0.055825242718446605,0.470873786407767,0.9831603229527105,0.61737793156478282,0.35040369088811996,1
F3 m=1 r=10%,surface_wape,15,4,60,4,≥20%,143,412,0.34708737864077671,0.52669902912621358,0.73933102652825844,0.088581314878892731,0.15086505190311419,1
F3 m=1 r=10%,surface_wape,15,4,60,5,not lit,52,412,0.12621359223300971,0.87378640776699035,0.55000000000000004,0.55000000000000004,0.55000000000000004,1
F3 m=1 r=10%,surface_wape,15,5,75,0,0–5%,158,826,0.19128329297820823,0,0.047981545559400242,0.49642445213379471,0.26182237600922725,1
F3 m=1 r=10%,surface_wape,15,5,75,1,5–10%,114,826,0.13801452784503632,0.19128329297820823,0.5870049980776626,0.82299115724721261,0.40868896578239144,1
F3 m=1 r=10%,surface_wape,15,5,75,2,10–15%,73,826,0.088377723970944316,0.32929782082324455,0.99707804690503654,0.99876970396001541,0.74502114571318723,1
F3 m=1 r=10%,surface_wape,15,5,75,3,15–20%,68,826,0.082324455205811137,0.41767554479418889,0.9831603229527105,0.61737793156478282,0.35040369088811996,1
F3 m=1 r=10%,surface_wape,15,5,75,4,≥20%,329,826,0.39830508474576271,0.5,0.73933102652825844,0.088581314878892731,0.15086505190311419,1
F3 m=1 r=10%,surface_wape,15,5,75,5,not lit,84,826,0.10169491525423729,0.89830508474576276,0.55000000000000004,0.55000000000000004,0.55000000000000004,1
F3 m=1 r=10%,surface_wape,15,6,90,0,0–5%,27,286,0.094405594405594401,0,0.047981545559400242,0.49642445213379471,0.26182237600922725,1
F3 m=1 r=10%,surface_wape,15,6,90,1,5–10%,35,286,0.12237762237762238,0.094405594405594401,0.5870049980776626,0.82299115724721261,0.40868896578239144,1
F3 m=1 r=10%,surface_wape,15,6,90,2,10–15%,27,286,0.094405594405594401,0.21678321678321677,0.99707804690503654,0.99876970396001541,0.74502114571318723,1
F3 m=1 r=10%,surface_wape,15,6,90,3,15–20%,24,286,0.083916083916083919,0.31118881118881114,0.9831603229527105,0.61737793156478282,0.35040369088811996,1
F3 m=1 r=10%,surface_wape,15,6,90,4,≥20%,136,286,0.47552447552447552,0.39510489510489505,0.73933102652825844,0.088581314878892731,0.15086505190311419,1
F3 m=1 r=10%,surface_wape,15,6,90,5,not lit,37,286,0.12937062937062938,0.87062937062937062,0.55000000000000004,0.55000000000000004,0.55000000000000004,1
F3 m=1 r=10%,surface_wape,15,7,105,0,0–5%,103,611,0.16857610474631751,0,0.047981545559400242,0.49642445213379471,0.26182237600922725,1
F3 m=1 r=10%,surface_wape,15,7,105,1,5–10%,65,611,0.10638297872340426,0.16857610474631751,0.5870049980776626,0.82299115724721261,0.40868896578239144,1
F3 m=1 r=10%,surface_wape,15,7,105,2,10–15%,58,611,0.094926350245499183,0.27495908346972175,0.99707804690503654,0.99876970396001541,0.74502114571318723,1
F3 m=1 r=10%,surface_wape,15,7,105,3,15–20%,50,611,0.081833060556464818,0.36988543371522092,0.9831603229527105,0.61737793156478282,0.35040369088811996,1
F3 m=1 r=10%,surface_wape,15,7,105,4,≥20%,211,611,0.34533551554828151,0.45171849427168576,0.73933102652825844,0.088581314878892731,0.15086505190311419,1
F3 m=1 r=10%,surface_wape,15,7,105,5,not lit,124,611,0.20294599018003273,0.79705400981996721,0.55000000000000004,0.55000000000000004,0.55000000000000004,1
F3 m=1 r=10%,surface_wape,15,8,120,0,0–5%,223,1778,0.12542182227221596,0,0.047981545559400242,0.49642445213379471,0.26182237600922725,1
F3 m=1 r=10%,surface_wape,15,8,120,1,5–10%,184,1778,0.10348706411698538,0.12542182227221596,0.5870049980776626,0.82299115724721261,0.40868896578239144,1
F3 m=1 r=10%,surface_wape,15,8,120,2,10–15%,148,1778,0.083239595050618675,0.22890888638920134,0.99707804690503654,0.99876970396001541,0.74502114571318723,1
F3 m=1 r=10%,surface_wape,15,8,120,3,15–20%,91,1778,0.051181102362204724,0.31214848143981999,0.9831603229527105,0.61737793156478282,0.35040369088811996,1
F3 m=1 r=10%,surface_wape,15,8,120,4,≥20%,632,1778,0.35545556805399325,0.36332958380202474,0.73933102652825844,0.088581314878892731,0.15086505190311419,1
F3 m=1 r=10%,surface_wape,15,8,120,5,not lit,500,1778,0.28121484814398201,0.71878515185601799,0.55000000000000004,0.55000000000000004,0.55000000000000004,1
F3 m=1 r=10%,surface_wape,15,9,135,0,0–5%,24,188,0.1276595744680851,0,0.047981545559400242,0.49642445213379471,0.26182237600922725,1
F3 m=1 r=10%,surface_wape,15,9,135,1,5–10%,21,188,0.11170212765957446,0.1276595744680851,0.5870049980776626,0.82299115724721261,0.40868896578239144,1
F3 m=1 r=10%,surface_wape,15,9,135,2,10–15%,20,188,0.10638297872340426,0.23936170212765956,0.99707804690503654,0.99876970396001541,0.74502114571318723,1
F3 m=1 r=10%,surface_wape,15,9,135,3,15–20%,20,188,0.10638297872340426,0.3457446808510638,0.9831603229527105,0.61737793156478282,0.35040369088811996,1
F3 m=1 r=10%,surface_wape,15,9,135,4,≥20%,66,188,0.35106382978723405,0.45212765957446804,0.73933102652825844,0.088581314878892731,0.15086505190311419,1
F3 m=1 r=10%,surface_wape,15,9,135,5,not lit,37,188,0.19680851063829788,0.80319148936170204,0.55000000000000004,0.55000000000000004,0.55000000000000004,1
F3 m=1 r=10%,surface_wape,15,10,150,0,0–5%,31,456,0.06798245614035088,0,0.047981545559400242,0.49642445213379471,0.26182237600922725,1
F3 m=1 r=10%,surface_wape,15,10,150,1,5–10%,35,456,0.076754385964912283,0.06798245614035088,0.5870049980776626,0.82299115724721261,0.40868896578239144,1
F3 m=1 r=10%,surface_wape,15,10,150,2,10–15%,31,456,0.06798245614035088,0.14473684210526316,0.99707804690503654,0.99876970396001541,0.74502114571318723,1
F3 m=1 r=10%,surface_wape,15,10,150,3,15–20%,24,456,0.052631578947368418,0.21271929824561403,0.9831603229527105,0.61737793156478282,0.35040369088811996,1
F3 m=1 r=10%,surface_wape,15,10,150,4,≥20%,244,456,0.53508771929824561,0.26535087719298245,0.73933102652825844,0.088581314878892731,0.15086505190311419,1
F3 m=1 r=10%,surface_wape,15,10,150,5,not lit,91,456,0.19956140350877194,0.80043859649122806,0.55000000000000004,0.55000000000000004,0.55000000000000004,1
F3 m=1 r=10%,surface_wape,15,11,165,0,0–5%,80,907,0.088202866593164272,0,0.047981545559400242,0.49642445213379471,0.26182237600922725,1
F3 m=1 r=10%,surface_wape,15,11,165,1,5–10%,47,907,0.051819184123484012,0.088202866593164272,0.5870049980776626,0.82299115724721261,0.40868896578239144,1
F3 m=1 r=10%,surface_wape,15,11,165,2,10–15%,43,907,0.047409040793825796,0.14002205071664828,0.99707804690503654,0.99876970396001541,0.74502114571318723,1
F3 m=1 r=10%,surface_wape,15,11,165,3,15–20%,42,907,0.046306504961411248,0.18743109151047407,0.9831603229527105,0.61737793156478282,0.35040369088811996,1
F3 m=1 r=10%,surface_wape,15,11,165,4,≥20%,495,907,0.54575523704520401,0.23373759647188533,0.73933102652825844,0.088581314878892731,0.15086505190311419,1
F3 m=1 r=10%,surface_wape,15,11,165,5,not lit,200,907,0.22050716648291069,0.77949283351708931,0.55000000000000004,0.55000000000000004,0.55000000000000004,1
F3 m=1 r=10%,surface_wape,15,12,180,0,0–5%,8,276,0.028985507246376812,0,0.047981545559400242,0.49642445213379471,0.26182237600922725,1
F3 m=1 r=10%,surface_wape,15,12,180,1,5–10%,11,276,0.039855072463768113,0.028985507246376812,0.5870049980776626,0.82299115724721261,0.40868896578239144,1
F3 m=1 r=10%,surface_wape,15,12,180,2,10–15%,15,276,0.05434782608695652,0.068840579710144928,0.99707804690503654,0.99876970396001541,0.74502114571318723,1
F3 m=1 r=10%,surface_wape,15,12,180,3,15–20%,9,276,0.032608695652173912,0.12318840579710144,0.9831603229527105,0.61737793156478282,0.35040369088811996,1
F3 m=1 r=10%,surface_wape,15,12,180,4,≥20%,183,276,0.66304347826086951,0.15579710144927536,0.73933102652825844,0.088581314878892731,0.15086505190311419,1
F3 m=1 r=10%,surface_wape,15,12,180,5,not lit,50,276,0.18115942028985507,0.8188405797101449,0.55000000000000004,0.55000000000000004,0.55000000000000004,1
F3 m=1 r=10%,surface_wape,15,13,195,0,0–5%,36,610,0.059016393442622953,0,0.047981545559400242,0.49642445213379471,0.26182237600922725,1
F3 m=1 r=10%,surface_wape,15,13,195,1,5–10%,49,610,0.080327868852459017,0.059016393442622953,0.5870049980776626,0.82299115724721261,0.40868896578239144,1
F3 m=1 r=10%,surface_wape,15,13,195,2,10–15%,38,610,0.062295081967213117,0.13934426229508196,0.99707804690503654,0.99876970396001541,0.74502114571318723,1
F3 m=1 r=10%,surface_wape,15,13,195,3,15–20%,28,610,0.045901639344262293,0.20163934426229507,0.9831603229527105,0.61737793156478282,0.35040369088811996,1
F3 m=1 r=10%,surface_wape,15,13,195,4,≥20%,358,610,0.58688524590163937,0.24754098360655735,0.73933102652825844,0.088581314878892731,0.15086505190311419,1
F3 m=1 r=10%,surface_wape,15,13,195,5,not lit,101,610,0.16557377049180327,0.83442622950819678,0.55000000000000004,0.55000000000000004,0.55000000000000004,1
F3 m=1 r=10%,surface_wape,15,14,210,0,0–5%,259,1679,0.15425848719475879,0,0.047981545559400242,0.49642445213379471,0.26182237600922725,1
F3 m=1 r=10%,surface_wape,15,14,210,1,5–10%,208,1679,0.12388326384752829,0.15425848719475879,0.5870049980776626,0.82299115724721261,0.40868896578239144,1
F3 m=1 r=10%,surface_wape,15,14,210,2,10–15%,183,1679,0.10899344848123883,0.27814175104228711,0.99707804690503654,0.99876970396001541,0.74502114571318723,1
F3 m=1 r=10%,surface_wape,15,14,210,3,15–20%,126,1679,0.075044669446098874,0.38713519952352593,0.9831603229527105,0.61737793156478282,0.35040369088811996,1
F3 m=1 r=10%,surface_wape,15,14,210,4,≥20%,630,1679,0.37522334723049433,0.46217986896962482,0.73933102652825844,0.088581314878892731,0.15086505190311419,1
F3 m=1 r=10%,surface_wape,15,14,210,5,not lit,273,1679,0.16259678379988088,0.83740321620011915,0.55000000000000004,0.55000000000000004,0.55000000000000004,1
F3 m=1 r=10%,surface_wape,15,15,225,0,0–5%,39,197,0.19796954314720813,0,0.047981545559400242,0.49642445213379471,0.26182237600922725,1
F3 m=1 r=10%,surface_wape,15,15,225,1,5–10%,25,197,0.12690355329949238,0.19796954314720813,0.5870049980776626,0.82299115724721261,0.40868896578239144,1
F3 m=1 r=10%,surface_wape,15,15,225,2,10–15%,21,197,0.1065989847715736,0.32487309644670048,0.99707804690503654,0.99876970396001541,0.74502114571318723,1
F3 m=1 r=10%,surface_wape,15,15,225,3,15–20%,17,197,0.086294416243654817,0.43147208121827407,0.9831603229527105,0.61737793156478282,0.35040369088811996,1
F3 m=1 r=10%,surface_wape,15,15,225,4,≥20%,77,197,0.39086294416243655,0.51776649746192893,0.73933102652825844,0.088581314878892731,0.15086505190311419,1
F3 m=1 r=10%,surface_wape,15,15,225,5,not lit,18,197,0.091370558375634514,0.90862944162436543,0.55000000000000004,0.55000000000000004,0.55000000000000004,1
F3 m=1 r=10%,surface_wape,15,16,240,0,0–5%,59,407,0.14496314496314497,0,0.047981545559400242,0.49642445213379471,0.26182237600922725,1
F3 m=1 r=10%,surface_wape,15,16,240,1,5–10%,53,407,0.13022113022113022,0.14496314496314497,0.5870049980776626,0.82299115724721261,0.40868896578239144,1
F3 m=1 r=10%,surface_wape,15,16,240,2,10–15%,30,407,0.073710073710073709,0.27518427518427518,0.99707804690503654,0.99876970396001541,0.74502114571318723,1
F3 m=1 r=10%,surface_wape,15,16,240,3,15–20%,45,407,0.11056511056511056,0.34889434889434889,0.9831603229527105,0.61737793156478282,0.35040369088811996,1
F3 m=1 r=10%,surface_wape,15,16,240,4,≥20%,176,407,0.43243243243243246,0.45945945945945943,0.73933102652825844,0.088581314878892731,0.15086505190311419,1
F3 m=1 r=10%,surface_wape,15,16,240,5,not lit,44,407,0.10810810810810811,0.89189189189189189,0.55000000000000004,0.55000000000000004,0.55000000000000004,1
F3 m=1 r=10%,surface_wape,15,17,255,0,0–5%,136,815,0.16687116564417179,0,0.047981545559400242,0.49642445213379471,0.26182237600922725,1
F3 m=1 r=10%,surface_wape,15,17,255,1,5–10%,103,815,0.1263803680981595,0.16687116564417179,0.5870049980776626,0.82299115724721261,0.40868896578239144,1
F3 m=1 r=10%,surface_wape,15,17,255,2,10–15%,86,815,0.10552147239263804,0.29325153374233126,0.99707804690503654,0.99876970396001541,0.74502114571318723,1
F3 m=1 r=10%,surface_wape,15,17,255,3,15–20%,57,815,0.069938650306748465,0.3987730061349693,0.9831603229527105,0.61737793156478282,0.35040369088811996,1
F3 m=1 r=10%,surface_wape,15,17,255,4,≥20%,348,815,0.42699386503067482,0.46871165644171775,0.73933102652825844,0.088581314878892731,0.15086505190311419,1
F3 m=1 r=10%,surface_wape,15,17,255,5,not lit,85,815,0.10429447852760736,0.89570552147239257,0.55000000000000004,0.55000000000000004,0.55000000000000004,1
F3 m=1 r=10%,surface_wape,15,18,270,0,0–5%,31,265,0.1169811320754717,0,0.047981545559400242,0.49642445213379471,0.26182237600922725,1
F3 m=1 r=10%,surface_wape,15,18,270,1,5–10%,23,265,0.086792452830188674,0.1169811320754717,0.5870049980776626,0.82299115724721261,0.40868896578239144,1
F3 m=1 r=10%,surface_wape,15,18,270,2,10–15%,22,265,0.083018867924528297,0.20377358490566039,0.99707804690503654,0.99876970396001541,0.74502114571318723,1
F3 m=1 r=10%,surface_wape,15,18,270,3,15–20%,16,265,0.060377358490566038,0.28679245283018867,0.9831603229527105,0.61737793156478282,0.35040369088811996,1
F3 m=1 r=10%,surface_wape,15,18,270,4,≥20%,140,265,0.52830188679245282,0.3471698113207547,0.73933102652825844,0.088581314878892731,0.15086505190311419,1
F3 m=1 r=10%,surface_wape,15,18,270,5,not lit,33,265,0.12452830188679245,0.87547169811320757,0.55000000000000004,0.55000000000000004,0.55000000000000004,1
F3 m=1 r=10%,surface_wape,15,19,285,0,0–5%,122,609,0.20032840722495895,0,0.047981545559400242,0.49642445213379471,0.26182237600922725,1
F3 m=1 r=10%,surface_wape,15,19,285,1,5–10%,73,609,0.11986863711001643,0.20032840722495895,0.5870049980776626,0.82299115724721261,0.40868896578239144,1
F3 m=1 r=10%,surface_wape,15,19,285,2,10–15%,63,609,0.10344827586206896,0.32019704433497537,0.99707804690503654,0.99876970396001541,0.74502114571318723,1
F3 m=1 r=10%,surface_wape,15,19,285,3,15–20%,50,609,0.082101806239737271,0.42364532019704432,0.9831603229527105,0.61737793156478282,0.35040369088811996,1
F3 m=1 r=10%,surface_wape,15,19,285,4,≥20%,204,609,0.33497536945812806,0.50574712643678155,0.73933102652825844,0.088581314878892731,0.15086505190311419,1
F3 m=1 r=10%,surface_wape,15,19,285,5,not lit,97,609,0.15927750410509031,0.84072249589490955,0.55000000000000004,0.55000000000000004,0.55000000000000004,1
F3 m=1 r=10%,surface_wape,15,20,300,0,0–5%,339,1781,0.19034250421111734,0,0.047981545559400242,0.49642445213379471,0.26182237600922725,1
F3 m=1 r=10%,surface_wape,15,20,300,1,5–10%,232,1781,0.13026389668725435,0.19034250421111734,0.5870049980776626,0.82299115724721261,0.40868896578239144,1
F3 m=1 r=10%,surface_wape,15,20,300,2,10–15%,143,1781,0.080291970802919707,0.32060640089837167,0.99707804690503654,0.99876970396001541,0.74502114571318723,1
F3 m=1 r=10%,surface_wape,15,20,300,3,15–20%,114,1781,0.064008983717012913,0.40089837170129139,0.9831603229527105,0.61737793156478282,0.35040369088811996,1
F3 m=1 r=10%,surface_wape,15,20,300,4,≥20%,490,1781,0.27512633352049409,0.4649073554183043,0.73933102652825844,0.088581314878892731,0.15086505190311419,1
F3 m=1 r=10%,surface_wape,15,20,300,5,not lit,463,1781,0.25996631106120155,0.7400336889387984,0.55000000000000004,0.55000000000000004,0.55000000000000004,1
F3 m=1 r=10%,surface_wape,15,21,315,0,0–5%,34,190,0.17894736842105263,0,0.047981545559400242,0.49642445213379471,0.26182237600922725,1
F3 m=1 r=10%,surface_wape,15,21,315,1,5–10%,25,190,0.13157894736842105,0.17894736842105263,0.5870049980776626,0.82299115724721261,0.40868896578239144,1
F3 m=1 r=10%,surface_wape,15,21,315,2,10–15%,25,190,0.13157894736842105,0.31052631578947365,0.99707804690503654,0.99876970396001541,0.74502114571318723,1
F3 m=1 r=10%,surface_wape,15,21,315,3,15–20%,27,190,0.14210526315789473,0.44210526315789467,0.9831603229527105,0.61737793156478282,0.35040369088811996,1
F3 m=1 r=10%,surface_wape,15,21,315,4,≥20%,55,190,0.28947368421052633,0.5842105263157894,0.73933102652825844,0.088581314878892731,0.15086505190311419,1
F3 m=1 r=10%,surface_wape,15,21,315,5,not lit,24,190,0.12631578947368421,0.87368421052631573,0.55000000000000004,0.55000000000000004,0.55000000000000004,1
F3 m=1 r=10%,surface_wape,15,22,330,0,0–5%,92,442,0.20814479638009051,0,0.047981545559400242,0.49642445213379471,0.26182237600922725,1
F3 m=1 r=10%,surface_wape,15,22,330,1,5–10%,49,442,0.11085972850678733,0.20814479638009051,0.5870049980776626,0.82299115724721261,0.40868896578239144,1
F3 m=1 r=10%,surface_wape,15,22,330,2,10–15%,41,442,0.092760180995475117,0.3190045248868778,0.99707804690503654,0.99876970396001541,0.74502114571318723,1
F3 m=1 r=10%,surface_wape,15,22,330,3,15–20%,31,442,0.070135746606334842,0.41176470588235292,0.9831603229527105,0.61737793156478282,0.35040369088811996,1
F3 m=1 r=10%,surface_wape,15,22,330,4,≥20%,134,442,0.30316742081447962,0.48190045248868774,0.73933102652825844,0.088581314878892731,0.15086505190311419,1
F3 m=1 r=10%,surface_wape,15,22,330,5,not lit,95,442,0.21493212669683259,0.7850678733031673,0.55000000000000004,0.55000000000000004,0.55000000000000004,1
F3 m=1 r=10%,surface_wape,15,23,345,0,0–5%,251,924,0.27164502164502163,0,0.047981545559400242,0.49642445213379471,0.26182237600922725,1
F3 m=1 r=10%,surface_wape,15,23,345,1,5–10%,124,924,0.13419913419913421,0.27164502164502163,0.5870049980776626,0.82299115724721261,0.40868896578239144,1
F3 m=1 r=10%,surface_wape,15,23,345,2,10–15%,91,924,0.098484848484848481,0.40584415584415584,0.99707804690503654,0.99876970396001541,0.74502114571318723,1
F3 m=1 r=10%,surface_wape,15,23,345,3,15–20%,49,924,0.053030303030303032,0.50432900432900429,0.9831603229527105,0.61737793156478282,0.35040369088811996,1
F3 m=1 r=10%,surface_wape,15,23,345,4,≥20%,204,924,0.22077922077922077,0.55735930735930728,0.73933102652825844,0.088581314878892731,0.15086505190311419,1
F3 m=1 r=10%,surface_wape,15,23,345,5,not lit,205,924,0.22186147186147187,0.77813852813852802,0.55000000000000004,0.55000000000000004,0.55000000000000004,1
F3 m=1 r=10%,surface_wape,30,0,0,0,0–5%,62,290,0.21379310344827587,0,0.047981545559400242,0.49642445213379471,0.26182237600922725,1
F3 m=1 r=10%,surface_wape,30,0,0,1,5–10%,41,290,0.14137931034482759,0.21379310344827587,0.5870049980776626,0.82299115724721261,0.40868896578239144,1
F3 m=1 r=10%,surface_wape,30,0,0,2,10–15%,16,290,0.055172413793103448,0.35517241379310349,0.99707804690503654,0.99876970396001541,0.74502114571318723,1
F3 m=1 r=10%,surface_wape,30,0,0,3,15–20%,13,290,0.044827586206896551,0.41034482758620694,0.9831603229527105,0.61737793156478282,0.35040369088811996,1
F3 m=1 r=10%,surface_wape,30,0,0,4,≥20%,99,290,0.3413793103448276,0.45517241379310347,0.73933102652825844,0.088581314878892731,0.15086505190311419,1
F3 m=1 r=10%,surface_wape,30,0,0,5,not lit,59,290,0.20344827586206896,0.79655172413793107,0.55000000000000004,0.55000000000000004,0.55000000000000004,1
F3 m=1 r=10%,surface_wape,30,1,15,0,0–5%,152,637,0.23861852433281006,0,0.047981545559400242,0.49642445213379471,0.26182237600922725,1
F3 m=1 r=10%,surface_wape,30,1,15,1,5–10%,89,637,0.13971742543171115,0.23861852433281006,0.5870049980776626,0.82299115724721261,0.40868896578239144,1
F3 m=1 r=10%,surface_wape,30,1,15,2,10–15%,55,637,0.086342229199372053,0.37833594976452123,0.99707804690503654,0.99876970396001541,0.74502114571318723,1
F3 m=1 r=10%,surface_wape,30,1,15,3,15–20%,37,637,0.058084772370486655,0.4646781789638933,0.9831603229527105,0.61737793156478282,0.35040369088811996,1
F3 m=1 r=10%,surface_wape,30,1,15,4,≥20%,213,637,0.33437990580847726,0.52276295133438,0.73933102652825844,0.088581314878892731,0.15086505190311419,1
F3 m=1 r=10%,surface_wape,30,1,15,5,not lit,91,637,0.14285714285714285,0.85714285714285721,0.55000000000000004,0.55000000000000004,0.55000000000000004,1
F3 m=1 r=10%,surface_wape,30,2,30,0,0–5%,420,1703,0.24662360540223136,0,0.047981545559400242,0.49642445213379471,0.26182237600922725,1
F3 m=1 r=10%,surface_wape,30,2,30,1,5–10%,263,1703,0.15443335290663535,0.24662360540223136,0.5870049980776626,0.82299115724721261,0.40868896578239144,1
F3 m=1 r=10%,surface_wape,30,2,30,2,10–15%,166,1703,0.097475044039929543,0.40105695830886667,0.99707804690503654,0.99876970396001541,0.74502114571318723,1
F3 m=1 r=10%,surface_wape,30,2,30,3,15–20%,109,1703,0.064004697592483853,0.49853200234879624,0.9831603229527105,0.61737793156478282,0.35040369088811996,1
F3 m=1 r=10%,surface_wape,30,2,30,4,≥20%,411,1703,0.24133881385789782,0.56253669994128008,0.73933102652825844,0.088581314878892731,0.15086505190311419,1
F3 m=1 r=10%,surface_wape,30,2,30,5,not lit,334,1703,0.19612448620082207,0.80387551379917788,0.55000000000000004,0.55000000000000004,0.55000000000000004,1
F3 m=1 r=10%,surface_wape,30,3,45,0,0–5%,36,187,0.19251336898395721,0,0.047981545559400242,0.49642445213379471,0.26182237600922725,1
F3 m=1 r=10%,surface_wape,30,3,45,1,5–10%,31,187,0.16577540106951871,0.19251336898395721,0.5870049980776626,0.82299115724721261,0.40868896578239144,1
F3 m=1 r=10%,surface_wape,30,3,45,2,10–15%,19,187,0.10160427807486631,0.35828877005347592,0.99707804690503654,0.99876970396001541,0.74502114571318723,1
F3 m=1 r=10%,surface_wape,30,3,45,3,15–20%,15,187,0.080213903743315509,0.45989304812834225,0.9831603229527105,0.61737793156478282,0.35040369088811996,1
F3 m=1 r=10%,surface_wape,30,3,45,4,≥20%,58,187,0.31016042780748665,0.5401069518716578,0.73933102652825844,0.088581314878892731,0.15086505190311419,1
F3 m=1 r=10%,surface_wape,30,3,45,5,not lit,28,187,0.1497326203208556,0.85026737967914445,0.55000000000000004,0.55000000000000004,0.55000000000000004,1
F3 m=1 r=10%,surface_wape,30,4,60,0,0–5%,86,412,0.20873786407766989,0,0.047981545559400242,0.49642445213379471,0.26182237600922725,1
F3 m=1 r=10%,surface_wape,30,4,60,1,5–10%,56,412,0.13592233009708737,0.20873786407766989,0.5870049980776626,0.82299115724721261,0.40868896578239144,1
F3 m=1 r=10%,surface_wape,30,4,60,2,10–15%,40,412,0.097087378640776698,0.34466019417475724,0.99707804690503654,0.99876970396001541,0.74502114571318723,1
F3 m=1 r=10%,surface_wape,30,4,60,3,15–20%,25,412,0.060679611650485438,0.44174757281553395,0.9831603229527105,0.61737793156478282,0.35040369088811996,1
F3 m=1 r=10%,surface_wape,30,4,60,4,≥20%,149,412,0.36165048543689321,0.50242718446601942,0.73933102652825844,0.088581314878892731,0.15086505190311419,1
F3 m=1 r=10%,surface_wape,30,4,60,5,not lit,56,412,0.13592233009708737,0.86407766990291268,0.55000000000000004,0.55000000000000004,0.55000000000000004,1
F3 m=1 r=10%,surface_wape,30,5,75,0,0–5%,132,826,0.15980629539951574,0,0.047981545559400242,0.49642445213379471,0.26182237600922725,1
F3 m=1 r=10%,surface_wape,30,5,75,1,5–10%,106,826,0.12832929782082325,0.15980629539951574,0.5870049980776626,0.82299115724721261,0.40868896578239144,1
F3 m=1 r=10%,surface_wape,30,5,75,2,10–15%,78,826,0.094430992736077482,0.28813559322033899,0.99707804690503654,0.99876970396001541,0.74502114571318723,1
F3 m=1 r=10%,surface_wape,30,5,75,3,15–20%,58,826,0.070217917675544791,0.38256658595641646,0.9831603229527105,0.61737793156478282,0.35040369088811996,1
F3 m=1 r=10%,surface_wape,30,5,75,4,≥20%,368,826,0.44552058111380144,0.45278450363196127,0.73933102652825844,0.088581314878892731,0.15086505190311419,1
F3 m=1 r=10%,surface_wape,30,5,75,5,not lit,84,826,0.10169491525423729,0.89830508474576276,0.55000000000000004,0.55000000000000004,0.55000000000000004,1
F3 m=1 r=10%,surface_wape,30,6,90,0,0–5%,26,286,0.090909090909090912,0,0.047981545559400242,0.49642445213379471,0.26182237600922725,1
F3 m=1 r=10%,surface_wape,30,6,90,1,5–10%,40,286,0.13986013986013987,0.090909090909090912,0.5870049980776626,0.82299115724721261,0.40868896578239144,1
F3 m=1 r=10%,surface_wape,30,6,90,2,10–15%,33,286,0.11538461538461539,0.23076923076923078,0.99707804690503654,0.99876970396001541,0.74502114571318723,1
F3 m=1 r=10%,surface_wape,30,6,90,3,15–20%,28,286,0.097902097902097904,0.34615384615384615,0.9831603229527105,0.61737793156478282,0.35040369088811996,1
F3 m=1 r=10%,surface_wape,30,6,90,4,≥20%,123,286,0.43006993006993005,0.44405594405594406,0.73933102652825844,0.088581314878892731,0.15086505190311419,1
F3 m=1 r=10%,surface_wape,30,6,90,5,not lit,36,286,0.12587412587412589,0.87412587412587417,0.55000000000000004,0.55000000000000004,0.55000000000000004,1
F3 m=1 r=10%,surface_wape,30,7,105,0,0–5%,102,611,0.16693944353518822,0,0.047981545559400242,0.49642445213379471,0.26182237600922725,1
F3 m=1 r=10%,surface_wape,30,7,105,1,5–10%,68,611,0.11129296235679215,0.16693944353518822,0.5870049980776626,0.82299115724721261,0.40868896578239144,1
F3 m=1 r=10%,surface_wape,30,7,105,2,10–15%,53,611,0.086743044189852694,0.27823240589198039,0.99707804690503654,0.99876970396001541,0.74502114571318723,1
F3 m=1 r=10%,surface_wape,30,7,105,3,15–20%,51,611,0.08346972176759411,0.36497545008183307,0.9831603229527105,0.61737793156478282,0.35040369088811996,1
F3 m=1 r=10%,surface_wape,30,7,105,4,≥20%,215,611,0.35188216039279868,0.44844517184942717,0.73933102652825844,0.088581314878892731,0.15086505190311419,1
F3 m=1 r=10%,surface_wape,30,7,105,5,not lit,122,611,0.19967266775777415,0.80032733224222585,0.55000000000000004,0.55000000000000004,0.55000000000000004,1
F3 m=1 r=10%,surface_wape,30,8,120,0,0–5%,244,1778,0.13723284589426321,0,0.047981545559400242,0.49642445213379471,0.26182237600922725,1
F3 m=1 r=10%,surface_wape,30,8,120,1,5–10%,194,1778,0.10911136107986502,0.13723284589426321,0.5870049980776626,0.82299115724721261,0.40868896578239144,1
F3 m=1 r=10%,surface_wape,30,8,120,2,10–15%,163,1778,0.091676040494938132,0.24634420697412823,0.99707804690503654,0.99876970396001541,0.74502114571318723,1
F3 m=1 r=10%,surface_wape,30,8,120,3,15–20%,136,1778,0.076490438695163102,0.33802024746906634,0.9831603229527105,0.61737793156478282,0.35040369088811996,1
F3 m=1 r=10%,surface_wape,30,8,120,4,≥20%,541,1778,0.30427446569178851,0.41451068616422942,0.73933102652825844,0.088581314878892731,0.15086505190311419,1
F3 m=1 r=10%,surface_wape,30,8,120,5,not lit,500,1778,0.28121484814398201,0.71878515185601799,0.55000000000000004,0.55000000000000004,0.55000000000000004,1
F3 m=1 r=10%,surface_wape,30,9,135,0,0–5%,27,188,0.14361702127659576,0,0.047981545559400242,0.49642445213379471,0.26182237600922725,1
F3 m=1 r=10%,surface_wape,30,9,135,1,5–10%,22,188,0.11702127659574468,0.14361702127659576,0.5870049980776626,0.82299115724721261,0.40868896578239144,1
F3 m=1 r=10%,surface_wape,30,9,135,2,10–15%,19,188,0.10106382978723404,0.26063829787234044,0.99707804690503654,0.99876970396001541,0.74502114571318723,1
F3 m=1 r=10%,surface_wape,30,9,135,3,15–20%,20,188,0.10638297872340426,0.36170212765957449,0.9831603229527105,0.61737793156478282,0.35040369088811996,1
F3 m=1 r=10%,surface_wape,30,9,135,4,≥20%,63,188,0.33510638297872342,0.46808510638297873,0.73933102652825844,0.088581314878892731,0.15086505190311419,1
F3 m=1 r=10%,surface_wape,30,9,135,5,not lit,37,188,0.19680851063829788,0.80319148936170215,0.55000000000000004,0.55000000000000004,0.55000000000000004,1
F3 m=1 r=10%,surface_wape,30,10,150,0,0–5%,48,456,0.10526315789473684,0,0.047981545559400242,0.49642445213379471,0.26182237600922725,1
F3 m=1 r=10%,surface_wape,30,10,150,1,5–10%,26,456,0.05701754385964912,0.10526315789473684,0.5870049980776626,0.82299115724721261,0.40868896578239144,1
F3 m=1 r=10%,surface_wape,30,10,150,2,10–15%,32,456,0.070175438596491224,0.16228070175438597,0.99707804690503654,0.99876970396001541,0.74502114571318723,1
F3 m=1 r=10%,surface_wape,30,10,150,3,15–20%,32,456,0.070175438596491224,0.23245614035087719,0.9831603229527105,0.61737793156478282,0.35040369088811996,1
F3 m=1 r=10%,surface_wape,30,10,150,4,≥20%,221,456,0.48464912280701755,0.30263157894736842,0.73933102652825844,0.088581314878892731,0.15086505190311419,1
F3 m=1 r=10%,surface_wape,30,10,150,5,not lit,97,456,0.21271929824561403,0.78728070175438591,0.55000000000000004,0.55000000000000004,0.55000000000000004,1
F3 m=1 r=10%,surface_wape,30,11,165,0,0–5%,111,907,0.12238147739801543,0,0.047981545559400242,0.49642445213379471,0.26182237600922725,1
F3 m=1 r=10%,surface_wape,30,11,165,1,5–10%,63,907,0.069459757442116868,0.12238147739801543,0.5870049980776626,0.82299115724721261,0.40868896578239144,1
F3 m=1 r=10%,surface_wape,30,11,165,2,10–15%,61,907,0.067254685777287757,0.1918412348401323,0.99707804690503654,0.99876970396001541,0.74502114571318723,1
F3 m=1 r=10%,surface_wape,30,11,165,3,15–20%,50,907,0.055126791620727672,0.25909592061742004,0.9831603229527105,0.61737793156478282,0.35040369088811996,1
F3 m=1 r=10%,surface_wape,30,11,165,4,≥20%,422,907,0.46527012127894157,0.31422271223814768,0.73933102652825844,0.088581314878892731,0.15086505190311419,1
F3 m=1 r=10%,surface_wape,30,11,165,5,not lit,200,907,0.22050716648291069,0.7794928335170892,0.55000000000000004,0.55000000000000004,0.55000000000000004,1
F3 m=1 r=10%,surface_wape,30,12,180,0,0–5%,17,276,0.061594202898550728,0,0.047981545559400242,0.49642445213379471,0.26182237600922725,1
F3 m=1 r=10%,surface_wape,30,12,180,1,5–10%,23,276,0.083333333333333329,0.061594202898550728,0.5870049980776626,0.82299115724721261,0.40868896578239144,1
F3 m=1 r=10%,surface_wape,30,12,180,2,10–15%,22,276,0.079710144927536225,0.14492753623188406,0.99707804690503654,0.99876970396001541,0.74502114571318723,1
F3 m=1 r=10%,surface_wape,30,12,180,3,15–20%,12,276,0.043478260869565216,0.22463768115942029,0.9831603229527105,0.61737793156478282,0.35040369088811996,1
F3 m=1 r=10%,surface_wape,30,12,180,4,≥20%,152,276,0.55072463768115942,0.26811594202898548,0.73933102652825844,0.088581314878892731,0.15086505190311419,1
F3 m=1 r=10%,surface_wape,30,12,180,5,not lit,50,276,0.18115942028985507,0.8188405797101449,0.55000000000000004,0.55000000000000004,0.55000000000000004,1
F3 m=1 r=10%,surface_wape,30,13,195,0,0–5%,82,610,0.13442622950819672,0,0.047981545559400242,0.49642445213379471,0.26182237600922725,1
F3 m=1 r=10%,surface_wape,30,13,195,1,5–10%,59,610,0.096721311475409841,0.13442622950819672,0.5870049980776626,0.82299115724721261,0.40868896578239144,1
F3 m=1 r=10%,surface_wape,30,13,195,2,10–15%,54,610,0.088524590163934422,0.23114754098360657,0.99707804690503654,0.99876970396001541,0.74502114571318723,1
F3 m=1 r=10%,surface_wape,30,13,195,3,15–20%,44,610,0.072131147540983612,0.31967213114754101,0.9831603229527105,0.61737793156478282,0.35040369088811996,1
F3 m=1 r=10%,surface_wape,30,13,195,4,≥20%,270,610,0.44262295081967212,0.3918032786885246,0.73933102652825844,0.088581314878892731,0.15086505190311419,1
F3 m=1 r=10%,surface_wape,30,13,195,5,not lit,101,610,0.16557377049180327,0.83442622950819678,0.55000000000000004,0.55000000000000004,0.55000000000000004,1
F3 m=1 r=10%,surface_wape,30,14,210,0,0–5%,245,1679,0.14592019058963668,0,0.047981545559400242,0.49642445213379471,0.26182237600922725,1
F3 m=1 r=10%,surface_wape,30,14,210,1,5–10%,237,1679,0.14115544967242405,0.14592019058963668,0.5870049980776626,0.82299115724721261,0.40868896578239144,1
F3 m=1 r=10%,surface_wape,30,14,210,2,10–15%,196,1679,0.11673615247170935,0.28707564026206073,0.99707804690503654,0.99876970396001541,0.74502114571318723,1
F3 m=1 r=10%,surface_wape,30,14,210,3,15–20%,156,1679,0.092912447885646218,0.4038117927337701,0.9831603229527105,0.61737793156478282,0.35040369088811996,1
F3 m=1 r=10%,surface_wape,30,14,210,4,≥20%,565,1679,0.33650982727814177,0.49672424061941634,0.73933102652825844,0.088581314878892731,0.15086505190311419,1
F3 m=1 r=10%,surface_wape,30,14,210,5,not lit,280,1679,0.16676593210244192,0.83323406789755805,0.55000000000000004,0.55000000000000004,0.55000000000000004,1
F3 m=1 r=10%,surface_wape,30,15,225,0,0–5%,37,197,0.18781725888324874,0,0.047981545559400242,0.49642445213379471,0.26182237600922725,1
F3 m=1 r=10%,surface_wape,30,15,225,1,5–10%,27,197,0.13705583756345177,0.18781725888324874,0.5870049980776626,0.82299115724721261,0.40868896578239144,1
F3 m=1 r=10%,surface_wape,30,15,225,2,10–15%,22,197,0.1116751269035533,0.32487309644670048,0.99707804690503654,0.99876970396001541,0.74502114571318723,1
F3 m=1 r=10%,surface_wape,30,15,225,3,15–20%,22,197,0.1116751269035533,0.43654822335025378,0.9831603229527105,0.61737793156478282,0.35040369088811996,1
F3 m=1 r=10%,surface_wape,30,15,225,4,≥20%,71,197,0.3604060913705584,0.54822335025380708,0.73933102652825844,0.088581314878892731,0.15086505190311419,1
F3 m=1 r=10%,surface_wape,30,15,225,5,not lit,18,197,0.091370558375634514,0.90862944162436543,0.55000000000000004,0.55000000000000004,0.55000000000000004,1
F3 m=1 r=10%,surface_wape,30,16,240,0,0–5%,62,407,0.15233415233415235,0,0.047981545559400242,0.49642445213379471,0.26182237600922725,1
F3 m=1 r=10%,surface_wape,30,16,240,1,5–10%,46,407,0.11302211302211303,0.15233415233415235,0.5870049980776626,0.82299115724721261,0.40868896578239144,1
F3 m=1 r=10%,surface_wape,30,16,240,2,10–15%,36,407,0.088452088452088448,0.26535626535626539,0.99707804690503654,0.99876970396001541,0.74502114571318723,1
F3 m=1 r=10%,surface_wape,30,16,240,3,15–20%,34,407,0.083538083538083535,0.35380835380835385,0.9831603229527105,0.61737793156478282,0.35040369088811996,1
F3 m=1 r=10%,surface_wape,30,16,240,4,≥20%,185,407,0.45454545454545453,0.43734643734643741,0.73933102652825844,0.088581314878892731,0.15086505190311419,1
F3 m=1 r=10%,surface_wape,30,16,240,5,not lit,44,407,0.10810810810810811,0.89189189189189189,0.55000000000000004,0.55000000000000004,0.55000000000000004,1
F3 m=1 r=10%,surface_wape,30,17,255,0,0–5%,125,815,0.15337423312883436,0,0.047981545559400242,0.49642445213379471,0.26182237600922725,1
F3 m=1 r=10%,surface_wape,30,17,255,1,5–10%,97,815,0.11901840490797547,0.15337423312883436,0.5870049980776626,0.82299115724721261,0.40868896578239144,1
F3 m=1 r=10%,surface_wape,30,17,255,2,10–15%,80,815,0.09815950920245399,0.2723926380368098,0.99707804690503654,0.99876970396001541,0.74502114571318723,1
F3 m=1 r=10%,surface_wape,30,17,255,3,15–20%,62,815,0.076073619631901845,0.37055214723926377,0.9831603229527105,0.61737793156478282,0.35040369088811996,1
F3 m=1 r=10%,surface_wape,30,17,255,4,≥20%,362,815,0.44417177914110428,0.44662576687116562,0.73933102652825844,0.088581314878892731,0.15086505190311419,1
F3 m=1 r=10%,surface_wape,30,17,255,5,not lit,89,815,0.10920245398773006,0.8907975460122699,0.55000000000000004,0.55000000000000004,0.55000000000000004,1
F3 m=1 r=10%,surface_wape,30,18,270,0,0–5%,28,265,0.10566037735849057,0,0.047981545559400242,0.49642445213379471,0.26182237600922725,1
F3 m=1 r=10%,surface_wape,30,18,270,1,5–10%,29,265,0.10943396226415095,0.10566037735849057,0.5870049980776626,0.82299115724721261,0.40868896578239144,1
F3 m=1 r=10%,surface_wape,30,18,270,2,10–15%,19,265,0.071698113207547168,0.21509433962264152,0.99707804690503654,0.99876970396001541,0.74502114571318723,1
F3 m=1 r=10%,surface_wape,30,18,270,3,15–20%,22,265,0.083018867924528297,0.28679245283018867,0.9831603229527105,0.61737793156478282,0.35040369088811996,1
F3 m=1 r=10%,surface_wape,30,18,270,4,≥20%,136,265,0.51320754716981132,0.36981132075471695,0.73933102652825844,0.088581314878892731,0.15086505190311419,1
F3 m=1 r=10%,surface_wape,30,18,270,5,not lit,31,265,0.1169811320754717,0.88301886792452833,0.55000000000000004,0.55000000000000004,0.55000000000000004,1
F3 m=1 r=10%,surface_wape,30,19,285,0,0–5%,114,609,0.18719211822660098,0,0.047981545559400242,0.49642445213379471,0.26182237600922725,1
F3 m=1 r=10%,surface_wape,30,19,285,1,5–10%,71,609,0.11658456486042693,0.18719211822660098,0.5870049980776626,0.82299115724721261,0.40868896578239144,1
F3 m=1 r=10%,surface_wape,30,19,285,2,10–15%,53,609,0.087027914614121515,0.30377668308702788,0.99707804690503654,0.99876970396001541,0.74502114571318723,1
F3 m=1 r=10%,surface_wape,30,19,285,3,15–20%,48,609,0.078817733990147784,0.39080459770114939,0.9831603229527105,0.61737793156478282,0.35040369088811996,1
F3 m=1 r=10%,surface_wape,30,19,285,4,≥20%,219,609,0.35960591133004927,0.46962233169129719,0.73933102652825844,0.088581314878892731,0.15086505190311419,1
F3 m=1 r=10%,surface_wape,30,19,285,5,not lit,104,609,0.17077175697865354,0.82922824302134646,0.55000000000000004,0.55000000000000004,0.55000000000000004,1
F3 m=1 r=10%,surface_wape,30,20,300,0,0–5%,293,1781,0.16451431779898934,0,0.047981545559400242,0.49642445213379471,0.26182237600922725,1
F3 m=1 r=10%,surface_wape,30,20,300,1,5–10%,250,1781,0.14037057832678271,0.16451431779898934,0.5870049980776626,0.82299115724721261,0.40868896578239144,1
F3 m=1 r=10%,surface_wape,30,20,300,2,10–15%,145,1781,0.081414935429533972,0.30488489612577208,0.99707804690503654,0.99876970396001541,0.74502114571318723,1
F3 m=1 r=10%,surface_wape,30,20,300,3,15–20%,92,1781,0.051656372824256037,0.38629983155530606,0.9831603229527105,0.61737793156478282,0.35040369088811996,1
F3 m=1 r=10%,surface_wape,30,20,300,4,≥20%,516,1781,0.28972487366647953,0.43795620437956212,0.73933102652825844,0.088581314878892731,0.15086505190311419,1
F3 m=1 r=10%,surface_wape,30,20,300,5,not lit,485,1781,0.27231892195395846,0.72768107804604165,0.55000000000000004,0.55000000000000004,0.55000000000000004,1
F3 m=1 r=10%,surface_wape,30,21,315,0,0–5%,35,190,0.18421052631578946,0,0.047981545559400242,0.49642445213379471,0.26182237600922725,1
F3 m=1 r=10%,surface_wape,30,21,315,1,5–10%,22,190,0.11578947368421053,0.18421052631578946,0.5870049980776626,0.82299115724721261,0.40868896578239144,1
F3 m=1 r=10%,surface_wape,30,21,315,2,10–15%,22,190,0.11578947368421053,0.29999999999999999,0.99707804690503654,0.99876970396001541,0.74502114571318723,1
F3 m=1 r=10%,surface_wape,30,21,315,3,15–20%,16,190,0.084210526315789472,0.41578947368421049,0.9831603229527105,0.61737793156478282,0.35040369088811996,1
F3 m=1 r=10%,surface_wape,30,21,315,4,≥20%,69,190,0.36315789473684212,0.49999999999999994,0.73933102652825844,0.088581314878892731,0.15086505190311419,1
F3 m=1 r=10%,surface_wape,30,21,315,5,not lit,26,190,0.1368421052631579,0.86315789473684212,0.55000000000000004,0.55000000000000004,0.55000000000000004,1
F3 m=1 r=10%,surface_wape,30,22,330,0,0–5%,50,442,0.11312217194570136,0,0.047981545559400242,0.49642445213379471,0.26182237600922725,1
F3 m=1 r=10%,surface_wape,30,22,330,1,5–10%,54,442,0.12217194570135746,0.11312217194570136,0.5870049980776626,0.82299115724721261,0.40868896578239144,1
F3 m=1 r=10%,surface_wape,30,22,330,2,10–15%,36,442,0.081447963800904979,0.23529411764705882,0.99707804690503654,0.99876970396001541,0.74502114571318723,1
F3 m=1 r=10%,surface_wape,30,22,330,3,15–20%,25,442,0.056561085972850679,0.31674208144796379,0.9831603229527105,0.61737793156478282,0.35040369088811996,1
F3 m=1 r=10%,surface_wape,30,22,330,4,≥20%,177,442,0.40045248868778283,0.37330316742081449,0.73933102652825844,0.088581314878892731,0.15086505190311419,1
F3 m=1 r=10%,surface_wape,30,22,330,5,not lit,100,442,0.22624434389140272,0.77375565610859731,0.55000000000000004,0.55000000000000004,0.55000000000000004,1
F3 m=1 r=10%,surface_wape,30,23,345,0,0–5%,151,924,0.16341991341991341,0,0.047981545559400242,0.49642445213379471,0.26182237600922725,1
F3 m=1 r=10%,surface_wape,30,23,345,1,5–10%,101,924,0.10930735930735931,0.16341991341991341,0.5870049980776626,0.82299115724721261,0.40868896578239144,1
F3 m=1 r=10%,surface_wape,30,23,345,2,10–15%,79,924,0.085497835497835503,0.27272727272727271,0.99707804690503654,0.99876970396001541,0.74502114571318723,1
F3 m=1 r=10%,surface_wape,30,23,345,3,15–20%,52,924,0.05627705627705628,0.35822510822510822,0.9831603229527105,0.61737793156478282,0.35040369088811996,1
F3 m=1 r=10%,surface_wape,30,23,345,4,≥20%,315,924,0.34090909090909088,0.41450216450216448,0.73933102652825844,0.088581314878892731,0.15086505190311419,1
F3 m=1 r=10%,surface_wape,30,23,345,5,not lit,226,924,0.24458874458874458,0.75541125541125531,0.55000000000000004,0.55000000000000004,0.55000000000000004,1
F3 m=1 r=10%,surface_wape,45,0,0,0,0–5%,42,290,0.14482758620689656,0,0.047981545559400242,0.49642445213379471,0.26182237600922725,1
F3 m=1 r=10%,surface_wape,45,0,0,1,5–10%,26,290,0.089655172413793102,0.14482758620689656,0.5870049980776626,0.82299115724721261,0.40868896578239144,1
F3 m=1 r=10%,surface_wape,45,0,0,2,10–15%,22,290,0.07586206896551724,0.23448275862068968,0.99707804690503654,0.99876970396001541,0.74502114571318723,1
F3 m=1 r=10%,surface_wape,45,0,0,3,15–20%,15,290,0.051724137931034482,0.31034482758620691,0.9831603229527105,0.61737793156478282,0.35040369088811996,1
F3 m=1 r=10%,surface_wape,45,0,0,4,≥20%,105,290,0.36206896551724138,0.36206896551724138,0.73933102652825844,0.088581314878892731,0.15086505190311419,1
F3 m=1 r=10%,surface_wape,45,0,0,5,not lit,80,290,0.27586206896551724,0.72413793103448276,0.55000000000000004,0.55000000000000004,0.55000000000000004,1
F3 m=1 r=10%,surface_wape,45,1,15,0,0–5%,113,637,0.17739403453689168,0,0.047981545559400242,0.49642445213379471,0.26182237600922725,1
F3 m=1 r=10%,surface_wape,45,1,15,1,5–10%,67,637,0.10518053375196232,0.17739403453689168,0.5870049980776626,0.82299115724721261,0.40868896578239144,1
F3 m=1 r=10%,surface_wape,45,1,15,2,10–15%,53,637,0.083202511773940349,0.28257456828885397,0.99707804690503654,0.99876970396001541,0.74502114571318723,1
F3 m=1 r=10%,surface_wape,45,1,15,3,15–20%,37,637,0.058084772370486655,0.3657770800627943,0.9831603229527105,0.61737793156478282,0.35040369088811996,1
F3 m=1 r=10%,surface_wape,45,1,15,4,≥20%,241,637,0.37833594976452117,0.42386185243328095,0.73933102652825844,0.088581314878892731,0.15086505190311419,1
F3 m=1 r=10%,surface_wape,45,1,15,5,not lit,126,637,0.19780219780219779,0.80219780219780212,0.55000000000000004,0.55000000000000004,0.55000000000000004,1
F3 m=1 r=10%,surface_wape,45,2,30,0,0–5%,328,1703,0.19260129183793306,0,0.047981545559400242,0.49642445213379471,0.26182237600922725,1
F3 m=1 r=10%,surface_wape,45,2,30,1,5–10%,265,1703,0.15560775102759836,0.19260129183793306,0.5870049980776626,0.82299115724721261,0.40868896578239144,1
F3 m=1 r=10%,surface_wape,45,2,30,2,10–15%,167,1703,0.098062243100411034,0.34820904286553145,0.99707804690503654,0.99876970396001541,0.74502114571318723,1
F3 m=1 r=10%,surface_wape,45,2,30,3,15–20%,125,1703,0.07339988256018791,0.44627128596594245,0.9831603229527105,0.61737793156478282,0.35040369088811996,1
F3 m=1 r=10%,surface_wape,45,2,30,4,≥20%,452,1703,0.26541397533763944,0.51967116852613038,0.73933102652825844,0.088581314878892731,0.15086505190311419,1
F3 m=1 r=10%,surface_wape,45,2,30,5,not lit,366,1703,0.21491485613623018,0.78508514386376982,0.55000000000000004,0.55000000000000004,0.55000000000000004,1
F3 m=1 r=10%,surface_wape,45,3,45,0,0–5%,33,187,0.17647058823529413,0,0.047981545559400242,0.49642445213379471,0.26182237600922725,1
F3 m=1 r=10%,surface_wape,45,3,45,1,5–10%,28,187,0.1497326203208556,0.17647058823529413,0.5870049980776626,0.82299115724721261,0.40868896578239144,1
F3 m=1 r=10%,surface_wape,45,3,45,2,10–15%,19,187,0.10160427807486631,0.3262032085561497,0.99707804690503654,0.99876970396001541,0.74502114571318723,1
F3 m=1 r=10%,surface_wape,45,3,45,3,15–20%,17,187,0.090909090909090912,0.42780748663101603,0.9831603229527105,0.61737793156478282,0.35040369088811996,1
F3 m=1 r=10%,surface_wape,45,3,45,4,≥20%,60,187,0.32085561497326204,0.51871657754010692,0.73933102652825844,0.088581314878892731,0.15086505190311419,1
F3 m=1 r=10%,surface_wape,45,3,45,5,not lit,30,187,0.16042780748663102,0.83957219251336901,0.55000000000000004,0.55000000000000004,0.55000000000000004,1
F3 m=1 r=10%,surface_wape,45,4,60,0,0–5%,75,412,0.18203883495145631,0,0.047981545559400242,0.49642445213379471,0.26182237600922725,1
F3 m=1 r=10%,surface_wape,45,4,60,1,5–10%,64,412,0.1553398058252427,0.18203883495145631,0.5870049980776626,0.82299115724721261,0.40868896578239144,1
F3 m=1 r=10%,surface_wape,45,4,60,2,10–15%,38,412,0.092233009708737865,0.33737864077669899,0.99707804690503654,0.99876970396001541,0.74502114571318723,1
F3 m=1 r=10%,surface_wape,45,4,60,3,15–20%,26,412,0.063106796116504854,0.42961165048543687,0.9831603229527105,0.61737793156478282,0.35040369088811996,1
F3 m=1 r=10%,surface_wape,45,4,60,4,≥20%,146,412,0.35436893203883496,0.49271844660194175,0.73933102652825844,0.088581314878892731,0.15086505190311419,1
F3 m=1 r=10%,surface_wape,45,4,60,5,not lit,63,412,0.15291262135922329,0.84708737864077666,0.55000000000000004,0.55000000000000004,0.55000000000000004,1
F3 m=1 r=10%,surface_wape,45,5,75,0,0–5%,115,826,0.13922518159806296,0,0.047981545559400242,0.49642445213379471,0.26182237600922725,1
F3 m=1 r=10%,surface_wape,45,5,75,1,5–10%,117,826,0.14164648910411623,0.13922518159806296,0.5870049980776626,0.82299115724721261,0.40868896578239144,1
F3 m=1 r=10%,surface_wape,45,5,75,2,10–15%,77,826,0.093220338983050849,0.28087167070217922,0.99707804690503654,0.99876970396001541,0.74502114571318723,1
F3 m=1 r=10%,surface_wape,45,5,75,3,15–20%,59,826,0.071428571428571425,0.37409200968523004,0.9831603229527105,0.61737793156478282,0.35040369088811996,1
F3 m=1 r=10%,surface_wape,45,5,75,4,≥20%,367,826,0.44430992736077479,0.44552058111380144,0.73933102652825844,0.088581314878892731,0.15086505190311419,1
F3 m=1 r=10%,surface_wape,45,5,75,5,not lit,91,826,0.11016949152542373,0.88983050847457623,0.55000000000000004,0.55000000000000004,0.55000000000000004,1
F3 m=1 r=10%,surface_wape,45,6,90,0,0–5%,26,286,0.090909090909090912,0,0.047981545559400242,0.49642445213379471,0.26182237600922725,1
F3 m=1 r=10%,surface_wape,45,6,90,1,5–10%,36,286,0.12587412587412589,0.090909090909090912,0.5870049980776626,0.82299115724721261,0.40868896578239144,1
F3 m=1 r=10%,surface_wape,45,6,90,2,10–15%,36,286,0.12587412587412589,0.2167832167832168,0.99707804690503654,0.99876970396001541,0.74502114571318723,1
F3 m=1 r=10%,surface_wape,45,6,90,3,15–20%,27,286,0.094405594405594401,0.34265734265734271,0.9831603229527105,0.61737793156478282,0.35040369088811996,1
F3 m=1 r=10%,surface_wape,45,6,90,4,≥20%,125,286,0.43706293706293708,0.43706293706293708,0.73933102652825844,0.088581314878892731,0.15086505190311419,1
F3 m=1 r=10%,surface_wape,45,6,90,5,not lit,36,286,0.12587412587412589,0.87412587412587417,0.55000000000000004,0.55000000000000004,0.55000000000000004,1
F3 m=1 r=10%,surface_wape,45,7,105,0,0–5%,98,611,0.16039279869067102,0,0.047981545559400242,0.49642445213379471,0.26182237600922725,1
F3 m=1 r=10%,surface_wape,45,7,105,1,5–10%,65,611,0.10638297872340426,0.16039279869067102,0.5870049980776626,0.82299115724721261,0.40868896578239144,1
F3 m=1 r=10%,surface_wape,45,7,105,2,10–15%,57,611,0.093289689034369891,0.26677577741407527,0.99707804690503654,0.99876970396001541,0.74502114571318723,1
F3 m=1 r=10%,surface_wape,45,7,105,3,15–20%,51,611,0.08346972176759411,0.36006546644844517,0.9831603229527105,0.61737793156478282,0.35040369088811996,1
F3 m=1 r=10%,surface_wape,45,7,105,4,≥20%,215,611,0.35188216039279868,0.44353518821603927,0.73933102652825844,0.088581314878892731,0.15086505190311419,1
F3 m=1 r=10%,surface_wape,45,7,105,5,not lit,125,611,0.20458265139116202,0.79541734860883795,0.55000000000000004,0.55000000000000004,0.55000000000000004,1
F3 m=1 r=10%,surface_wape,45,8,120,0,0–5%,241,1778,0.13554555680539931,0,0.047981545559400242,0.49642445213379471,0.26182237600922725,1
F3 m=1 r=10%,surface_wape,45,8,120,1,5–10%,213,1778,0.11979752530933634,0.13554555680539931,0.5870049980776626,0.82299115724721261,0.40868896578239144,1
F3 m=1 r=10%,surface_wape,45,8,120,2,10–15%,182,1778,0.10236220472440945,0.25534308211473566,0.99707804690503654,0.99876970396001541,0.74502114571318723,1
F3 m=1 r=10%,surface_wape,45,8,120,3,15–20%,120,1778,0.067491563554555684,0.3577052868391451,0.9831603229527105,0.61737793156478282,0.35040369088811996,1
F3 m=1 r=10%,surface_wape,45,8,120,4,≥20%,538,1778,0.30258717660292461,0.42519685039370081,0.73933102652825844,0.088581314878892731,0.15086505190311419,1
F3 m=1 r=10%,surface_wape,45,8,120,5,not lit,484,1778,0.27221597300337458,0.72778402699662537,0.55000000000000004,0.55000000000000004,0.55000000000000004,1
F3 m=1 r=10%,surface_wape,45,9,135,0,0–5%,20,188,0.10638297872340426,0,0.047981545559400242,0.49642445213379471,0.26182237600922725,1
F3 m=1 r=10%,surface_wape,45,9,135,1,5–10%,36,188,0.19148936170212766,0.10638297872340426,0.5870049980776626,0.82299115724721261,0.40868896578239144,1
F3 m=1 r=10%,surface_wape,45,9,135,2,10–15%,15,188,0.079787234042553196,0.2978723404255319,0.99707804690503654,0.99876970396001541,0.74502114571318723,1
F3 m=1 r=10%,surface_wape,45,9,135,3,15–20%,20,188,0.10638297872340426,0.37765957446808507,0.9831603229527105,0.61737793156478282,0.35040369088811996,1
F3 m=1 r=10%,surface_wape,45,9,135,4,≥20%,58,188,0.30851063829787234,0.48404255319148931,0.73933102652825844,0.088581314878892731,0.15086505190311419,1
F3 m=1 r=10%,surface_wape,45,9,135,5,not lit,39,188,0.20744680851063829,0.79255319148936165,0.55000000000000004,0.55000000000000004,0.55000000000000004,1
F3 m=1 r=10%,surface_wape,45,10,150,0,0–5%,45,456,0.098684210526315791,0,0.047981545559400242,0.49642445213379471,0.26182237600922725,1
F3 m=1 r=10%,surface_wape,45,10,150,1,5–10%,36,456,0.078947368421052627,0.098684210526315791,0.5870049980776626,0.82299115724721261,0.40868896578239144,1
F3 m=1 r=10%,surface_wape,45,10,150,2,10–15%,36,456,0.078947368421052627,0.17763157894736842,0.99707804690503654,0.99876970396001541,0.74502114571318723,1
F3 m=1 r=10%,surface_wape,45,10,150,3,15–20%,37,456,0.081140350877192985,0.25657894736842102,0.9831603229527105,0.61737793156478282,0.35040369088811996,1
F3 m=1 r=10%,surface_wape,45,10,150,4,≥20%,206,456,0.4517543859649123,0.33771929824561397,0.73933102652825844,0.088581314878892731,0.15086505190311419,1
F3 m=1 r=10%,surface_wape,45,10,150,5,not lit,96,456,0.21052631578947367,0.78947368421052633,0.55000000000000004,0.55000000000000004,0.55000000000000004,1
F3 m=1 r=10%,surface_wape,45,11,165,0,0–5%,102,907,0.11245865490628446,0,0.047981545559400242,0.49642445213379471,0.26182237600922725,1
F3 m=1 r=10%,surface_wape,45,11,165,1,5–10%,80,907,0.088202866593164272,0.11245865490628446,0.5870049980776626,0.82299115724721261,0.40868896578239144,1
F3 m=1 r=10%,surface_wape,45,11,165,2,10–15%,73,907,0.080485115766262397,0.20066152149944871,0.99707804690503654,0.99876970396001541,0.74502114571318723,1
F3 m=1 r=10%,surface_wape,45,11,165,3,15–20%,62,907,0.068357221609702312,0.2811466372657111,0.9831603229527105,0.61737793156478282,0.35040369088811996,1
F3 m=1 r=10%,surface_wape,45,11,165,4,≥20%,380,907,0.41896361631753032,0.34950385887541341,0.73933102652825844,0.088581314878892731,0.15086505190311419,1
F3 m=1 r=10%,surface_wape,45,11,165,5,not lit,210,907,0.23153252480705622,0.76846747519294367,0.55000000000000004,0.55000000000000004,0.55000000000000004,1
F3 m=1 r=10%,surface_wape,45,12,180,0,0–5%,12,276,0.043478260869565216,0,0.047981545559400242,0.49642445213379471,0.26182237600922725,1
F3 m=1 r=10%,surface_wape,45,12,180,1,5–10%,33,276,0.11956521739130435,0.043478260869565216,0.5870049980776626,0.82299115724721261,0.40868896578239144,1
F3 m=1 r=10%,surface_wape,45,12,180,2,10–15%,22,276,0.079710144927536225,0.16304347826086957,0.99707804690503654,0.99876970396001541,0.74502114571318723,1
F3 m=1 r=10%,surface_wape,45,12,180,3,15–20%,21,276,0.076086956521739135,0.24275362318840579,0.9831603229527105,0.61737793156478282,0.35040369088811996,1
F3 m=1 r=10%,surface_wape,45,12,180,4,≥20%,135,276,0.4891304347826087,0.3188405797101449,0.73933102652825844,0.088581314878892731,0.15086505190311419,1
F3 m=1 r=10%,surface_wape,45,12,180,5,not lit,53,276,0.19202898550724637,0.80797101449275366,0.55000000000000004,0.55000000000000004,0.55000000000000004,1
F3 m=1 r=10%,surface_wape,45,13,195,0,0–5%,85,610,0.13934426229508196,0,0.047981545559400242,0.49642445213379471,0.26182237600922725,1
F3 m=1 r=10%,surface_wape,45,13,195,1,5–10%,58,610,0.095081967213114751,0.13934426229508196,0.5870049980776626,0.82299115724721261,0.40868896578239144,1
F3 m=1 r=10%,surface_wape,45,13,195,2,10–15%,57,610,0.093442622950819676,0.23442622950819669,0.99707804690503654,0.99876970396001541,0.74502114571318723,1
F3 m=1 r=10%,surface_wape,45,13,195,3,15–20%,59,610,0.096721311475409841,0.32786885245901637,0.9831603229527105,0.61737793156478282,0.35040369088811996,1
F3 m=1 r=10%,surface_wape,45,13,195,4,≥20%,249,610,0.40819672131147539,0.42459016393442622,0.73933102652825844,0.088581314878892731,0.15086505190311419,1
F3 m=1 r=10%,surface_wape,45,13,195,5,not lit,102,610,0.16721311475409836,0.83278688524590161,0.55000000000000004,0.55000000000000004,0.55000000000000004,1
F3 m=1 r=10%,surface_wape,45,14,210,0,0–5%,223,1679,0.13281715306730196,0,0.047981545559400242,0.49642445213379471,0.26182237600922725,1
F3 m=1 r=10%,surface_wape,45,14,210,1,5–10%,272,1679,0.16200119118522929,0.13281715306730196,0.5870049980776626,0.82299115724721261,0.40868896578239144,1
F3 m=1 r=10%,surface_wape,45,14,210,2,10–15%,219,1679,0.13043478260869565,0.29481834425253128,0.99707804690503654,0.99876970396001541,0.74502114571318723,1
F3 m=1 r=10%,surface_wape,45,14,210,3,15–20%,147,1679,0.087552114353782018,0.42525312686122696,0.9831603229527105,0.61737793156478282,0.35040369088811996,1
F3 m=1 r=10%,surface_wape,45,14,210,4,≥20%,519,1679,0.30911256700416917,0.51280524121500903,0.73933102652825844,0.088581314878892731,0.15086505190311419,1
F3 m=1 r=10%,surface_wape,45,14,210,5,not lit,299,1679,0.17808219178082191,0.82191780821917826,0.55000000000000004,0.55000000000000004,0.55000000000000004,1
F3 m=1 r=10%,surface_wape,45,15,225,0,0–5%,36,197,0.18274111675126903,0,0.047981545559400242,0.49642445213379471,0.26182237600922725,1
F3 m=1 r=10%,surface_wape,45,15,225,1,5–10%,36,197,0.18274111675126903,0.18274111675126903,0.5870049980776626,0.82299115724721261,0.40868896578239144,1
F3 m=1 r=10%,surface_wape,45,15,225,2,10–15%,19,197,0.096446700507614211,0.36548223350253806,0.99707804690503654,0.99876970396001541,0.74502114571318723,1
F3 m=1 r=10%,surface_wape,45,15,225,3,15–20%,23,197,0.116751269035533,0.46192893401015228,0.9831603229527105,0.61737793156478282,0.35040369088811996,1
F3 m=1 r=10%,surface_wape,45,15,225,4,≥20%,64,197,0.32487309644670048,0.57868020304568524,0.73933102652825844,0.088581314878892731,0.15086505190311419,1
F3 m=1 r=10%,surface_wape,45,15,225,5,not lit,19,197,0.096446700507614211,0.90355329949238572,0.55000000000000004,0.55000000000000004,0.55000000000000004,1
F3 m=1 r=10%,surface_wape,45,16,240,0,0–5%,57,407,0.14004914004914004,0,0.047981545559400242,0.49642445213379471,0.26182237600922725,1
F3 m=1 r=10%,surface_wape,45,16,240,1,5–10%,40,407,0.098280098280098274,0.14004914004914004,0.5870049980776626,0.82299115724721261,0.40868896578239144,1
F3 m=1 r=10%,surface_wape,45,16,240,2,10–15%,41,407,0.10073710073710074,0.2383292383292383,0.99707804690503654,0.99876970396001541,0.74502114571318723,1
F3 m=1 r=10%,surface_wape,45,16,240,3,15–20%,27,407,0.066339066339066333,0.33906633906633904,0.9831603229527105,0.61737793156478282,0.35040369088811996,1
F3 m=1 r=10%,surface_wape,45,16,240,4,≥20%,194,407,0.47665847665847666,0.40540540540540537,0.73933102652825844,0.088581314878892731,0.15086505190311419,1
F3 m=1 r=10%,surface_wape,45,16,240,5,not lit,48,407,0.11793611793611794,0.88206388206388198,0.55000000000000004,0.55000000000000004,0.55000000000000004,1
F3 m=1 r=10%,surface_wape,45,17,255,0,0–5%,119,815,0.1460122699386503,0,0.047981545559400242,0.49642445213379471,0.26182237600922725,1
F3 m=1 r=10%,surface_wape,45,17,255,1,5–10%,85,815,0.10429447852760736,0.1460122699386503,0.5870049980776626,0.82299115724721261,0.40868896578239144,1
F3 m=1 r=10%,surface_wape,45,17,255,2,10–15%,89,815,0.10920245398773006,0.25030674846625767,0.99707804690503654,0.99876970396001541,0.74502114571318723,1
F3 m=1 r=10%,surface_wape,45,17,255,3,15–20%,77,815,0.094478527607361959,0.35950920245398771,0.9831603229527105,0.61737793156478282,0.35040369088811996,1
F3 m=1 r=10%,surface_wape,45,17,255,4,≥20%,352,815,0.43190184049079755,0.45398773006134968,0.73933102652825844,0.088581314878892731,0.15086505190311419,1
F3 m=1 r=10%,surface_wape,45,17,255,5,not lit,93,815,0.11411042944785275,0.88588957055214723,0.55000000000000004,0.55000000000000004,0.55000000000000004,1
F3 m=1 r=10%,surface_wape,45,18,270,0,0–5%,28,265,0.10566037735849057,0,0.047981545559400242,0.49642445213379471,0.26182237600922725,1
F3 m=1 r=10%,surface_wape,45,18,270,1,5–10%,24,265,0.09056603773584905,0.10566037735849057,0.5870049980776626,0.82299115724721261,0.40868896578239144,1
F3 m=1 r=10%,surface_wape,45,18,270,2,10–15%,30,265,0.11320754716981132,0.19622641509433963,0.99707804690503654,0.99876970396001541,0.74502114571318723,1
F3 m=1 r=10%,surface_wape,45,18,270,3,15–20%,24,265,0.09056603773584905,0.30943396226415099,0.9831603229527105,0.61737793156478282,0.35040369088811996,1
F3 m=1 r=10%,surface_wape,45,18,270,4,≥20%,124,265,0.4679245283018868,0.40000000000000002,0.73933102652825844,0.088581314878892731,0.15086505190311419,1
F3 m=1 r=10%,surface_wape,45,18,270,5,not lit,35,265,0.13207547169811321,0.86792452830188682,0.55000000000000004,0.55000000000000004,0.55000000000000004,1
F3 m=1 r=10%,surface_wape,45,19,285,0,0–5%,104,609,0.17077175697865354,0,0.047981545559400242,0.49642445213379471,0.26182237600922725,1
F3 m=1 r=10%,surface_wape,45,19,285,1,5–10%,74,609,0.12151067323481117,0.17077175697865354,0.5870049980776626,0.82299115724721261,0.40868896578239144,1
F3 m=1 r=10%,surface_wape,45,19,285,2,10–15%,61,609,0.10016420361247948,0.29228243021346473,0.99707804690503654,0.99876970396001541,0.74502114571318723,1
F3 m=1 r=10%,surface_wape,45,19,285,3,15–20%,34,609,0.055829228243021348,0.39244663382594419,0.9831603229527105,0.61737793156478282,0.35040369088811996,1
F3 m=1 r=10%,surface_wape,45,19,285,4,≥20%,230,609,0.37766830870279144,0.44827586206896552,0.73933102652825844,0.088581314878892731,0.15086505190311419,1
F3 m=1 r=10%,surface_wape,45,19,285,5,not lit,106,609,0.17405582922824303,0.82594417077175697,0.55000000000000004,0.55000000000000004,0.55000000000000004,1
F3 m=1 r=10%,surface_wape,45,20,300,0,0–5%,275,1781,0.15440763615946099,0,0.047981545559400242,0.49642445213379471,0.26182237600922725,1
F3 m=1 r=10%,surface_wape,45,20,300,1,5–10%,233,1781,0.13082537900056149,0.15440763615946099,0.5870049980776626,0.82299115724721261,0.40868896578239144,1
F3 m=1 r=10%,surface_wape,45,20,300,2,10–15%,147,1781,0.082537900056148236,0.28523301516002247,0.99707804690503654,0.99876970396001541,0.74502114571318723,1
F3 m=1 r=10%,surface_wape,45,20,300,3,15–20%,106,1781,0.059517125210555868,0.36777091521617072,0.9831603229527105,0.61737793156478282,0.35040369088811996,1
F3 m=1 r=10%,surface_wape,45,20,300,4,≥20%,461,1781,0.25884334643458728,0.42728804042672658,0.73933102652825844,0.088581314878892731,0.15086505190311419,1
F3 m=1 r=10%,surface_wape,45,20,300,5,not lit,559,1781,0.31386861313868614,0.68613138686131392,0.55000000000000004,0.55000000000000004,0.55000000000000004,1
F3 m=1 r=10%,surface_wape,45,21,315,0,0–5%,30,190,0.15789473684210525,0,0.047981545559400242,0.49642445213379471,0.26182237600922725,1
F3 m=1 r=10%,surface_wape,45,21,315,1,5–10%,15,190,0.078947368421052627,0.15789473684210525,0.5870049980776626,0.82299115724721261,0.40868896578239144,1
F3 m=1 r=10%,surface_wape,45,21,315,2,10–15%,18,190,0.094736842105263161,0.23684210526315788,0.99707804690503654,0.99876970396001541,0.74502114571318723,1
F3 m=1 r=10%,surface_wape,45,21,315,3,15–20%,17,190,0.089473684210526316,0.33157894736842103,0.9831603229527105,0.61737793156478282,0.35040369088811996,1
F3 m=1 r=10%,surface_wape,45,21,315,4,≥20%,79,190,0.41578947368421054,0.42105263157894735,0.73933102652825844,0.088581314878892731,0.15086505190311419,1
F3 m=1 r=10%,surface_wape,45,21,315,5,not lit,31,190,0.16315789473684211,0.83684210526315783,0.55000000000000004,0.55000000000000004,0.55000000000000004,1
F3 m=1 r=10%,surface_wape,45,22,330,0,0–5%,37,442,0.083710407239818999,0,0.047981545559400242,0.49642445213379471,0.26182237600922725,1
F3 m=1 r=10%,surface_wape,45,22,330,1,5–10%,36,442,0.081447963800904979,0.083710407239818999,0.5870049980776626,0.82299115724721261,0.40868896578239144,1
F3 m=1 r=10%,surface_wape,45,22,330,2,10–15%,35,442,0.079185520361990946,0.16515837104072398,0.99707804690503654,0.99876970396001541,0.74502114571318723,1
F3 m=1 r=10%,surface_wape,45,22,330,3,15–20%,28,442,0.063348416289592757,0.24434389140271492,0.9831603229527105,0.61737793156478282,0.35040369088811996,1
F3 m=1 r=10%,surface_wape,45,22,330,4,≥20%,188,442,0.42533936651583709,0.30769230769230771,0.73933102652825844,0.088581314878892731,0.15086505190311419,1
F3 m=1 r=10%,surface_wape,45,22,330,5,not lit,118,442,0.2669683257918552,0.73303167420814486,0.55000000000000004,0.55000000000000004,0.55000000000000004,1
F3 m=1 r=10%,surface_wape,45,23,345,0,0–5%,105,924,0.11363636363636363,0,0.047981545559400242,0.49642445213379471,0.26182237600922725,1
F3 m=1 r=10%,surface_wape,45,23,345,1,5–10%,79,924,0.085497835497835503,0.11363636363636363,0.5870049980776626,0.82299115724721261,0.40868896578239144,1
F3 m=1 r=10%,surface_wape,45,23,345,2,10–15%,60,924,0.064935064935064929,0.19913419913419914,0.99707804690503654,0.99876970396001541,0.74502114571318723,1
F3 m=1 r=10%,surface_wape,45,23,345,3,15–20%,48,924,0.051948051948051951,0.26406926406926406,0.9831603229527105,0.61737793156478282,0.35040369088811996,1
F3 m=1 r=10%,surface_wape,45,23,345,4,≥20%,356,924,0.38528138528138528,0.31601731601731603,0.73933102652825844,0.088581314878892731,0.15086505190311419,1
F3 m=1 r=10%,surface_wape,45,23,345,5,not lit,276,924,0.29870129870129869,0.70129870129870131,0.55000000000000004,0.55000000000000004,0.55000000000000004,1
F3 m=1 r=10%,surface_wape,60,0,0,0,0–5%,26,290,0.089655172413793102,0,0.047981545559400242,0.49642445213379471,0.26182237600922725,1
F3 m=1 r=10%,surface_wape,60,0,0,1,5–10%,30,290,0.10344827586206896,0.089655172413793102,0.5870049980776626,0.82299115724721261,0.40868896578239144,1
F3 m=1 r=10%,surface_wape,60,0,0,2,10–15%,23,290,0.079310344827586213,0.19310344827586207,0.99707804690503654,0.99876970396001541,0.74502114571318723,1
F3 m=1 r=10%,surface_wape,60,0,0,3,15–20%,22,290,0.07586206896551724,0.27241379310344827,0.9831603229527105,0.61737793156478282,0.35040369088811996,1
F3 m=1 r=10%,surface_wape,60,0,0,4,≥20%,104,290,0.35862068965517241,0.34827586206896549,0.73933102652825844,0.088581314878892731,0.15086505190311419,1
F3 m=1 r=10%,surface_wape,60,0,0,5,not lit,85,290,0.29310344827586204,0.7068965517241379,0.55000000000000004,0.55000000000000004,0.55000000000000004,1
F3 m=1 r=10%,surface_wape,60,1,15,0,0–5%,88,637,0.13814756671899528,0,0.047981545559400242,0.49642445213379471,0.26182237600922725,1
F3 m=1 r=10%,surface_wape,60,1,15,1,5–10%,58,637,0.091051805337519623,0.13814756671899528,0.5870049980776626,0.82299115724721261,0.40868896578239144,1
F3 m=1 r=10%,surface_wape,60,1,15,2,10–15%,43,637,0.067503924646781788,0.22919937205651492,0.99707804690503654,0.99876970396001541,0.74502114571318723,1
F3 m=1 r=10%,surface_wape,60,1,15,3,15–20%,43,637,0.067503924646781788,0.2967032967032967,0.9831603229527105,0.61737793156478282,0.35040369088811996,1
F3 m=1 r=10%,surface_wape,60,1,15,4,≥20%,264,637,0.41444270015698587,0.36420722135007849,0.73933102652825844,0.088581314878892731,0.15086505190311419,1
F3 m=1 r=10%,surface_wape,60,1,15,5,not lit,141,637,0.22135007849293564,0.77864992150706436,0.55000000000000004,0.55000000000000004,0.55000000000000004,1
F3 m=1 r=10%,surface_wape,60,2,30,0,0–5%,246,1703,0.1444509688784498,0,0.047981545559400242,0.49642445213379471,0.26182237600922725,1
F3 m=1 r=10%,surface_wape,60,2,30,1,5–10%,235,1703,0.13799177921315325,0.1444509688784498,0.5870049980776626,0.82299115724721261,0.40868896578239144,1
F3 m=1 r=10%,surface_wape,60,2,30,2,10–15%,169,1703,0.099236641221374045,0.28244274809160308,0.99707804690503654,0.99876970396001541,0.74502114571318723,1
F3 m=1 r=10%,surface_wape,60,2,30,3,15–20%,113,1703,0.06635349383440986,0.38167938931297712,0.9831603229527105,0.61737793156478282,0.35040369088811996,1
F3 m=1 r=10%,surface_wape,60,2,30,4,≥20%,512,1703,0.30064591896652965,0.44803288314738698,0.73933102652825844,0.088581314878892731,0.15086505190311419,1
F3 m=1 r=10%,surface_wape,60,2,30,5,not lit,428,1703,0.25132119788608337,0.74867880211391657,0.55000000000000004,0.55000000000000004,0.55000000000000004,1
F3 m=1 r=10%,surface_wape,60,3,45,0,0–5%,23,187,0.12299465240641712,0,0.047981545559400242,0.49642445213379471,0.26182237600922725,1
F3 m=1 r=10%,surface_wape,60,3,45,1,5–10%,33,187,0.17647058823529413,0.12299465240641712,0.5870049980776626,0.82299115724721261,0.40868896578239144,1
F3 m=1 r=10%,surface_wape,60,3,45,2,10–15%,9,187,0.048128342245989303,0.29946524064171126,0.99707804690503654,0.99876970396001541,0.74502114571318723,1
F3 m=1 r=10%,surface_wape,60,3,45,3,15–20%,15,187,0.080213903743315509,0.34759358288770059,0.9831603229527105,0.61737793156478282,0.35040369088811996,1
F3 m=1 r=10%,surface_wape,60,3,45,4,≥20%,70,187,0.37433155080213903,0.42780748663101609,0.73933102652825844,0.088581314878892731,0.15086505190311419,1
F3 m=1 r=10%,surface_wape,60,3,45,5,not lit,37,187,0.19786096256684493,0.80213903743315518,0.55000000000000004,0.55000000000000004,0.55000000000000004,1
F3 m=1 r=10%,surface_wape,60,4,60,0,0–5%,66,412,0.16019417475728157,0,0.047981545559400242,0.49642445213379471,0.26182237600922725,1
F3 m=1 r=10%,surface_wape,60,4,60,1,5–10%,55,412,0.13349514563106796,0.16019417475728157,0.5870049980776626,0.82299115724721261,0.40868896578239144,1
F3 m=1 r=10%,surface_wape,60,4,60,2,10–15%,37,412,0.089805825242718448,0.2936893203883495,0.99707804690503654,0.99876970396001541,0.74502114571318723,1
F3 m=1 r=10%,surface_wape,60,4,60,3,15–20%,23,412,0.055825242718446605,0.38349514563106796,0.9831603229527105,0.61737793156478282,0.35040369088811996,1
F3 m=1 r=10%,surface_wape,60,4,60,4,≥20%,165,412,0.40048543689320387,0.43932038834951459,0.73933102652825844,0.088581314878892731,0.15086505190311419,1
F3 m=1 r=10%,surface_wape,60,4,60,5,not lit,66,412,0.16019417475728157,0.83980582524271852,0.55000000000000004,0.55000000000000004,0.55000000000000004,1
F3 m=1 r=10%,surface_wape,60,5,75,0,0–5%,103,826,0.12469733656174334,0,0.047981545559400242,0.49642445213379471,0.26182237600922725,1
F3 m=1 r=10%,surface_wape,60,5,75,1,5–10%,104,826,0.12590799031476999,0.12469733656174334,0.5870049980776626,0.82299115724721261,0.40868896578239144,1
F3 m=1 r=10%,surface_wape,60,5,75,2,10–15%,79,826,0.095641646489104115,0.25060532687651332,0.99707804690503654,0.99876970396001541,0.74502114571318723,1
F3 m=1 r=10%,surface_wape,60,5,75,3,15–20%,66,826,0.07990314769975787,0.34624697336561744,0.9831603229527105,0.61737793156478282,0.35040369088811996,1
F3 m=1 r=10%,surface_wape,60,5,75,4,≥20%,368,826,0.44552058111380144,0.42615012106537531,0.73933102652825844,0.088581314878892731,0.15086505190311419,1
F3 m=1 r=10%,surface_wape,60,5,75,5,not lit,106,826,0.12832929782082325,0.87167070217917675,0.55000000000000004,0.55000000000000004,0.55000000000000004,1
F3 m=1 r=10%,surface_wape,60,6,90,0,0–5%,26,286,0.090909090909090912,0,0.047981545559400242,0.49642445213379471,0.26182237600922725,1
F3 m=1 r=10%,surface_wape,60,6,90,1,5–10%,37,286,0.12937062937062938,0.090909090909090912,0.5870049980776626,0.82299115724721261,0.40868896578239144,1
F3 m=1 r=10%,surface_wape,60,6,90,2,10–15%,30,286,0.1048951048951049,0.22027972027972029,0.99707804690503654,0.99876970396001541,0.74502114571318723,1
F3 m=1 r=10%,surface_wape,60,6,90,3,15–20%,25,286,0.087412587412587409,0.32517482517482521,0.9831603229527105,0.61737793156478282,0.35040369088811996,1
F3 m=1 r=10%,surface_wape,60,6,90,4,≥20%,131,286,0.45804195804195802,0.41258741258741261,0.73933102652825844,0.088581314878892731,0.15086505190311419,1
F3 m=1 r=10%,surface_wape,60,6,90,5,not lit,37,286,0.12937062937062938,0.87062937062937062,0.55000000000000004,0.55000000000000004,0.55000000000000004,1
F3 m=1 r=10%,surface_wape,60,7,105,0,0–5%,102,611,0.16693944353518822,0,0.047981545559400242,0.49642445213379471,0.26182237600922725,1
F3 m=1 r=10%,surface_wape,60,7,105,1,5–10%,65,611,0.10638297872340426,0.16693944353518822,0.5870049980776626,0.82299115724721261,0.40868896578239144,1
F3 m=1 r=10%,surface_wape,60,7,105,2,10–15%,63,611,0.10310965630114566,0.27332242225859249,0.99707804690503654,0.99876970396001541,0.74502114571318723,1
F3 m=1 r=10%,surface_wape,60,7,105,3,15–20%,46,611,0.075286415711947621,0.37643207855973815,0.9831603229527105,0.61737793156478282,0.35040369088811996,1
F3 m=1 r=10%,surface_wape,60,7,105,4,≥20%,201,611,0.32896890343698854,0.45171849427168576,0.73933102652825844,0.088581314878892731,0.15086505190311419,1
F3 m=1 r=10%,surface_wape,60,7,105,5,not lit,134,611,0.21931260229132571,0.78068739770867435,0.55000000000000004,0.55000000000000004,0.55000000000000004,1
F3 m=1 r=10%,surface_wape,60,8,120,0,0–5%,225,1778,0.12654668166479191,0,0.047981545559400242,0.49642445213379471,0.26182237600922725,1
F3 m=1 r=10%,surface_wape,60,8,120,1,5–10%,216,1778,0.12148481439820022,0.12654668166479191,0.5870049980776626,0.82299115724721261,0.40868896578239144,1
F3 m=1 r=10%,surface_wape,60,8,120,2,10–15%,175,1778,0.098425196850393706,0.24803149606299213,0.99707804690503654,0.99876970396001541,0.74502114571318723,1
F3 m=1 r=10%,surface_wape,60,8,120,3,15–20%,122,1778,0.068616422947131606,0.34645669291338582,0.9831603229527105,0.61737793156478282,0.35040369088811996,1
F3 m=1 r=10%,surface_wape,60,8,120,4,≥20%,507,1778,0.28515185601799775,0.41507311586051743,0.73933102652825844,0.088581314878892731,0.15086505190311419,1
F3 m=1 r=10%,surface_wape,60,8,120,5,not lit,533,1778,0.29977502812148482,0.70022497187851518,0.55000000000000004,0.55000000000000004,0.55000000000000004,1
F3 m=1 r=10%,surface_wape,60,9,135,0,0–5%,29,188,0.15425531914893617,0,0.047981545559400242,0.49642445213379471,0.26182237600922725,1
F3 m=1 r=10%,surface_wape,60,9,135,1,5–10%,31,188,0.16489361702127658,0.15425531914893617,0.5870049980776626,0.82299115724721261,0.40868896578239144,1
F3 m=1 r=10%,surface_wape,60,9,135,2,10–15%,19,188,0.10106382978723404,0.31914893617021278,0.99707804690503654,0.99876970396001541,0.74502114571318723,1
F3 m=1 r=10%,surface_wape,60,9,135,3,15–20%,13,188,0.069148936170212769,0.42021276595744683,0.9831603229527105,0.61737793156478282,0.35040369088811996,1
F3 m=1 r=10%,surface_wape,60,9,135,4,≥20%,57,188,0.30319148936170215,0.48936170212765961,0.73933102652825844,0.088581314878892731,0.15086505190311419,1
F3 m=1 r=10%,surface_wape,60,9,135,5,not lit,39,188,0.20744680851063829,0.79255319148936176,0.55000000000000004,0.55000000000000004,0.55000000000000004,1
F3 m=1 r=10%,surface_wape,60,10,150,0,0–5%,45,456,0.098684210526315791,0,0.047981545559400242,0.49642445213379471,0.26182237600922725,1
F3 m=1 r=10%,surface_wape,60,10,150,1,5–10%,38,456,0.083333333333333329,0.098684210526315791,0.5870049980776626,0.82299115724721261,0.40868896578239144,1
F3 m=1 r=10%,surface_wape,60,10,150,2,10–15%,38,456,0.083333333333333329,0.18201754385964913,0.99707804690503654,0.99876970396001541,0.74502114571318723,1
F3 m=1 r=10%,surface_wape,60,10,150,3,15–20%,32,456,0.070175438596491224,0.26535087719298245,0.9831603229527105,0.61737793156478282,0.35040369088811996,1
F3 m=1 r=10%,surface_wape,60,10,150,4,≥20%,197,456,0.43201754385964913,0.33552631578947367,0.73933102652825844,0.088581314878892731,0.15086505190311419,1
F3 m=1 r=10%,surface_wape,60,10,150,5,not lit,106,456,0.23245614035087719,0.76754385964912286,0.55000000000000004,0.55000000000000004,0.55000000000000004,1
F3 m=1 r=10%,surface_wape,60,11,165,0,0–5%,92,907,0.10143329658213891,0,0.047981545559400242,0.49642445213379471,0.26182237600922725,1
F3 m=1 r=10%,surface_wape,60,11,165,1,5–10%,93,907,0.10253583241455347,0.10143329658213891,0.5870049980776626,0.82299115724721261,0.40868896578239144,1
F3 m=1 r=10%,surface_wape,60,11,165,2,10–15%,78,907,0.085997794928335175,0.20396912899669239,0.99707804690503654,0.99876970396001541,0.74502114571318723,1
F3 m=1 r=10%,surface_wape,60,11,165,3,15–20%,64,907,0.070562293274531424,0.28996692392502754,0.9831603229527105,0.61737793156478282,0.35040369088811996,1
F3 m=1 r=10%,surface_wape,60,11,165,4,≥20%,365,907,0.40242557883131203,0.36052921719955899,0.73933102652825844,0.088581314878892731,0.15086505190311419,1
F3 m=1 r=10%,surface_wape,60,11,165,5,not lit,215,907,0.23704520396912901,0.76295479603087102,0.55000000000000004,0.55000000000000004,0.55000000000000004,1
F3 m=1 r=10%,surface_wape,60,12,180,0,0–5%,18,276,0.065217391304347824,0,0.047981545559400242,0.49642445213379471,0.26182237600922725,1
F3 m=1 r=10%,surface_wape,60,12,180,1,5–10%,26,276,0.09420289855072464,0.065217391304347824,0.5870049980776626,0.82299115724721261,0.40868896578239144,1
F3 m=1 r=10%,surface_wape,60,12,180,2,10–15%,35,276,0.12681159420289856,0.15942028985507245,0.99707804690503654,0.99876970396001541,0.74502114571318723,1
F3 m=1 r=10%,surface_wape,60,12,180,3,15–20%,19,276,0.068840579710144928,0.28623188405797101,0.9831603229527105,0.61737793156478282,0.35040369088811996,1
F3 m=1 r=10%,surface_wape,60,12,180,4,≥20%,123,276,0.44565217391304346,0.35507246376811596,0.73933102652825844,0.088581314878892731,0.15086505190311419,1
F3 m=1 r=10%,surface_wape,60,12,180,5,not lit,55,276,0.19927536231884058,0.80072463768115942,0.55000000000000004,0.55000000000000004,0.55000000000000004,1
F3 m=1 r=10%,surface_wape,60,13,195,0,0–5%,83,610,0.1360655737704918,0,0.047981545559400242,0.49642445213379471,0.26182237600922725,1
F3 m=1 r=10%,surface_wape,60,13,195,1,5–10%,71,610,0.11639344262295082,0.1360655737704918,0.5870049980776626,0.82299115724721261,0.40868896578239144,1
F3 m=1 r=10%,surface_wape,60,13,195,2,10–15%,80,610,0.13114754098360656,0.25245901639344259,0.99707804690503654,0.99876970396001541,0.74502114571318723,1
F3 m=1 r=10%,surface_wape,60,13,195,3,15–20%,57,610,0.093442622950819676,0.38360655737704918,0.9831603229527105,0.61737793156478282,0.35040369088811996,1
F3 m=1 r=10%,surface_wape,60,13,195,4,≥20%,215,610,0.35245901639344263,0.47704918032786886,0.73933102652825844,0.088581314878892731,0.15086505190311419,1
F3 m=1 r=10%,surface_wape,60,13,195,5,not lit,104,610,0.17049180327868851,0.82950819672131149,0.55000000000000004,0.55000000000000004,0.55000000000000004,1
F3 m=1 r=10%,surface_wape,60,14,210,0,0–5%,214,1679,0.12745681953543775,0,0.047981545559400242,0.49642445213379471,0.26182237600922725,1
F3 m=1 r=10%,surface_wape,60,14,210,1,5–10%,279,1679,0.16617033948779036,0.12745681953543775,0.5870049980776626,0.82299115724721261,0.40868896578239144,1
F3 m=1 r=10%,surface_wape,60,14,210,2,10–15%,224,1679,0.13341274568195355,0.29362715902322811,0.99707804690503654,0.99876970396001541,0.74502114571318723,1
F3 m=1 r=10%,surface_wape,60,14,210,3,15–20%,142,1679,0.084574151280524118,0.42703990470518166,0.9831603229527105,0.61737793156478282,0.35040369088811996,1
F3 m=1 r=10%,surface_wape,60,14,210,4,≥20%,520,1679,0.3097081596188207,0.51161405598570575,0.73933102652825844,0.088581314878892731,0.15086505190311419,1
F3 m=1 r=10%,surface_wape,60,14,210,5,not lit,300,1679,0.17867778439547349,0.82132221560452645,0.55000000000000004,0.55000000000000004,0.55000000000000004,1
F3 m=1 r=10%,surface_wape,60,15,225,0,0–5%,31,197,0.15736040609137056,0,0.047981545559400242,0.49642445213379471,0.26182237600922725,1
F3 m=1 r=10%,surface_wape,60,15,225,1,5–10%,36,197,0.18274111675126903,0.15736040609137056,0.5870049980776626,0.82299115724721261,0.40868896578239144,1
F3 m=1 r=10%,surface_wape,60,15,225,2,10–15%,19,197,0.096446700507614211,0.34010152284263961,0.99707804690503654,0.99876970396001541,0.74502114571318723,1
F3 m=1 r=10%,surface_wape,60,15,225,3,15–20%,17,197,0.086294416243654817,0.43654822335025384,0.9831603229527105,0.61737793156478282,0.35040369088811996,1
F3 m=1 r=10%,surface_wape,60,15,225,4,≥20%,71,197,0.3604060913705584,0.52284263959390864,0.73933102652825844,0.088581314878892731,0.15086505190311419,1
F3 m=1 r=10%,surface_wape,60,15,225,5,not lit,23,197,0.116751269035533,0.88324873096446699,0.55000000000000004,0.55000000000000004,0.55000000000000004,1
F3 m=1 r=10%,surface_wape,60,16,240,0,0–5%,48,407,0.11793611793611794,0,0.047981545559400242,0.49642445213379471,0.26182237600922725,1
F3 m=1 r=10%,surface_wape,60,16,240,1,5–10%,47,407,0.11547911547911548,0.11793611793611794,0.5870049980776626,0.82299115724721261,0.40868896578239144,1
F3 m=1 r=10%,surface_wape,60,16,240,2,10–15%,43,407,0.10565110565110565,0.2334152334152334,0.99707804690503654,0.99876970396001541,0.74502114571318723,1
F3 m=1 r=10%,surface_wape,60,16,240,3,15–20%,37,407,0.090909090909090912,0.33906633906633904,0.9831603229527105,0.61737793156478282,0.35040369088811996,1
F3 m=1 r=10%,surface_wape,60,16,240,4,≥20%,181,407,0.44471744471744473,0.42997542997542992,0.73933102652825844,0.088581314878892731,0.15086505190311419,1
F3 m=1 r=10%,surface_wape,60,16,240,5,not lit,51,407,0.12530712530712532,0.8746928746928746,0.55000000000000004,0.55000000000000004,0.55000000000000004,1
F3 m=1 r=10%,surface_wape,60,17,255,0,0–5%,107,815,0.1312883435582822,0,0.047981545559400242,0.49642445213379471,0.26182237600922725,1
F3 m=1 r=10%,surface_wape,60,17,255,1,5–10%,85,815,0.10429447852760736,0.1312883435582822,0.5870049980776626,0.82299115724721261,0.40868896578239144,1
F3 m=1 r=10%,surface_wape,60,17,255,2,10–15%,81,815,0.099386503067484658,0.23558282208588954,0.99707804690503654,0.99876970396001541,0.74502114571318723,1
F3 m=1 r=10%,surface_wape,60,17,255,3,15–20%,69,815,0.084662576687116561,0.33496932515337419,0.9831603229527105,0.61737793156478282,0.35040369088811996,1
F3 m=1 r=10%,surface_wape,60,17,255,4,≥20%,381,815,0.46748466257668714,0.41963190184049076,0.73933102652825844,0.088581314878892731,0.15086505190311419,1
F3 m=1 r=10%,surface_wape,60,17,255,5,not lit,92,815,0.11288343558282209,0.8871165644171779,0.55000000000000004,0.55000000000000004,0.55000000000000004,1
F3 m=1 r=10%,surface_wape,60,18,270,0,0–5%,27,265,0.10188679245283019,0,0.047981545559400242,0.49642445213379471,0.26182237600922725,1
F3 m=1 r=10%,surface_wape,60,18,270,1,5–10%,35,265,0.13207547169811321,0.10188679245283019,0.5870049980776626,0.82299115724721261,0.40868896578239144,1
F3 m=1 r=10%,surface_wape,60,18,270,2,10–15%,20,265,0.075471698113207544,0.2339622641509434,0.99707804690503654,0.99876970396001541,0.74502114571318723,1
F3 m=1 r=10%,surface_wape,60,18,270,3,15–20%,21,265,0.079245283018867921,0.30943396226415093,0.9831603229527105,0.61737793156478282,0.35040369088811996,1
F3 m=1 r=10%,surface_wape,60,18,270,4,≥20%,124,265,0.4679245283018868,0.38867924528301884,0.73933102652825844,0.088581314878892731,0.15086505190311419,1
F3 m=1 r=10%,surface_wape,60,18,270,5,not lit,38,265,0.14339622641509434,0.85660377358490569,0.55000000000000004,0.55000000000000004,0.55000000000000004,1
F3 m=1 r=10%,surface_wape,60,19,285,0,0–5%,93,609,0.15270935960591134,0,0.047981545559400242,0.49642445213379471,0.26182237600922725,1
F3 m=1 r=10%,surface_wape,60,19,285,1,5–10%,78,609,0.12807881773399016,0.15270935960591134,0.5870049980776626,0.82299115724721261,0.40868896578239144,1
F3 m=1 r=10%,surface_wape,60,19,285,2,10–15%,56,609,0.091954022988505746,0.28078817733990147,0.99707804690503654,0.99876970396001541,0.74502114571318723,1
F3 m=1 r=10%,surface_wape,60,19,285,3,15–20%,45,609,0.073891625615763554,0.37274220032840721,0.9831603229527105,0.61737793156478282,0.35040369088811996,1
F3 m=1 r=10%,surface_wape,60,19,285,4,≥20%,225,609,0.36945812807881773,0.44663382594417078,0.73933102652825844,0.088581314878892731,0.15086505190311419,1
F3 m=1 r=10%,surface_wape,60,19,285,5,not lit,112,609,0.18390804597701149,0.81609195402298851,0.55000000000000004,0.55000000000000004,0.55000000000000004,1
F3 m=1 r=10%,surface_wape,60,20,300,0,0–5%,227,1781,0.12745648512071869,0,0.047981545559400242,0.49642445213379471,0.26182237600922725,1
F3 m=1 r=10%,surface_wape,60,20,300,1,5–10%,230,1781,0.12914093206064009,0.12745648512071869,0.5870049980776626,0.82299115724721261,0.40868896578239144,1
F3 m=1 r=10%,surface_wape,60,20,300,2,10–15%,135,1781,0.075800112296462663,0.25659741718135876,0.99707804690503654,0.99876970396001541,0.74502114571318723,1
F3 m=1 r=10%,surface_wape,60,20,300,3,15–20%,90,1781,0.050533408197641773,0.33239752947782142,0.9831603229527105,0.61737793156478282,0.35040369088811996,1
F3 m=1 r=10%,surface_wape,60,20,300,4,≥20%,510,1781,0.28635597978663674,0.38293093767546321,0.73933102652825844,0.088581314878892731,0.15086505190311419,1
F3 m=1 r=10%,surface_wape,60,20,300,5,not lit,589,1781,0.33071308253790005,0.6692869174620999,0.55000000000000004,0.55000000000000004,0.55000000000000004,1
F3 m=1 r=10%,surface_wape,60,21,315,0,0–5%,25,190,0.13157894736842105,0,0.047981545559400242,0.49642445213379471,0.26182237600922725,1
F3 m=1 r=10%,surface_wape,60,21,315,1,5–10%,18,190,0.094736842105263161,0.13157894736842105,0.5870049980776626,0.82299115724721261,0.40868896578239144,1
F3 m=1 r=10%,surface_wape,60,21,315,2,10–15%,15,190,0.078947368421052627,0.22631578947368419,0.99707804690503654,0.99876970396001541,0.74502114571318723,1
F3 m=1 r=10%,surface_wape,60,21,315,3,15–20%,12,190,0.063157894736842107,0.30526315789473679,0.9831603229527105,0.61737793156478282,0.35040369088811996,1
F3 m=1 r=10%,surface_wape,60,21,315,4,≥20%,82,190,0.43157894736842106,0.36842105263157887,0.73933102652825844,0.088581314878892731,0.15086505190311419,1
F3 m=1 r=10%,surface_wape,60,21,315,5,not lit,38,190,0.20000000000000001,0.79999999999999993,0.55000000000000004,0.55000000000000004,0.55000000000000004,1
F3 m=1 r=10%,surface_wape,60,22,330,0,0–5%,34,442,0.076923076923076927,0,0.047981545559400242,0.49642445213379471,0.26182237600922725,1
F3 m=1 r=10%,surface_wape,60,22,330,1,5–10%,21,442,0.047511312217194568,0.076923076923076927,0.5870049980776626,0.82299115724721261,0.40868896578239144,1
F3 m=1 r=10%,surface_wape,60,22,330,2,10–15%,30,442,0.067873303167420809,0.1244343891402715,0.99707804690503654,0.99876970396001541,0.74502114571318723,1
F3 m=1 r=10%,surface_wape,60,22,330,3,15–20%,21,442,0.047511312217194568,0.19230769230769229,0.9831603229527105,0.61737793156478282,0.35040369088811996,1
F3 m=1 r=10%,surface_wape,60,22,330,4,≥20%,210,442,0.47511312217194568,0.23981900452488686,0.73933102652825844,0.088581314878892731,0.15086505190311419,1
F3 m=1 r=10%,surface_wape,60,22,330,5,not lit,126,442,0.28506787330316741,0.71493212669683248,0.55000000000000004,0.55000000000000004,0.55000000000000004,1
F3 m=1 r=10%,surface_wape,60,23,345,0,0–5%,79,924,0.085497835497835503,0,0.047981545559400242,0.49642445213379471,0.26182237600922725,1
F3 m=1 r=10%,surface_wape,60,23,345,1,5–10%,57,924,0.061688311688311688,0.085497835497835503,0.5870049980776626,0.82299115724721261,0.40868896578239144,1
F3 m=1 r=10%,surface_wape,60,23,345,2,10–15%,56,924,0.060606060606060608,0.1471861471861472,0.99707804690503654,0.99876970396001541,0.74502114571318723,1
F3 m=1 r=10%,surface_wape,60,23,345,3,15–20%,43,924,0.046536796536796536,0.20779220779220781,0.9831603229527105,0.61737793156478282,0.35040369088811996,1
F3 m=1 r=10%,surface_wape,60,23,345,4,≥20%,397,924,0.42965367965367968,0.25432900432900435,0.73933102652825844,0.088581314878892731,0.15086505190311419,1
F3 m=1 r=10%,surface_wape,60,23,345,5,not lit,292,924,0.31601731601731603,0.68398268398268403,0.55000000000000004,0.55000000000000004,0.55000000000000004,1
